id,Region,Taxonomy,Dwellings,Buildings,Repl_cost_USD/bdg,Population
AREA # 02,CIUDAD AUTONOMA DE BUENOS AIRES,"CR/LDUAL/DUC/H:4,7",123451.4,8230.1,1200000.0,250456.5
AREA # 02,CIUDAD AUTONOMA DE BUENOS AIRES,"CR/LDUAL/DUC/H:8,19",83135.2,1732.0,3840000.0,168663.6
AREA # 02,CIUDAD AUTONOMA DE BUENOS AIRES,"CR/LFINF/DNO/H:1,3",259191.4,64797.8,252000.0,525844.0
AREA # 02,CIUDAD AUTONOMA DE BUENOS AIRES,"CR/LFINF/DUC/H:1,3",65928.5,16482.1,320000.0,133754.9
AREA # 02,CIUDAD AUTONOMA DE BUENOS AIRES,"CR/LFINF/DUC/H:4,7",51646.7,3443.1,1200000.0,104780.1
AREA # 02,CIUDAD AUTONOMA DE BUENOS AIRES,"CR/LFM/DNO/H:1,3",166737.3,41684.3,252000.0,338274.4
AREA # 02,CIUDAD AUTONOMA DE BUENOS AIRES,"CR/LFM/DUC/H:1,3",37994.7,9498.7,320000.0,77083.1
AREA # 02,CIUDAD AUTONOMA DE BUENOS AIRES,"CR/LFM/DUC/H:4,7",21409.4,1427.3,1200000.0,43435.1
AREA # 02,CIUDAD AUTONOMA DE BUENOS AIRES,"CR/LWAL/DNO/H:1,3",3253.1,813.3,252000.0,6599.8
AREA # 02,CIUDAD AUTONOMA DE BUENOS AIRES,"CR/LWAL/DNO/H:4,7",30237.2,2015.8,945000.0,61344.8
AREA # 02,CIUDAD AUTONOMA DE BUENOS AIRES,"CR/LWAL/DUC/H:4,7",30237.2,2015.8,1200000.0,61344.8
AREA # 02,CIUDAD AUTONOMA DE BUENOS AIRES,MCF/DNO/H:1,36827.1,36827.1,24000.0,74714.3
AREA # 02,CIUDAD AUTONOMA DE BUENOS AIRES,"MCF/DNO/H:1,3",128165.9,85443.9,84000.0,260021.3
AREA # 02,CIUDAD AUTONOMA DE BUENOS AIRES,"MCF/DUC/H:1,3",86734.5,21683.6,252000.0,175965.8
AREA # 02,CIUDAD AUTONOMA DE BUENOS AIRES,"MR/DNO/H:1,3",23411.4,4682.3,315000.0,47496.7
AREA # 02,CIUDAD AUTONOMA DE BUENOS AIRES,"MR/DUC/H:1,3",23411.4,4682.3,400000.0,47496.7
AREA # 02,CIUDAD AUTONOMA DE BUENOS AIRES,MUR+ADO/H:1,26.8,26.8,24000.0,54.4
AREA # 02,CIUDAD AUTONOMA DE BUENOS AIRES,"MUR+ADO/H:1,2",578.9,463.2,30000.0,1174.5
AREA # 02,CIUDAD AUTONOMA DE BUENOS AIRES,"MUR+STDRE/H:1,2",3444.6,2755.6,30000.0,6988.4
AREA # 02,CIUDAD AUTONOMA DE BUENOS AIRES,"MUR+STRUB/H:1,2",3464.3,2771.5,30000.0,7028.3
AREA # 02,CIUDAD AUTONOMA DE BUENOS AIRES,MUR/H:1,11742.5,11742.5,24000.0,23823.0
AREA # 02,CIUDAD AUTONOMA DE BUENOS AIRES,"MUR/H:1,3",217670.2,145113.5,36000.0,441606.4
AREA # 02,CIUDAD AUTONOMA DE BUENOS AIRES,UNK,8668.6,8668.6,24000.0,17586.7
AREA # 02,CIUDAD AUTONOMA DE BUENOS AIRES,"W+WHE/H:1,3",1329.9,886.6,94500.0,2698.1
AREA # 02,CIUDAD AUTONOMA DE BUENOS AIRES,W+WLI/H:1,2557.1,2557.1,63000.0,5187.8
AREA # 02,CIUDAD AUTONOMA DE BUENOS AIRES,"W+WLI/H:1,3",1022.6,681.7,94500.0,2074.6
AREA # 02,CIUDAD AUTONOMA DE BUENOS AIRES,W+WS/H:1,1793.4,1793.4,24000.0,3638.4
AREA # 02,CIUDAD AUTONOMA DE BUENOS AIRES,W+WWD/H:1,499.9,499.9,24000.0,1014.2
AREA # 06,BUENOS AIRES,"CR/LDUAL/DUC/H:4,7",74103.3,4940.2,1200000.0,218825.0
AREA # 06,BUENOS AIRES,"CR/LDUAL/DUC/H:8,19",49494.8,1031.1,3840000.0,146156.8
AREA # 06,BUENOS AIRES,"CR/LFINF/DNO/H:1,3",648588.2,162147.1,252000.0,1915262.9
AREA # 06,BUENOS AIRES,"CR/LFINF/DUC/H:1,3",171059.5,42764.9,320000.0,505134.0
AREA # 06,BUENOS AIRES,"CR/LFINF/DUC/H:4,7",30899.5,2060.0,1200000.0,91245.4
AREA # 06,BUENOS AIRES,"CR/LFM/DNO/H:1,3",233255.3,58313.8,252000.0,688796.4
AREA # 06,BUENOS AIRES,"CR/LFM/DUC/H:1,3",88268.6,22067.2,320000.0,260654.7
AREA # 06,BUENOS AIRES,"CR/LFM/DUC/H:4,7",12443.1,829.5,1200000.0,36744.1
AREA # 06,BUENOS AIRES,"CR/LWAL/DNO/H:1,3",34836.7,8709.2,252000.0,102871.8
AREA # 06,BUENOS AIRES,"CR/LWAL/DNO/H:4,7",18456.4,1230.4,945000.0,54501.2
AREA # 06,BUENOS AIRES,"CR/LWAL/DUC/H:4,7",18456.4,1230.4,1200000.0,54501.2
AREA # 06,BUENOS AIRES,MCF/DNO/H:1,550784.2999999999,550784.2999999999,24000.0,1621995.2
AREA # 06,BUENOS AIRES,"MCF/DNO/H:1,3",789826.9,526551.2000000001,84000.0,2275289.1
AREA # 06,BUENOS AIRES,"MCF/DUC/H:1,3",381567.3,95391.8,252000.0,1126757.6
AREA # 06,BUENOS AIRES,"MR/DNO/H:1,3",47141.0,9428.2,315000.0,139206.1
AREA # 06,BUENOS AIRES,"MR/DUC/H:1,3",47141.0,9428.2,400000.0,139206.1
AREA # 06,BUENOS AIRES,MUR+ADO/H:1,4146.5,4146.5,24000.0,9768.8
AREA # 06,BUENOS AIRES,"MUR+ADO/H:1,2",12933.900000000001,10347.1,30000.0,32282.5
AREA # 06,BUENOS AIRES,"MUR+STDRE/H:1,2",55703.700000000004,44562.9,30000.0,143545.3
AREA # 06,BUENOS AIRES,"MUR+STRUB/H:1,2",56242.6,44994.1,30000.0,145042.0
AREA # 06,BUENOS AIRES,MUR/H:1,501663.39999999997,501663.39999999997,24000.0,1446933.8
AREA # 06,BUENOS AIRES,"MUR/H:1,3",1253770.4,835846.9,36000.0,3606290.0
AREA # 06,BUENOS AIRES,UNK,71674.79999999999,71674.79999999999,24000.0,205152.0
AREA # 06,BUENOS AIRES,"W+WHE/H:1,3",23563.6,15709.1,94500.0,68886.90000000001
AREA # 06,BUENOS AIRES,W+WLI/H:1,91404.0,91404.0,63000.0,268023.5
AREA # 06,BUENOS AIRES,"W+WLI/H:1,3",8396.2,5597.5,94500.0,24518.7
AREA # 06,BUENOS AIRES,W+WS/H:1,78726.4,78726.4,24000.0,229287.5
AREA # 06,BUENOS AIRES,W+WWD/H:1,23817.0,23817.0,24000.0,68205.2
AREA # 10,CATAMARCA,"CR/LDUAL/DUC/H:4,7",296.3,19.8,1200000.0,1024.8
AREA # 10,CATAMARCA,"CR/LDUAL/DUC/H:8,19",199.3,4.2,3840000.0,689.3
AREA # 10,CATAMARCA,"CR/LFINF/DNO/H:1,3",8963.5,2240.9,252000.0,31002.4
AREA # 10,CATAMARCA,"CR/LFINF/DUC/H:1,3",2390.1,597.5,320000.0,8266.7
AREA # 10,CATAMARCA,"CR/LFINF/DUC/H:4,7",123.8,8.3,1200000.0,428.2
AREA # 10,CATAMARCA,"CR/LFM/DNO/H:1,3",2670.5,667.6,252000.0,9236.6
AREA # 10,CATAMARCA,"CR/LFM/DUC/H:1,3",1188.2,297.1,320000.0,4109.7
AREA # 10,CATAMARCA,"CR/LFM/DUC/H:4,7",51.1,3.4,1200000.0,176.7
AREA # 10,CATAMARCA,"CR/LWAL/DNO/H:1,3",556.5,139.1,252000.0,1924.8
AREA # 10,CATAMARCA,"CR/LWAL/DNO/H:4,7",72.9,4.9,945000.0,252.1
AREA # 10,CATAMARCA,"CR/LWAL/DUC/H:4,7",72.9,4.9,1200000.0,252.1
AREA # 10,CATAMARCA,MCF/DNO/H:1,9862.3,9862.3,24000.0,33316.1
AREA # 10,CATAMARCA,"MCF/DNO/H:1,3",14253.5,9502.3,84000.0,47019.1
AREA # 10,CATAMARCA,"MCF/DUC/H:1,3",5807.0,1451.8,252000.0,20084.9
AREA # 10,CATAMARCA,"MR/DNO/H:1,3",605.0,121.0,315000.0,2092.5
AREA # 10,CATAMARCA,"MR/DUC/H:1,3",605.0,121.0,400000.0,2092.5
AREA # 10,CATAMARCA,MUR+ADO/H:1,7567.1,7567.1,24000.0,21665.1
AREA # 10,CATAMARCA,"MUR+ADO/H:1,2",12924.2,10339.400000000001,30000.0,40138.100000000006
AREA # 10,CATAMARCA,"MUR+STDRE/H:1,2",2037.9,1630.3,30000.0,5962.5
AREA # 10,CATAMARCA,"MUR+STRUB/H:1,2",2184.4,1747.5,30000.0,6380.299999999999
AREA # 10,CATAMARCA,MUR/H:1,16568.9,16568.9,24000.0,51228.8
AREA # 10,CATAMARCA,"MUR/H:1,3",22308.9,14872.6,36000.0,73289.7
AREA # 10,CATAMARCA,UNK,1246.4,1246.4,24000.0,3808.5
AREA # 10,CATAMARCA,"W+WHE/H:1,3",101.4,67.6,94500.0,315.7
AREA # 10,CATAMARCA,W+WLI/H:1,327.6,327.6,63000.0,1047.3
AREA # 10,CATAMARCA,"W+WLI/H:1,3",58.3,38.9,94500.0,179.60000000000002
AREA # 10,CATAMARCA,W+WS/H:1,415.79999999999995,415.79999999999995,24000.0,1247.4
AREA # 10,CATAMARCA,W+WWD/H:1,202.10000000000002,202.10000000000002,24000.0,596.3
AREA # 14,CORDOBA,"CR/LDUAL/DUC/H:4,7",15713.4,1047.6,1200000.0,42969.8
AREA # 14,CORDOBA,"CR/LDUAL/DUC/H:8,19",10521.8,219.2,3840000.0,28772.9
AREA # 14,CORDOBA,"CR/LFINF/DNO/H:1,3",150847.3,37711.8,252000.0,412506.3
AREA # 14,CORDOBA,"CR/LFINF/DUC/H:1,3",39854.5,9963.6,320000.0,108985.9
AREA # 14,CORDOBA,"CR/LFINF/DUC/H:4,7",6558.7,437.2,1200000.0,17935.4
AREA # 14,CORDOBA,"CR/LFM/DNO/H:1,3",53093.3,13273.3,252000.0,145188.7
AREA # 14,CORDOBA,"CR/LFM/DUC/H:1,3",20446.3,5111.6,320000.0,55912.3
AREA # 14,CORDOBA,"CR/LFM/DUC/H:4,7",2665.2,177.7,1200000.0,7288.2
AREA # 14,CORDOBA,"CR/LWAL/DNO/H:1,3",8241.6,2060.4,252000.0,22537.4
AREA # 14,CORDOBA,"CR/LWAL/DNO/H:4,7",3893.7,259.6,945000.0,10647.7
AREA # 14,CORDOBA,"CR/LWAL/DUC/H:4,7",3893.7,259.6,1200000.0,10647.7
AREA # 14,CORDOBA,MCF/DNO/H:1,115127.5,115127.5,24000.0,312985.0
AREA # 14,CORDOBA,"MCF/DNO/H:1,3",202806.0,135204.0,84000.0,542878.7
AREA # 14,CORDOBA,"MCF/DUC/H:1,3",89893.3,22473.3,252000.0,245821.8
AREA # 14,CORDOBA,"MR/DNO/H:1,3",10837.4,2167.5,315000.0,29635.9
AREA # 14,CORDOBA,"MR/DUC/H:1,3",10837.4,2167.5,400000.0,29635.9
AREA # 14,CORDOBA,MUR+ADO/H:1,4606.9,4606.9,24000.0,11060.1
AREA # 14,CORDOBA,"MUR+ADO/H:1,2",5359.200000000001,4287.3,30000.0,13341.8
AREA # 14,CORDOBA,"MUR+STDRE/H:1,2",20479.9,16383.9,30000.0,51272.8
AREA # 14,CORDOBA,"MUR+STRUB/H:1,2",20807.7,16646.2,30000.0,52108.2
AREA # 14,CORDOBA,MUR/H:1,104305.5,104305.5,24000.0,271032.8
AREA # 14,CORDOBA,"MUR/H:1,3",319189.80000000005,212793.3,36000.0,853111.8
AREA # 14,CORDOBA,UNK,7979.6,7979.6,24000.0,20787.6
AREA # 14,CORDOBA,"W+WHE/H:1,3",682.1,454.7,94500.0,1828.8999999999999
AREA # 14,CORDOBA,W+WLI/H:1,1749.1999999999998,1749.1999999999998,63000.0,4673.1
AREA # 14,CORDOBA,"W+WLI/H:1,3",518.9,345.9,94500.0,1398.5
AREA # 14,CORDOBA,W+WS/H:1,1044.1,1044.1,24000.0,2705.6
AREA # 14,CORDOBA,W+WWD/H:1,478.20000000000005,478.20000000000005,24000.0,1205.1999999999998
AREA # 18,CORRIENTES,"CR/LDUAL/DUC/H:4,7",1578.8,105.3,1200000.0,5428.1
AREA # 18,CORRIENTES,"CR/LDUAL/DUC/H:8,19",1067.7,22.2,3840000.0,3670.9
AREA # 18,CORRIENTES,"CR/LFINF/DNO/H:1,3",26514.0,6628.5,252000.0,91158.1
AREA # 18,CORRIENTES,"CR/LFINF/DUC/H:1,3",7053.0,1763.3,320000.0,24249.0
AREA # 18,CORRIENTES,"CR/LFINF/DUC/H:4,7",661.6,44.1,1200000.0,2274.7
AREA # 18,CORRIENTES,"CR/LFM/DNO/H:1,3",8440.9,2110.2,252000.0,29020.8
AREA # 18,CORRIENTES,"CR/LFM/DUC/H:1,3",3535.1,883.8,320000.0,12154.1
AREA # 18,CORRIENTES,"CR/LFM/DUC/H:4,7",278.4,18.6,1200000.0,957.2
AREA # 18,CORRIENTES,"CR/LWAL/DNO/H:1,3",1564.6,391.1,252000.0,5379.3
AREA # 18,CORRIENTES,"CR/LWAL/DNO/H:4,7",383.2,25.5,945000.0,1317.5
AREA # 18,CORRIENTES,"CR/LWAL/DUC/H:4,7",383.2,25.5,1200000.0,1317.5
AREA # 18,CORRIENTES,MCF/DNO/H:1,29954.2,29954.2,24000.0,102406.0
AREA # 18,CORRIENTES,"MCF/DNO/H:1,3",35826.0,23884.0,84000.0,122336.5
AREA # 18,CORRIENTES,"MCF/DUC/H:1,3",16683.9,4171.0,252000.0,57361.1
AREA # 18,CORRIENTES,"MR/DNO/H:1,3",1819.9,364.0,315000.0,6257.0
AREA # 18,CORRIENTES,"MR/DUC/H:1,3",1819.9,364.0,400000.0,6257.0
AREA # 18,CORRIENTES,MUR+ADO/H:1,10791.3,10791.3,24000.0,34947.9
AREA # 18,CORRIENTES,"MUR+ADO/H:1,2",1727.3000000000002,1381.7,30000.0,5719.299999999999
AREA # 18,CORRIENTES,"MUR+STDRE/H:1,2",3922.1,3137.7,30000.0,12954.5
AREA # 18,CORRIENTES,"MUR+STRUB/H:1,2",4184.0,3347.2,30000.0,13824.3
AREA # 18,CORRIENTES,MUR/H:1,48366.1,48366.1,24000.0,161909.4
AREA # 18,CORRIENTES,"MUR/H:1,3",56446.2,37630.8,36000.0,192628.19999999998
AREA # 18,CORRIENTES,UNK,9557.9,9557.9,24000.0,31554.3
AREA # 18,CORRIENTES,"W+WHE/H:1,3",1002.3,668.1999999999999,94500.0,3394.5
AREA # 18,CORRIENTES,W+WLI/H:1,6574.900000000001,6574.900000000001,63000.0,22214.0
AREA # 18,CORRIENTES,"W+WLI/H:1,3",344.3,229.60000000000002,94500.0,1175.8
AREA # 18,CORRIENTES,W+WS/H:1,8160.6,8160.6,24000.0,27325.5
AREA # 18,CORRIENTES,W+WWD/H:1,4044.6,4044.6,24000.0,13402.7
AREA # 22,CHACO,"CR/LDUAL/DUC/H:4,7",1344.8,89.7,1200000.0,4533.5
AREA # 22,CHACO,"CR/LDUAL/DUC/H:8,19",901.9,18.8,3840000.0,3040.4
AREA # 22,CHACO,"CR/LFINF/DNO/H:1,3",23861.0,5965.2,252000.0,80438.8
AREA # 22,CHACO,"CR/LFINF/DUC/H:1,3",6345.2,1586.3,320000.0,21390.6
AREA # 22,CHACO,"CR/LFINF/DUC/H:4,7",561.7,37.4,1200000.0,1893.6
AREA # 22,CHACO,"CR/LFM/DNO/H:1,3",7543.6,1885.9,252000.0,25430.5
AREA # 22,CHACO,"CR/LFM/DUC/H:1,3",3182.6,795.6,320000.0,10729.0
AREA # 22,CHACO,"CR/LFM/DUC/H:4,7",229.5,15.3,1200000.0,773.7
AREA # 22,CHACO,"CR/LWAL/DNO/H:1,3",1421.2,355.3,252000.0,4791.1
AREA # 22,CHACO,"CR/LWAL/DNO/H:4,7",332.2,22.1,945000.0,1119.9
AREA # 22,CHACO,"CR/LWAL/DUC/H:4,7",332.2,22.1,1200000.0,1119.9
AREA # 22,CHACO,MCF/DNO/H:1,41876.4,41876.4,24000.0,141241.8
AREA # 22,CHACO,"MCF/DNO/H:1,3",31474.3,20982.9,84000.0,106151.29999999999
AREA # 22,CHACO,"MCF/DUC/H:1,3",15062.0,3765.5,252000.0,50776.1
AREA # 22,CHACO,"MR/DNO/H:1,3",1642.7,328.5,315000.0,5537.8
AREA # 22,CHACO,"MR/DUC/H:1,3",1642.7,328.5,400000.0,5537.8
AREA # 22,CHACO,MUR+ADO/H:1,9484.2,9484.2,24000.0,32155.699999999997
AREA # 22,CHACO,"MUR+ADO/H:1,2",783.5,626.9000000000001,30000.0,2649.7
AREA # 22,CHACO,"MUR+STDRE/H:1,2",3926.0,3140.8,30000.0,13280.8
AREA # 22,CHACO,"MUR+STRUB/H:1,2",4385.3,3508.2,30000.0,14834.5
AREA # 22,CHACO,MUR/H:1,86758.09999999999,86758.09999999999,24000.0,293009.0
AREA # 22,CHACO,"MUR/H:1,3",50159.2,33439.5,36000.0,169176.69999999998
AREA # 22,CHACO,UNK,12145.2,12145.2,24000.0,41099.100000000006
AREA # 22,CHACO,"W+WHE/H:1,3",241.7,161.1,94500.0,815.9
AREA # 22,CHACO,W+WLI/H:1,2459.9,2459.9,63000.0,8306.5
AREA # 22,CHACO,"W+WLI/H:1,3",117.5,78.39999999999999,94500.0,396.2
AREA # 22,CHACO,W+WS/H:1,2524.9,2524.9,24000.0,8532.9
AREA # 22,CHACO,W+WWD/H:1,1919.6,1919.6,24000.0,6496.3
AREA # 26,CHUBUT,"CR/LDUAL/DUC/H:4,7",2284.7,152.3,1200000.0,6688.7
AREA # 26,CHUBUT,"CR/LDUAL/DUC/H:8,19",1524.6,31.8,3840000.0,4463.4
AREA # 26,CHUBUT,"CR/LFINF/DNO/H:1,3",20131.2,5032.8,252000.0,58936.2
AREA # 26,CHUBUT,"CR/LFINF/DUC/H:1,3",5316.2,1329.1,320000.0,15563.7
AREA # 26,CHUBUT,"CR/LFINF/DUC/H:4,7",952.3,63.5,1200000.0,2788.0
AREA # 26,CHUBUT,"CR/LFM/DNO/H:1,3",7271.5,1817.9,252000.0,21288.1
AREA # 26,CHUBUT,"CR/LFM/DUC/H:1,3",2725.7,681.4,320000.0,7979.8
AREA # 26,CHUBUT,"CR/LFM/DUC/H:4,7",382.2,25.5,1200000.0,1118.9
AREA # 26,CHUBUT,"CR/LWAL/DNO/H:1,3",1076.7,269.2,252000.0,3152.2
AREA # 26,CHUBUT,"CR/LWAL/DNO/H:4,7",570.0,38.0,945000.0,1668.7
AREA # 26,CHUBUT,"CR/LWAL/DUC/H:4,7",570.0,38.0,1200000.0,1668.7
AREA # 26,CHUBUT,MCF/DNO/H:1,14983.9,14983.9,24000.0,43600.3
AREA # 26,CHUBUT,"MCF/DNO/H:1,3",25648.600000000002,17099.1,84000.0,73426.5
AREA # 26,CHUBUT,"MCF/DUC/H:1,3",11888.5,2972.1,252000.0,34804.8
AREA # 26,CHUBUT,"MR/DNO/H:1,3",1456.8,291.4,315000.0,4264.9
AREA # 26,CHUBUT,"MR/DUC/H:1,3",1456.8,291.4,400000.0,4264.9
AREA # 26,CHUBUT,MUR+ADO/H:1,1219.8,1219.8,24000.0,2887.2
AREA # 26,CHUBUT,"MUR+ADO/H:1,2",2821.1,2256.7999999999997,30000.0,6723.299999999999
AREA # 26,CHUBUT,"MUR+STDRE/H:1,2",2317.6000000000004,1854.1,30000.0,6114.200000000001
AREA # 26,CHUBUT,"MUR+STRUB/H:1,2",2333.1000000000004,1866.5,30000.0,6155.9
AREA # 26,CHUBUT,MUR/H:1,13799.0,13799.0,24000.0,38336.3
AREA # 26,CHUBUT,"MUR/H:1,3",39809.0,26539.3,36000.0,113720.6
AREA # 26,CHUBUT,UNK,6592.8,6592.8,24000.0,18958.7
AREA # 26,CHUBUT,"W+WHE/H:1,3",1450.8,967.2,94500.0,4093.6
AREA # 26,CHUBUT,W+WLI/H:1,5347.099999999999,5347.099999999999,63000.0,15463.3
AREA # 26,CHUBUT,"W+WLI/H:1,3",1135.3999999999999,756.9000000000001,94500.0,3242.1
AREA # 26,CHUBUT,W+WS/H:1,2145.5,2145.5,24000.0,5660.0
AREA # 26,CHUBUT,W+WWD/H:1,823.1,823.1,24000.0,2074.9
AREA # 30,ENTRE RIOS,"CR/LDUAL/DUC/H:4,7",3198.3,213.2,1200000.0,9516.0
AREA # 30,ENTRE RIOS,"CR/LDUAL/DUC/H:8,19",2137.8,44.5,3840000.0,6360.7
AREA # 30,ENTRE RIOS,"CR/LFINF/DNO/H:1,3",46159.6,11539.9,252000.0,137340.6
AREA # 30,ENTRE RIOS,"CR/LFINF/DUC/H:1,3",12232.2,3058.0,320000.0,36395.0
AREA # 30,ENTRE RIOS,"CR/LFINF/DUC/H:4,7",1333.9,88.9,1200000.0,3968.8
AREA # 30,ENTRE RIOS,"CR/LFM/DNO/H:1,3",14934.4,3733.6,252000.0,44435.0
AREA # 30,ENTRE RIOS,"CR/LFM/DUC/H:1,3",6223.1,1555.8,320000.0,18515.9
AREA # 30,ENTRE RIOS,"CR/LFM/DUC/H:4,7",538.7,35.9,1200000.0,1602.8
AREA # 30,ENTRE RIOS,"CR/LWAL/DNO/H:1,3",2709.6,677.4,252000.0,8062.0
AREA # 30,ENTRE RIOS,"CR/LWAL/DNO/H:4,7",795.4,53.0,945000.0,2366.6
AREA # 30,ENTRE RIOS,"CR/LWAL/DUC/H:4,7",795.4,53.0,1200000.0,2366.6
AREA # 30,ENTRE RIOS,MCF/DNO/H:1,40958.0,40958.0,24000.0,120933.1
AREA # 30,ENTRE RIOS,"MCF/DNO/H:1,3",67856.9,45238.0,84000.0,196683.19999999998
AREA # 30,ENTRE RIOS,"MCF/DUC/H:1,3",28600.9,7150.2,252000.0,85097.5
AREA # 30,ENTRE RIOS,"MR/DNO/H:1,3",3239.9,648.0,315000.0,9639.8
AREA # 30,ENTRE RIOS,"MR/DUC/H:1,3",3239.9,648.0,400000.0,9639.8
AREA # 30,ENTRE RIOS,MUR+ADO/H:1,2297.2,2297.2,24000.0,5991.5
AREA # 30,ENTRE RIOS,"MUR+ADO/H:1,2",1097.5,878.0,30000.0,2989.3
AREA # 30,ENTRE RIOS,"MUR+STDRE/H:1,2",7810.3,6248.200000000001,30000.0,21087.4
AREA # 30,ENTRE RIOS,"MUR+STRUB/H:1,2",7976.3,6381.1,30000.0,21543.0
AREA # 30,ENTRE RIOS,MUR/H:1,45536.7,45536.7,24000.0,128291.9
AREA # 30,ENTRE RIOS,"MUR/H:1,3",106340.0,70893.3,36000.0,307614.0
AREA # 30,ENTRE RIOS,UNK,5970.4,5970.4,24000.0,16591.5
AREA # 30,ENTRE RIOS,"W+WHE/H:1,3",1219.1,812.8000000000001,94500.0,3501.2
AREA # 30,ENTRE RIOS,W+WLI/H:1,4647.2,4647.2,63000.0,13504.6
AREA # 30,ENTRE RIOS,"W+WLI/H:1,3",471.6,314.4,94500.0,1362.7
AREA # 30,ENTRE RIOS,W+WS/H:1,5072.3,5072.3,24000.0,14378.8
AREA # 30,ENTRE RIOS,W+WWD/H:1,2260.3,2260.3,24000.0,6214.8
AREA # 34,FORMOSA,"CR/LDUAL/DUC/H:4,7",487.8,32.5,1200000.0,1694.6
AREA # 34,FORMOSA,"CR/LDUAL/DUC/H:8,19",327.6,6.8,3840000.0,1138.1
AREA # 34,FORMOSA,"CR/LFINF/DNO/H:1,3",9896.1,2474.0,252000.0,34378.9
AREA # 34,FORMOSA,"CR/LFINF/DUC/H:1,3",2641.9,660.5,320000.0,9177.9
AREA # 34,FORMOSA,"CR/LFINF/DUC/H:4,7",203.9,13.6,1200000.0,708.3
AREA # 34,FORMOSA,"CR/LFM/DNO/H:1,3",3120.9,780.2,252000.0,10842.0
AREA # 34,FORMOSA,"CR/LFM/DUC/H:1,3",1301.7,325.4,320000.0,4522.1
AREA # 34,FORMOSA,"CR/LFM/DUC/H:4,7",83.7,5.6,1200000.0,290.8
AREA # 34,FORMOSA,"CR/LWAL/DNO/H:1,3",588.9,147.2,252000.0,2045.8
AREA # 34,FORMOSA,"CR/LWAL/DNO/H:4,7",120.2,8.0,945000.0,417.6
AREA # 34,FORMOSA,"CR/LWAL/DUC/H:4,7",120.2,8.0,1200000.0,417.6
AREA # 34,FORMOSA,MCF/DNO/H:1,19396.0,19396.0,24000.0,67101.3
AREA # 34,FORMOSA,"MCF/DNO/H:1,3",12962.3,8641.5,84000.0,44886.6
AREA # 34,FORMOSA,"MCF/DUC/H:1,3",6336.3,1584.1,252000.0,22012.2
AREA # 34,FORMOSA,"MR/DNO/H:1,3",669.0,133.8,315000.0,2324.1
AREA # 34,FORMOSA,"MR/DUC/H:1,3",669.0,133.8,400000.0,2324.1
AREA # 34,FORMOSA,MUR+ADO/H:1,6095.900000000001,6095.900000000001,24000.0,20243.7
AREA # 34,FORMOSA,"MUR+ADO/H:1,2",387.5,310.0,30000.0,1311.4
AREA # 34,FORMOSA,"MUR+STDRE/H:1,2",1781.6,1425.3,30000.0,6022.8
AREA # 34,FORMOSA,"MUR+STRUB/H:1,2",1958.2,1566.5,30000.0,6619.8
AREA # 34,FORMOSA,MUR/H:1,42086.7,42086.7,24000.0,144167.3
AREA # 34,FORMOSA,"MUR/H:1,3",20404.7,13603.2,36000.0,70631.4
AREA # 34,FORMOSA,UNK,14287.4,14287.4,24000.0,48022.1
AREA # 34,FORMOSA,"W+WHE/H:1,3",99.0,66.0,94500.0,339.9
AREA # 34,FORMOSA,W+WLI/H:1,2389.5,2389.5,63000.0,8091.799999999999
AREA # 34,FORMOSA,"W+WLI/H:1,3",22.6,15.1,94500.0,78.2
AREA # 34,FORMOSA,W+WS/H:1,3299.8999999999996,3299.8999999999996,24000.0,11119.9
AREA # 34,FORMOSA,W+WWD/H:1,2746.3,2746.3,24000.0,9231.599999999999
AREA # 38,JUJUY,"CR/LDUAL/DUC/H:4,7",1119.2,74.6,1200000.0,4130.9
AREA # 38,JUJUY,"CR/LDUAL/DUC/H:8,19",749.0,15.6,3840000.0,2764.5
AREA # 38,JUJUY,"CR/LFINF/DNO/H:1,3",15895.8,3974.0,252000.0,58670.8
AREA # 38,JUJUY,"CR/LFINF/DUC/H:1,3",4247.0,1061.8,320000.0,15675.5
AREA # 38,JUJUY,"CR/LFINF/DUC/H:4,7",467.0,31.1,1200000.0,1723.7
AREA # 38,JUJUY,"CR/LFM/DNO/H:1,3",5364.1,1341.0,252000.0,19798.7
AREA # 38,JUJUY,"CR/LFM/DUC/H:1,3",2073.8,518.5,320000.0,7654.3
AREA # 38,JUJUY,"CR/LFM/DUC/H:4,7",189.4,12.6,1200000.0,699.1
AREA # 38,JUJUY,"CR/LWAL/DNO/H:1,3",896.0,224.0,252000.0,3307.1
AREA # 38,JUJUY,"CR/LWAL/DNO/H:4,7",277.6,18.5,945000.0,1024.6
AREA # 38,JUJUY,"CR/LWAL/DUC/H:4,7",277.6,18.5,1200000.0,1024.6
AREA # 38,JUJUY,MCF/DNO/H:1,17944.399999999998,17944.399999999998,24000.0,65167.4
AREA # 38,JUJUY,"MCF/DNO/H:1,3",21076.9,14051.199999999999,84000.0,75247.90000000001
AREA # 38,JUJUY,"MCF/DUC/H:1,3",10010.8,2502.7,252000.0,36949.5
AREA # 38,JUJUY,"MR/DNO/H:1,3",1081.0,216.2,315000.0,3989.9
AREA # 38,JUJUY,"MR/DUC/H:1,3",1081.0,216.2,400000.0,3989.9
AREA # 38,JUJUY,MUR+ADO/H:1,15108.8,15108.8,24000.0,39551.7
AREA # 38,JUJUY,"MUR+ADO/H:1,2",15685.5,12548.3,30000.0,49841.4
AREA # 38,JUJUY,"MUR+STDRE/H:1,2",2236.8,1789.5,30000.0,7030.7
AREA # 38,JUJUY,"MUR+STRUB/H:1,2",2606.6000000000004,2085.3,30000.0,8218.3
AREA # 38,JUJUY,MUR/H:1,31086.6,31086.6,24000.0,105541.5
AREA # 38,JUJUY,"MUR/H:1,3",35686.9,23791.300000000003,36000.0,125982.09999999999
AREA # 38,JUJUY,UNK,4219.5,4219.5,24000.0,13675.099999999999
AREA # 38,JUJUY,"W+WHE/H:1,3",305.0,203.3,94500.0,1064.7
AREA # 38,JUJUY,W+WLI/H:1,2102.8,2102.8,63000.0,7194.3
AREA # 38,JUJUY,"W+WLI/H:1,3",147.29999999999998,98.2,94500.0,532.9
AREA # 38,JUJUY,W+WS/H:1,2687.0,2687.0,24000.0,8896.1
AREA # 38,JUJUY,W+WWD/H:1,1235.6,1235.6,24000.0,3959.7
AREA # 42,LA PAMPA,"CR/LDUAL/DUC/H:4,7",742.1,49.5,1200000.0,1868.8
AREA # 42,LA PAMPA,"CR/LDUAL/DUC/H:8,19",495.3,10.3,3840000.0,1247.3
AREA # 42,LA PAMPA,"CR/LFINF/DNO/H:1,3",14959.8,3739.9,252000.0,37672.8
AREA # 42,LA PAMPA,"CR/LFINF/DUC/H:1,3",3974.9,993.7,320000.0,10009.9
AREA # 42,LA PAMPA,"CR/LFINF/DUC/H:4,7",309.3,20.6,1200000.0,778.9
AREA # 42,LA PAMPA,"CR/LFM/DNO/H:1,3",4622.0,1155.5,252000.0,11639.4
AREA # 42,LA PAMPA,"CR/LFM/DUC/H:1,3",2003.1,500.8,320000.0,5044.3
AREA # 42,LA PAMPA,"CR/LFM/DUC/H:4,7",124.3,8.3,1200000.0,313.0
AREA # 42,LA PAMPA,"CR/LWAL/DNO/H:1,3",908.6,227.1,252000.0,2288.1
AREA # 42,LA PAMPA,"CR/LWAL/DNO/H:4,7",185.1,12.3,945000.0,466.1
AREA # 42,LA PAMPA,"CR/LWAL/DUC/H:4,7",185.1,12.3,1200000.0,466.1
AREA # 42,LA PAMPA,MCF/DNO/H:1,11015.699999999999,11015.699999999999,24000.0,27541.9
AREA # 42,LA PAMPA,"MCF/DNO/H:1,3",24911.699999999997,16607.8,84000.0,58897.8
AREA # 42,LA PAMPA,"MCF/DUC/H:1,3",9488.1,2372.0,252000.0,23893.6
AREA # 42,LA PAMPA,"MR/DNO/H:1,3",1031.9,206.4,315000.0,2598.6
AREA # 42,LA PAMPA,"MR/DUC/H:1,3",1031.9,206.4,400000.0,2598.6
AREA # 42,LA PAMPA,MUR+ADO/H:1,433.70000000000005,433.70000000000005,24000.0,882.4
AREA # 42,LA PAMPA,"MUR+ADO/H:1,2",2600.0,2080.0,30000.0,5562.5
AREA # 42,LA PAMPA,"MUR+STDRE/H:1,2",3196.1,2556.9,30000.0,6681.7
AREA # 42,LA PAMPA,"MUR+STRUB/H:1,2",3213.8,2571.0,30000.0,6721.700000000001
AREA # 42,LA PAMPA,MUR/H:1,6633.599999999999,6633.599999999999,24000.0,15188.3
AREA # 42,LA PAMPA,"MUR/H:1,3",38927.3,25951.5,36000.0,91604.8
AREA # 42,LA PAMPA,UNK,1637.7,1637.7,24000.0,3712.7000000000003
AREA # 42,LA PAMPA,"W+WHE/H:1,3",37.4,25.0,94500.0,86.0
AREA # 42,LA PAMPA,W+WLI/H:1,331.6,331.6,63000.0,767.3
AREA # 42,LA PAMPA,"W+WLI/H:1,3",28.0,18.7,94500.0,65.6
AREA # 42,LA PAMPA,W+WS/H:1,87.8,87.8,24000.0,185.7
AREA # 42,LA PAMPA,W+WWD/H:1,80.1,80.1,24000.0,166.9
AREA # 46,LA RIOJA,"CR/LDUAL/DUC/H:4,7",332.1,22.1,1200000.0,1058.5
AREA # 46,LA RIOJA,"CR/LDUAL/DUC/H:8,19",223.4,4.7,3840000.0,712.0
AREA # 46,LA RIOJA,"CR/LFINF/DNO/H:1,3",10138.4,2534.6,252000.0,32312.7
AREA # 46,LA RIOJA,"CR/LFINF/DUC/H:1,3",2703.5,675.9,320000.0,8616.5
AREA # 46,LA RIOJA,"CR/LFINF/DUC/H:4,7",139.0,9.3,1200000.0,443.0
AREA # 46,LA RIOJA,"CR/LFM/DNO/H:1,3",3017.8,754.5,252000.0,9618.2
AREA # 46,LA RIOJA,"CR/LFM/DUC/H:1,3",1344.0,336.0,320000.0,4283.5
AREA # 46,LA RIOJA,"CR/LFM/DUC/H:4,7",57.4,3.8,1200000.0,182.9
AREA # 46,LA RIOJA,"CR/LWAL/DNO/H:1,3",629.7,157.4,252000.0,2007.0
AREA # 46,LA RIOJA,"CR/LWAL/DNO/H:4,7",81.5,5.4,945000.0,259.8
AREA # 46,LA RIOJA,"CR/LWAL/DUC/H:4,7",81.5,5.4,1200000.0,259.8
AREA # 46,LA RIOJA,MCF/DNO/H:1,11068.9,11068.9,24000.0,34757.0
AREA # 46,LA RIOJA,"MCF/DNO/H:1,3",14874.5,9916.3,84000.0,46019.4
AREA # 46,LA RIOJA,"MCF/DUC/H:1,3",6570.0,1642.5,252000.0,20939.6
AREA # 46,LA RIOJA,"MR/DNO/H:1,3",684.1,136.8,315000.0,2180.3
AREA # 46,LA RIOJA,"MR/DUC/H:1,3",684.1,136.8,400000.0,2180.3
AREA # 46,LA RIOJA,MUR+ADO/H:1,4040.2,4040.2,24000.0,10829.0
AREA # 46,LA RIOJA,"MUR+ADO/H:1,2",6219.3,4975.4,30000.0,18063.0
AREA # 46,LA RIOJA,"MUR+STDRE/H:1,2",1680.1,1344.1,30000.0,4679.5
AREA # 46,LA RIOJA,"MUR+STRUB/H:1,2",1776.5,1421.1999999999998,30000.0,4950.4
AREA # 46,LA RIOJA,MUR/H:1,16084.0,16084.0,24000.0,47421.2
AREA # 46,LA RIOJA,"MUR/H:1,3",23784.5,15856.3,36000.0,73414.7
AREA # 46,LA RIOJA,UNK,1615.5,1615.5,24000.0,4918.1
AREA # 46,LA RIOJA,"W+WHE/H:1,3",122.30000000000001,81.5,94500.0,383.5
AREA # 46,LA RIOJA,W+WLI/H:1,512.6,512.6,63000.0,1599.6
AREA # 46,LA RIOJA,"W+WLI/H:1,3",93.10000000000001,62.099999999999994,94500.0,293.6
AREA # 46,LA RIOJA,W+WS/H:1,264.1,264.1,24000.0,786.0
AREA # 46,LA RIOJA,W+WWD/H:1,160.2,160.2,24000.0,472.9
AREA # 50,MENDOZA,"CR/LDUAL/DUC/H:4,7",5236.1,349.1,1200000.0,16880.6
AREA # 50,MENDOZA,"CR/LDUAL/DUC/H:8,19",3497.5,72.9,3840000.0,11275.5
AREA # 50,MENDOZA,"CR/LFINF/DNO/H:1,3",53741.2,13435.3,252000.0,173255.6
AREA # 50,MENDOZA,"CR/LFINF/DUC/H:1,3",14203.3,3550.8,320000.0,45789.8
AREA # 50,MENDOZA,"CR/LFINF/DUC/H:4,7",2183.4,145.6,1200000.0,7039.0
AREA # 50,MENDOZA,"CR/LFM/DNO/H:1,3",18628.2,4657.1,252000.0,60055.2
AREA # 50,MENDOZA,"CR/LFM/DUC/H:1,3",7279.6,1819.9,320000.0,23468.6
AREA # 50,MENDOZA,"CR/LFM/DUC/H:4,7",879.6,58.6,1200000.0,2835.7
AREA # 50,MENDOZA,"CR/LWAL/DNO/H:1,3",2982.7,745.7,252000.0,9615.9
AREA # 50,MENDOZA,"CR/LWAL/DNO/H:4,7",1303.8,86.9,945000.0,4203.3
AREA # 50,MENDOZA,"CR/LWAL/DUC/H:4,7",1303.8,86.9,1200000.0,4203.3
AREA # 50,MENDOZA,MCF/DNO/H:1,39449.2,39449.2,24000.0,127281.7
AREA # 50,MENDOZA,"MCF/DNO/H:1,3",75816.5,50544.4,84000.0,244954.0
AREA # 50,MENDOZA,"MCF/DUC/H:1,3",32267.3,8066.8,252000.0,104026.1
AREA # 50,MENDOZA,"MR/DNO/H:1,3",3852.0,770.4,315000.0,12418.4
AREA # 50,MENDOZA,"MR/DUC/H:1,3",3852.0,770.4,400000.0,12418.4
AREA # 50,MENDOZA,MUR+ADO/H:1,7955.4,7955.4,24000.0,25847.3
AREA # 50,MENDOZA,"MUR+ADO/H:1,2",73904.4,59123.5,30000.0,239154.90000000002
AREA # 50,MENDOZA,"MUR+STDRE/H:1,2",8859.5,7087.6,30000.0,28782.7
AREA # 50,MENDOZA,"MUR+STRUB/H:1,2",9094.6,7275.700000000001,30000.0,29545.9
AREA # 50,MENDOZA,MUR/H:1,39480.6,39480.6,24000.0,128078.9
AREA # 50,MENDOZA,"MUR/H:1,3",119348.3,79565.5,36000.0,385669.0
AREA # 50,MENDOZA,UNK,5592.4,5592.4,24000.0,18122.4
AREA # 50,MENDOZA,"W+WHE/H:1,3",1365.1000000000001,910.0999999999999,94500.0,4410.7
AREA # 50,MENDOZA,W+WLI/H:1,2176.1,2176.1,63000.0,7027.599999999999
AREA # 50,MENDOZA,"W+WLI/H:1,3",1187.3,791.5999999999999,94500.0,3834.7999999999997
AREA # 50,MENDOZA,W+WS/H:1,1937.4,1937.4,24000.0,6282.799999999999
AREA # 50,MENDOZA,W+WWD/H:1,754.7,754.7,24000.0,2450.8
AREA # 54,MISIONES,"CR/LDUAL/DUC/H:4,7",2084.6,139.0,1200000.0,6844.9
AREA # 54,MISIONES,"CR/LDUAL/DUC/H:8,19",1396.2,29.1,3840000.0,4584.5
AREA # 54,MISIONES,"CR/LFINF/DNO/H:1,3",21679.3,5419.8,252000.0,71185.1
AREA # 54,MISIONES,"CR/LFINF/DUC/H:1,3",5745.3,1436.3,320000.0,18865.0
AREA # 54,MISIONES,"CR/LFINF/DUC/H:4,7",870.2,58.0,1200000.0,2857.3
AREA # 54,MISIONES,"CR/LFM/DNO/H:1,3",7567.5,1891.9,252000.0,24848.3
AREA # 54,MISIONES,"CR/LFM/DUC/H:1,3",2908.2,727.1,320000.0,9549.2
AREA # 54,MISIONES,"CR/LFM/DUC/H:4,7",353.8,23.6,1200000.0,1161.7
AREA # 54,MISIONES,"CR/LWAL/DNO/H:1,3",1191.1,297.8,252000.0,3911.0
AREA # 54,MISIONES,"CR/LWAL/DNO/H:4,7",516.4,34.4,945000.0,1695.6
AREA # 54,MISIONES,"CR/LWAL/DUC/H:4,7",516.4,34.4,1200000.0,1695.6
AREA # 54,MISIONES,MCF/DNO/H:1,19428.5,19428.5,24000.0,63988.1
AREA # 54,MISIONES,"MCF/DNO/H:1,3",28217.5,18811.7,84000.0,93293.4
AREA # 54,MISIONES,"MCF/DUC/H:1,3",13103.5,3275.9,252000.0,43026.0
AREA # 54,MISIONES,"MR/DNO/H:1,3",1535.4,307.1,315000.0,5041.6
AREA # 54,MISIONES,"MR/DUC/H:1,3",1535.4,307.1,400000.0,5041.6
AREA # 54,MISIONES,MUR+ADO/H:1,236.9,236.9,24000.0,813.9
AREA # 54,MISIONES,"MUR+ADO/H:1,2",278.1,222.5,30000.0,941.2
AREA # 54,MISIONES,"MUR+STDRE/H:1,2",2708.6000000000004,2166.9,30000.0,9198.6
AREA # 54,MISIONES,"MUR+STRUB/H:1,2",2737.8,2190.3,30000.0,9297.2
AREA # 54,MISIONES,MUR/H:1,23384.1,23384.1,24000.0,78319.4
AREA # 54,MISIONES,"MUR/H:1,3",44251.899999999994,29501.199999999997,36000.0,146387.4
AREA # 54,MISIONES,UNK,3536.0,3536.0,24000.0,11949.8
AREA # 54,MISIONES,"W+WHE/H:1,3",16849.1,11232.7,94500.0,56505.7
AREA # 54,MISIONES,W+WLI/H:1,38012.8,38012.8,63000.0,126482.09999999999
AREA # 54,MISIONES,"W+WLI/H:1,3",6859.400000000001,4572.8,94500.0,22699.3
AREA # 54,MISIONES,W+WS/H:1,54292.2,54292.2,24000.0,183897.5
AREA # 54,MISIONES,W+WWD/H:1,28334.699999999997,28334.699999999997,24000.0,97511.9
AREA # 58,NEUQUEN,"CR/LDUAL/DUC/H:4,7",2744.4,183.0,1200000.0,7956.5
AREA # 58,NEUQUEN,"CR/LDUAL/DUC/H:8,19",1832.4,38.2,3840000.0,5312.4
AREA # 58,NEUQUEN,"CR/LFINF/DNO/H:1,3",23333.0,5833.3,252000.0,67646.3
AREA # 58,NEUQUEN,"CR/LFINF/DUC/H:1,3",6169.9,1542.5,320000.0,17887.6
AREA # 58,NEUQUEN,"CR/LFINF/DUC/H:4,7",1144.2,76.3,1200000.0,3317.2
AREA # 58,NEUQUEN,"CR/LFM/DNO/H:1,3",8565.9,2141.5,252000.0,24834.0
AREA # 58,NEUQUEN,"CR/LFM/DUC/H:1,3",3140.9,785.2,320000.0,9106.0
AREA # 58,NEUQUEN,"CR/LFM/DUC/H:4,7",460.2,30.7,1200000.0,1334.2
AREA # 58,NEUQUEN,"CR/LWAL/DNO/H:1,3",1226.4,306.6,252000.0,3555.5
AREA # 58,NEUQUEN,"CR/LWAL/DNO/H:4,7",684.0,45.6,945000.0,1983.0
AREA # 58,NEUQUEN,"CR/LWAL/DUC/H:4,7",684.0,45.6,1200000.0,1983.0
AREA # 58,NEUQUEN,MCF/DNO/H:1,15889.5,15889.5,24000.0,45779.799999999996
AREA # 58,NEUQUEN,"MCF/DNO/H:1,3",28756.100000000002,19170.7,84000.0,81967.2
AREA # 58,NEUQUEN,"MCF/DUC/H:1,3",13764.3,3441.1,252000.0,39905.0
AREA # 58,NEUQUEN,"MR/DNO/H:1,3",1682.3,336.5,315000.0,4877.3
AREA # 58,NEUQUEN,"MR/DUC/H:1,3",1682.3,336.5,400000.0,4877.3
AREA # 58,NEUQUEN,MUR+ADO/H:1,1708.2,1708.2,24000.0,4119.0
AREA # 58,NEUQUEN,"MUR+ADO/H:1,2",2897.8,2318.2,30000.0,7694.1
AREA # 58,NEUQUEN,"MUR+STDRE/H:1,2",2409.8,1927.8000000000002,30000.0,6391.0
AREA # 58,NEUQUEN,"MUR+STRUB/H:1,2",2451.0,1960.7,30000.0,6493.6
AREA # 58,NEUQUEN,MUR/H:1,12234.7,12234.7,24000.0,33172.0
AREA # 58,NEUQUEN,"MUR/H:1,3",44923.100000000006,29948.7,36000.0,127852.6
AREA # 58,NEUQUEN,UNK,3992.8,3992.8,24000.0,11149.2
AREA # 58,NEUQUEN,"W+WHE/H:1,3",1727.6000000000001,1151.7,94500.0,4908.8
AREA # 58,NEUQUEN,W+WLI/H:1,3929.9,3929.9,63000.0,11249.0
AREA # 58,NEUQUEN,"W+WLI/H:1,3",1321.2,880.8,94500.0,3763.6
AREA # 58,NEUQUEN,W+WS/H:1,3339.5,3339.5,24000.0,9230.0
AREA # 58,NEUQUEN,W+WWD/H:1,1075.5,1075.5,24000.0,2920.6000000000004
AREA # 62,RIO NEGRO,"CR/LDUAL/DUC/H:4,7",3587.2,239.1,1200000.0,9891.0
AREA # 62,RIO NEGRO,"CR/LDUAL/DUC/H:8,19",2395.5,49.9,3840000.0,6605.1
AREA # 62,RIO NEGRO,"CR/LFINF/DNO/H:1,3",26213.2,6553.3,252000.0,72277.7
AREA # 62,RIO NEGRO,"CR/LFINF/DUC/H:1,3",6910.5,1727.6,320000.0,19054.3
AREA # 62,RIO NEGRO,"CR/LFINF/DUC/H:4,7",1495.7,99.7,1200000.0,4124.1
AREA # 62,RIO NEGRO,"CR/LFM/DNO/H:1,3",9983.9,2496.0,252000.0,27528.6
AREA # 62,RIO NEGRO,"CR/LFM/DUC/H:1,3",3557.1,889.3,320000.0,9808.0
AREA # 62,RIO NEGRO,"CR/LFM/DUC/H:4,7",602.0,40.1,1200000.0,1659.9
AREA # 62,RIO NEGRO,"CR/LWAL/DNO/H:1,3",1328.7,332.2,252000.0,3663.6
AREA # 62,RIO NEGRO,"CR/LWAL/DNO/H:4,7",893.8,59.6,945000.0,2464.5
AREA # 62,RIO NEGRO,"CR/LWAL/DUC/H:4,7",893.8,59.6,1200000.0,2464.5
AREA # 62,RIO NEGRO,MCF/DNO/H:1,19607.1,19607.1,24000.0,53639.5
AREA # 62,RIO NEGRO,"MCF/DNO/H:1,3",33516.2,22344.2,84000.0,90477.2
AREA # 62,RIO NEGRO,"MCF/DUC/H:1,3",15077.0,3769.3,252000.0,41571.8
AREA # 62,RIO NEGRO,"MR/DNO/H:1,3",1924.4,384.9,315000.0,5306.1
AREA # 62,RIO NEGRO,"MR/DUC/H:1,3",1924.4,384.9,400000.0,5306.1
AREA # 62,RIO NEGRO,MUR+ADO/H:1,2279.7,2279.7,24000.0,5469.8
AREA # 62,RIO NEGRO,"MUR+ADO/H:1,2",3086.8999999999996,2469.5,30000.0,7684.299999999999
AREA # 62,RIO NEGRO,"MUR+STDRE/H:1,2",3588.6000000000004,2870.8999999999996,30000.0,9058.5
AREA # 62,RIO NEGRO,"MUR+STRUB/H:1,2",3630.9,2904.7,30000.0,9165.7
AREA # 62,RIO NEGRO,MUR/H:1,22024.2,22024.2,24000.0,57408.7
AREA # 62,RIO NEGRO,"MUR/H:1,3",52697.8,35131.8,36000.0,141989.2
AREA # 62,RIO NEGRO,UNK,3282.8999999999996,3282.8999999999996,24000.0,8698.8
AREA # 62,RIO NEGRO,"W+WHE/H:1,3",2460.5,1640.3,94500.0,6665.5
AREA # 62,RIO NEGRO,W+WLI/H:1,5381.8,5381.8,63000.0,14686.5
AREA # 62,RIO NEGRO,"W+WLI/H:1,3",1656.4,1104.2,94500.0,4501.0
AREA # 62,RIO NEGRO,W+WS/H:1,4983.9,4983.9,24000.0,13217.8
AREA # 62,RIO NEGRO,W+WWD/H:1,1642.0,1642.0,24000.0,4257.1
AREA # 66,SALTA,"CR/LDUAL/DUC/H:4,7",2332.8,155.5,1200000.0,9315.7
AREA # 66,SALTA,"CR/LDUAL/DUC/H:8,19",1563.3,32.6,3840000.0,6242.8
AREA # 66,SALTA,"CR/LFINF/DNO/H:1,3",26501.9,6625.5,252000.0,105831.2
AREA # 66,SALTA,"CR/LFINF/DUC/H:1,3",7057.5,1764.4,320000.0,28183.0
AREA # 66,SALTA,"CR/LFINF/DUC/H:4,7",974.0,64.9,1200000.0,3889.5
AREA # 66,SALTA,"CR/LFM/DNO/H:1,3",9244.7,2311.2,252000.0,36917.3
AREA # 66,SALTA,"CR/LFM/DUC/H:1,3",3493.0,873.3,320000.0,13948.8
AREA # 66,SALTA,"CR/LFM/DUC/H:4,7",397.0,26.5,1200000.0,1585.4
AREA # 66,SALTA,"CR/LWAL/DNO/H:1,3",1451.8,363.0,252000.0,5797.5
AREA # 66,SALTA,"CR/LWAL/DNO/H:4,7",577.0,38.5,945000.0,2304.2
AREA # 66,SALTA,"CR/LWAL/DUC/H:4,7",577.0,38.5,1200000.0,2304.2
AREA # 66,SALTA,MCF/DNO/H:1,27876.4,27876.4,24000.0,110372.0
AREA # 66,SALTA,"MCF/DNO/H:1,3",33669.1,22446.0,84000.0,132524.0
AREA # 66,SALTA,"MCF/DUC/H:1,3",16308.5,4077.1,252000.0,65125.5
AREA # 66,SALTA,"MR/DNO/H:1,3",1836.5,367.3,315000.0,7333.8
AREA # 66,SALTA,"MR/DUC/H:1,3",1836.5,367.3,400000.0,7333.8
AREA # 66,SALTA,MUR+ADO/H:1,18549.4,18549.4,24000.0,60821.8
AREA # 66,SALTA,"MUR+ADO/H:1,2",14088.1,11270.4,30000.0,50191.7
AREA # 66,SALTA,"MUR+STDRE/H:1,2",3151.8,2521.5,30000.0,11562.3
AREA # 66,SALTA,"MUR+STRUB/H:1,2",3538.7,2831.0,30000.0,12999.5
AREA # 66,SALTA,MUR/H:1,43660.6,43660.6,24000.0,166724.4
AREA # 66,SALTA,"MUR/H:1,3",55483.799999999996,36989.200000000004,36000.0,217988.4
AREA # 66,SALTA,UNK,8582.6,8582.6,24000.0,30381.2
AREA # 66,SALTA,"W+WHE/H:1,3",2008.7,1339.1000000000001,94500.0,7854.0
AREA # 66,SALTA,W+WLI/H:1,10465.5,10465.5,63000.0,40630.3
AREA # 66,SALTA,"W+WLI/H:1,3",935.8,623.9,94500.0,3698.3999999999996
AREA # 66,SALTA,W+WS/H:1,13574.0,13574.0,24000.0,51930.4
AREA # 66,SALTA,W+WWD/H:1,5537.8,5537.8,24000.0,20650.2
AREA # 70,SAN JUAN,"CR/LDUAL/DUC/H:4,7",1812.4,120.8,1200000.0,6528.5
AREA # 70,SAN JUAN,"CR/LDUAL/DUC/H:8,19",1209.4,25.2,3840000.0,4356.4
AREA # 70,SAN JUAN,"CR/LFINF/DNO/H:1,3",17436.7,4359.2,252000.0,62809.6
AREA # 70,SAN JUAN,"CR/LFINF/DUC/H:1,3",4603.7,1150.9,320000.0,16583.2
AREA # 70,SAN JUAN,"CR/LFINF/DUC/H:4,7",755.4,50.4,1200000.0,2721.1
AREA # 70,SAN JUAN,"CR/LFM/DNO/H:1,3",6131.8,1532.9,252000.0,22087.7
AREA # 70,SAN JUAN,"CR/LFM/DUC/H:1,3",2367.3,591.8,320000.0,8527.4
AREA # 70,SAN JUAN,"CR/LFM/DUC/H:4,7",303.0,20.2,1200000.0,1091.5
AREA # 70,SAN JUAN,"CR/LWAL/DNO/H:1,3",956.7,239.2,252000.0,3446.2
AREA # 70,SAN JUAN,"CR/LWAL/DNO/H:4,7",452.4,30.2,945000.0,1629.6
AREA # 70,SAN JUAN,"CR/LWAL/DUC/H:4,7",452.4,30.2,1200000.0,1629.6
AREA # 70,SAN JUAN,MCF/DNO/H:1,12370.4,12370.4,24000.0,44581.799999999996
AREA # 70,SAN JUAN,"MCF/DNO/H:1,3",21919.0,14612.6,84000.0,79067.9
AREA # 70,SAN JUAN,"MCF/DUC/H:1,3",10385.5,2596.4,252000.0,37410.1
AREA # 70,SAN JUAN,"MR/DNO/H:1,3",1258.2,251.6,315000.0,4532.2
AREA # 70,SAN JUAN,"MR/DUC/H:1,3",1258.2,251.6,400000.0,4532.2
AREA # 70,SAN JUAN,MUR+ADO/H:1,14055.699999999999,14055.699999999999,24000.0,50953.6
AREA # 70,SAN JUAN,"MUR+ADO/H:1,2",38277.7,30622.2,30000.0,138256.5
AREA # 70,SAN JUAN,"MUR+STDRE/H:1,2",1853.1999999999998,1482.6,30000.0,6722.4
AREA # 70,SAN JUAN,"MUR+STRUB/H:1,2",1889.5,1511.6,30000.0,6854.0
AREA # 70,SAN JUAN,MUR/H:1,9331.2,9331.2,24000.0,33778.4
AREA # 70,SAN JUAN,"MUR/H:1,3",34317.1,22878.1,36000.0,123805.40000000001
AREA # 70,SAN JUAN,UNK,3364.3,3364.3,24000.0,12226.0
AREA # 70,SAN JUAN,"W+WHE/H:1,3",261.8,174.5,94500.0,945.6
AREA # 70,SAN JUAN,W+WLI/H:1,514.1999999999999,514.1999999999999,63000.0,1855.2
AREA # 70,SAN JUAN,"W+WLI/H:1,3",207.4,138.2,94500.0,748.5
AREA # 70,SAN JUAN,W+WS/H:1,421.2,421.2,24000.0,1527.5
AREA # 70,SAN JUAN,W+WWD/H:1,507.5,507.5,24000.0,1846.8000000000002
AREA # 74,SAN LUIS,"CR/LDUAL/DUC/H:4,7",1102.5,73.5,1200000.0,3540.0
AREA # 74,SAN LUIS,"CR/LDUAL/DUC/H:8,19",739.5,15.4,3840000.0,2374.4
AREA # 74,SAN LUIS,"CR/LFINF/DNO/H:1,3",15758.1,3939.5,252000.0,50596.8
AREA # 74,SAN LUIS,"CR/LFINF/DUC/H:1,3",4185.5,1046.4,320000.0,13439.0
AREA # 74,SAN LUIS,"CR/LFINF/DUC/H:4,7",460.6,30.7,1200000.0,1478.9
AREA # 74,SAN LUIS,"CR/LFM/DNO/H:1,3",5157.1,1289.3,252000.0,16558.7
AREA # 74,SAN LUIS,"CR/LFM/DUC/H:1,3",2106.3,526.6,320000.0,6763.0
AREA # 74,SAN LUIS,"CR/LFM/DUC/H:4,7",188.2,12.5,1200000.0,604.3
AREA # 74,SAN LUIS,"CR/LWAL/DNO/H:1,3",913.6,228.4,252000.0,2933.4
AREA # 74,SAN LUIS,"CR/LWAL/DNO/H:4,7",272.4,18.2,945000.0,874.6
AREA # 74,SAN LUIS,"CR/LWAL/DUC/H:4,7",272.4,18.2,1200000.0,874.6
AREA # 74,SAN LUIS,MCF/DNO/H:1,13177.2,13177.2,24000.0,41566.2
AREA # 74,SAN LUIS,"MCF/DNO/H:1,3",22496.6,14997.7,84000.0,68765.6
AREA # 74,SAN LUIS,"MCF/DUC/H:1,3",9801.6,2450.4,252000.0,31471.4
AREA # 74,SAN LUIS,"MR/DNO/H:1,3",1095.3,219.1,315000.0,3516.8
AREA # 74,SAN LUIS,"MR/DUC/H:1,3",1095.3,219.1,400000.0,3516.8
AREA # 74,SAN LUIS,MUR+ADO/H:1,2394.6,2394.6,24000.0,5549.5
AREA # 74,SAN LUIS,"MUR+ADO/H:1,2",3008.3,2406.7,30000.0,7866.1
AREA # 74,SAN LUIS,"MUR+STDRE/H:1,2",2439.4,1951.5,30000.0,6368.3
AREA # 74,SAN LUIS,"MUR+STRUB/H:1,2",2522.8,2018.3,30000.0,6569.8
AREA # 74,SAN LUIS,MUR/H:1,14305.0,14305.0,24000.0,40217.9
AREA # 74,SAN LUIS,"MUR/H:1,3",35067.6,23378.399999999998,36000.0,106706.0
AREA # 74,SAN LUIS,UNK,2355.0,2355.0,24000.0,6706.700000000001
AREA # 74,SAN LUIS,"W+WHE/H:1,3",103.10000000000001,68.7,94500.0,313.40000000000003
AREA # 74,SAN LUIS,W+WLI/H:1,661.4,661.4,63000.0,2051.4
AREA # 74,SAN LUIS,"W+WLI/H:1,3",67.4,44.9,94500.0,204.70000000000002
AREA # 74,SAN LUIS,W+WS/H:1,176.0,176.0,24000.0,489.0
AREA # 74,SAN LUIS,W+WWD/H:1,147.5,147.5,24000.0,392.4
AREA # 78,SANTA CRUZ,"CR/LDUAL/DUC/H:4,7",1172.3,78.2,1200000.0,3443.2
AREA # 78,SANTA CRUZ,"CR/LDUAL/DUC/H:8,19",784.3,16.3,3840000.0,2303.6
AREA # 78,SANTA CRUZ,"CR/LFINF/DNO/H:1,3",11124.1,2781.0,252000.0,32673.2
AREA # 78,SANTA CRUZ,"CR/LFINF/DUC/H:1,3",2945.7,736.4,320000.0,8652.0
AREA # 78,SANTA CRUZ,"CR/LFINF/DUC/H:4,7",489.1,32.6,1200000.0,1436.6
AREA # 78,SANTA CRUZ,"CR/LFM/DNO/H:1,3",3970.8,992.7,252000.0,11662.9
AREA # 78,SANTA CRUZ,"CR/LFM/DUC/H:1,3",1493.8,373.4,320000.0,4387.5
AREA # 78,SANTA CRUZ,"CR/LFM/DUC/H:4,7",198.2,13.2,1200000.0,582.1
AREA # 78,SANTA CRUZ,"CR/LWAL/DNO/H:1,3",599.2,149.8,252000.0,1759.9
AREA # 78,SANTA CRUZ,"CR/LWAL/DNO/H:4,7",291.0,19.4,945000.0,854.7
AREA # 78,SANTA CRUZ,"CR/LWAL/DUC/H:4,7",291.0,19.4,1200000.0,854.7
AREA # 78,SANTA CRUZ,MCF/DNO/H:1,7356.1,7356.1,24000.0,21574.8
AREA # 78,SANTA CRUZ,"MCF/DNO/H:1,3",13279.2,8852.800000000001,84000.0,38796.4
AREA # 78,SANTA CRUZ,"MCF/DUC/H:1,3",6656.2,1664.1,252000.0,19550.3
AREA # 78,SANTA CRUZ,"MR/DNO/H:1,3",793.3,158.7,315000.0,2330.0
AREA # 78,SANTA CRUZ,"MR/DUC/H:1,3",793.3,158.7,400000.0,2330.0
AREA # 78,SANTA CRUZ,MUR+ADO/H:1,29.0,29.0,24000.0,77.5
AREA # 78,SANTA CRUZ,"MUR+ADO/H:1,2",392.9,314.4,30000.0,1076.2
AREA # 78,SANTA CRUZ,"MUR+STDRE/H:1,2",899.6,719.7,30000.0,2558.8
AREA # 78,SANTA CRUZ,"MUR+STRUB/H:1,2",902.9,722.3000000000001,30000.0,2568.3
AREA # 78,SANTA CRUZ,MUR/H:1,4542.0,4542.0,24000.0,13094.7
AREA # 78,SANTA CRUZ,"MUR/H:1,3",20445.3,13630.2,36000.0,59699.6
AREA # 78,SANTA CRUZ,UNK,5538.3,5538.3,24000.0,15946.0
AREA # 78,SANTA CRUZ,"W+WHE/H:1,3",1300.9,867.3,94500.0,3777.3
AREA # 78,SANTA CRUZ,W+WLI/H:1,4978.099999999999,4978.099999999999,63000.0,14501.599999999999
AREA # 78,SANTA CRUZ,"W+WLI/H:1,3",1143.7,762.5,94500.0,3321.9
AREA # 78,SANTA CRUZ,W+WS/H:1,1207.7,1207.7,24000.0,3405.4
AREA # 78,SANTA CRUZ,W+WWD/H:1,265.2,265.2,24000.0,744.8
AREA # 82,SANTA FE,"CR/LDUAL/DUC/H:4,7",16723.7,1114.9,1200000.0,47329.3
AREA # 82,SANTA FE,"CR/LDUAL/DUC/H:8,19",11183.2,233.0,3840000.0,31649.3
AREA # 82,SANTA FE,"CR/LFINF/DNO/H:1,3",136493.5,34123.4,252000.0,386286.4
AREA # 82,SANTA FE,"CR/LFINF/DUC/H:1,3",35961.3,8990.3,320000.0,101773.1
AREA # 82,SANTA FE,"CR/LFINF/DUC/H:4,7",6976.7,465.1,1200000.0,19744.6
AREA # 82,SANTA FE,"CR/LFM/DNO/H:1,3",49902.8,12475.7,252000.0,141228.5
AREA # 82,SANTA FE,"CR/LFM/DUC/H:1,3",18628.2,4657.1,320000.0,52719.1
AREA # 82,SANTA FE,"CR/LFM/DUC/H:4,7",2821.3,188.1,1200000.0,7984.5
AREA # 82,SANTA FE,"CR/LWAL/DNO/H:1,3",7211.0,1802.7,252000.0,20407.6
AREA # 82,SANTA FE,"CR/LWAL/DNO/H:4,7",4155.4,277.0,945000.0,11760.1
AREA # 82,SANTA FE,"CR/LWAL/DUC/H:4,7",4155.4,277.0,1200000.0,11760.1
AREA # 82,SANTA FE,MCF/DNO/H:1,109928.6,109928.6,24000.0,309906.10000000003
AREA # 82,SANTA FE,"MCF/DNO/H:1,3",175944.8,117296.59999999999,84000.0,489800.39999999997
AREA # 82,SANTA FE,"MCF/DUC/H:1,3",79457.8,19864.4,252000.0,224871.3
AREA # 82,SANTA FE,"MR/DNO/H:1,3",9981.2,1996.2,315000.0,28247.5
AREA # 82,SANTA FE,"MR/DUC/H:1,3",9981.2,1996.2,400000.0,28247.5
AREA # 82,SANTA FE,MUR+ADO/H:1,5236.1,5236.1,24000.0,13592.3
AREA # 82,SANTA FE,"MUR+ADO/H:1,2",2398.0,1918.4,30000.0,6515.599999999999
AREA # 82,SANTA FE,"MUR+STDRE/H:1,2",16832.6,13466.1,30000.0,44374.2
AREA # 82,SANTA FE,"MUR+STRUB/H:1,2",17140.9,13712.7,30000.0,45202.2
AREA # 82,SANTA FE,MUR/H:1,111123.5,111123.5,24000.0,304976.8
AREA # 82,SANTA FE,"MUR/H:1,3",277947.3,185298.2,36000.0,772929.2
AREA # 82,SANTA FE,UNK,19874.2,19874.2,24000.0,54977.4
AREA # 82,SANTA FE,"W+WHE/H:1,3",1315.1000000000001,876.7,94500.0,3694.4
AREA # 82,SANTA FE,W+WLI/H:1,6109.2,6109.2,63000.0,17131.5
AREA # 82,SANTA FE,"W+WLI/H:1,3",697.4000000000001,464.90000000000003,94500.0,1965.3
AREA # 82,SANTA FE,W+WS/H:1,3841.2,3841.2,24000.0,10672.400000000001
AREA # 82,SANTA FE,W+WWD/H:1,1760.5,1760.5,24000.0,4790.200000000001
AREA # 86,SANTIAGO DEL ESTERO,"CR/LDUAL/DUC/H:4,7",907.3,60.5,1200000.0,3127.9
AREA # 86,SANTIAGO DEL ESTERO,"CR/LDUAL/DUC/H:8,19",607.2,12.7,3840000.0,2093.3
AREA # 86,SANTIAGO DEL ESTERO,"CR/LFINF/DNO/H:1,3",17241.8,4310.4,252000.0,59440.6
AREA # 86,SANTIAGO DEL ESTERO,"CR/LFINF/DUC/H:1,3",4578.8,1144.7,320000.0,15785.3
AREA # 86,SANTIAGO DEL ESTERO,"CR/LFINF/DUC/H:4,7",378.7,25.2,1200000.0,1305.6
AREA # 86,SANTIAGO DEL ESTERO,"CR/LFM/DNO/H:1,3",5356.8,1339.2,252000.0,18467.4
AREA # 86,SANTIAGO DEL ESTERO,"CR/LFM/DUC/H:1,3",2313.1,578.3,320000.0,7974.3
AREA # 86,SANTIAGO DEL ESTERO,"CR/LFM/DUC/H:4,7",153.5,10.2,1200000.0,529.2
AREA # 86,SANTIAGO DEL ESTERO,"CR/LWAL/DNO/H:1,3",1042.3,260.6,252000.0,3593.3
AREA # 86,SANTIAGO DEL ESTERO,"CR/LWAL/DNO/H:4,7",225.1,15.0,945000.0,776.0
AREA # 86,SANTIAGO DEL ESTERO,"CR/LWAL/DUC/H:4,7",225.1,15.0,1200000.0,776.0
AREA # 86,SANTIAGO DEL ESTERO,MCF/DNO/H:1,28805.300000000003,28805.300000000003,24000.0,101414.0
AREA # 86,SANTIAGO DEL ESTERO,"MCF/DNO/H:1,3",23177.0,15451.3,84000.0,80939.59999999999
AREA # 86,SANTIAGO DEL ESTERO,"MCF/DUC/H:1,3",10891.0,2722.7,252000.0,37546.4
AREA # 86,SANTIAGO DEL ESTERO,"MR/DNO/H:1,3",1192.3,238.5,315000.0,4110.4
AREA # 86,SANTIAGO DEL ESTERO,"MR/DUC/H:1,3",1192.3,238.5,400000.0,4110.4
AREA # 86,SANTIAGO DEL ESTERO,MUR+ADO/H:1,17043.2,17043.2,24000.0,67880.6
AREA # 86,SANTIAGO DEL ESTERO,"MUR+ADO/H:1,2",805.4,644.3,30000.0,3107.1
AREA # 86,SANTIAGO DEL ESTERO,"MUR+STDRE/H:1,2",3680.8999999999996,2944.7,30000.0,13910.4
AREA # 86,SANTIAGO DEL ESTERO,"MUR+STRUB/H:1,2",4536.0,3628.9,30000.0,17233.0
AREA # 86,SANTIAGO DEL ESTERO,MUR/H:1,70549.2,70549.2,24000.0,260672.59999999998
AREA # 86,SANTIAGO DEL ESTERO,"MUR/H:1,3",36026.200000000004,24017.399999999998,36000.0,126041.1
AREA # 86,SANTIAGO DEL ESTERO,UNK,8630.5,8630.5,24000.0,33467.8
AREA # 86,SANTIAGO DEL ESTERO,"W+WHE/H:1,3",44.5,29.700000000000003,94500.0,160.2
AREA # 86,SANTIAGO DEL ESTERO,W+WLI/H:1,741.4000000000001,741.4000000000001,63000.0,2782.0
AREA # 86,SANTIAGO DEL ESTERO,"W+WLI/H:1,3",14.8,9.899999999999999,94500.0,52.099999999999994
AREA # 86,SANTIAGO DEL ESTERO,W+WS/H:1,824.4,824.4,24000.0,3177.3999999999996
AREA # 86,SANTIAGO DEL ESTERO,W+WWD/H:1,897.7,897.7,24000.0,3531.7999999999997
AREA # 90,TUCUMAN,"CR/LDUAL/DUC/H:4,7",3804.6,253.6,1200000.0,14080.0
AREA # 90,TUCUMAN,"CR/LDUAL/DUC/H:8,19",2546.4,53.0,3840000.0,9423.7
AREA # 90,TUCUMAN,"CR/LFINF/DNO/H:1,3",36088.8,9022.2,252000.0,133557.2
AREA # 90,TUCUMAN,"CR/LFINF/DUC/H:1,3",9532.7,2383.2,320000.0,35278.6
AREA # 90,TUCUMAN,"CR/LFINF/DUC/H:4,7",1587.7,105.8,1200000.0,5875.8
AREA # 90,TUCUMAN,"CR/LFM/DNO/H:1,3",12737.5,3184.4,252000.0,47138.9
AREA # 90,TUCUMAN,"CR/LFM/DUC/H:1,3",4894.0,1223.5,320000.0,18111.7
AREA # 90,TUCUMAN,"CR/LFM/DUC/H:4,7",644.0,42.9,1200000.0,2383.3
AREA # 90,TUCUMAN,"CR/LWAL/DNO/H:1,3",1967.7,491.9,252000.0,7282.1
AREA # 90,TUCUMAN,"CR/LWAL/DNO/H:4,7",943.7,62.9,945000.0,3492.4
AREA # 90,TUCUMAN,"CR/LWAL/DUC/H:4,7",943.7,62.9,1200000.0,3492.4
AREA # 90,TUCUMAN,MCF/DNO/H:1,38823.200000000004,38823.200000000004,24000.0,142713.4
AREA # 90,TUCUMAN,"MCF/DNO/H:1,3",47723.7,31815.800000000003,84000.0,175240.2
AREA # 90,TUCUMAN,"MCF/DUC/H:1,3",21472.1,5368.0,252000.0,79463.8
AREA # 90,TUCUMAN,"MR/DNO/H:1,3",2596.8,519.4,315000.0,9610.2
AREA # 90,TUCUMAN,"MR/DUC/H:1,3",2596.8,519.4,400000.0,9610.2
AREA # 90,TUCUMAN,MUR+ADO/H:1,5485.8,5485.8,24000.0,19209.600000000002
AREA # 90,TUCUMAN,"MUR+ADO/H:1,2",3152.0,2521.6,30000.0,11204.2
AREA # 90,TUCUMAN,"MUR+STDRE/H:1,2",6305.900000000001,5044.799999999999,30000.0,22442.6
AREA # 90,TUCUMAN,"MUR+STRUB/H:1,2",6486.5,5189.3,30000.0,23087.4
AREA # 90,TUCUMAN,MUR/H:1,69912.5,69912.5,24000.0,251482.09999999998
AREA # 90,TUCUMAN,"MUR/H:1,3",75088.5,50058.9,36000.0,275545.3
AREA # 90,TUCUMAN,UNK,4734.299999999999,4734.299999999999,24000.0,17007.6
AREA # 90,TUCUMAN,"W+WHE/H:1,3",2923.4,1949.0,94500.0,10722.0
AREA # 90,TUCUMAN,W+WLI/H:1,11790.4,11790.4,63000.0,43265.399999999994
AREA # 90,TUCUMAN,"W+WLI/H:1,3",1010.5,673.6999999999999,94500.0,3726.7000000000003
AREA # 90,TUCUMAN,W+WS/H:1,14486.8,14486.8,24000.0,52804.5
AREA # 90,TUCUMAN,W+WWD/H:1,5802.9,5802.9,24000.0,20936.5
AREA # 94,TIERRA DEL FUEGO,"CR/LDUAL/DUC/H:4,7",877.0,58.5,1200000.0,2575.1
AREA # 94,TIERRA DEL FUEGO,"CR/LDUAL/DUC/H:8,19",585.5,12.2,3840000.0,1719.2
AREA # 94,TIERRA DEL FUEGO,"CR/LFINF/DNO/H:1,3",3802.8,950.7,252000.0,11165.9
AREA # 94,TIERRA DEL FUEGO,"CR/LFINF/DUC/H:1,3",991.8,247.9,320000.0,2912.1
AREA # 94,TIERRA DEL FUEGO,"CR/LFINF/DUC/H:4,7",365.6,24.4,1200000.0,1073.5
AREA # 94,TIERRA DEL FUEGO,"CR/LFM/DNO/H:1,3",1729.9,432.5,252000.0,5079.4
AREA # 94,TIERRA DEL FUEGO,"CR/LFM/DUC/H:1,3",527.7,131.9,320000.0,1549.4
AREA # 94,TIERRA DEL FUEGO,"CR/LFM/DUC/H:4,7",147.0,9.8,1200000.0,431.6
AREA # 94,TIERRA DEL FUEGO,"CR/LWAL/DNO/H:1,3",153.8,38.5,252000.0,451.6
AREA # 94,TIERRA DEL FUEGO,"CR/LWAL/DNO/H:4,7",218.5,14.6,945000.0,641.6
AREA # 94,TIERRA DEL FUEGO,"CR/LWAL/DUC/H:4,7",218.5,14.6,1200000.0,641.6
AREA # 94,TIERRA DEL FUEGO,MCF/DNO/H:1,1642.3000000000002,1642.3000000000002,24000.0,4822.1
AREA # 94,TIERRA DEL FUEGO,"MCF/DNO/H:1,3",3662.3999999999996,2441.6000000000004,84000.0,10746.5
AREA # 94,TIERRA DEL FUEGO,"MCF/DUC/H:1,3",1935.3,483.8,252000.0,5682.5
AREA # 94,TIERRA DEL FUEGO,"MR/DNO/H:1,3",299.6,59.9,315000.0,879.7
AREA # 94,TIERRA DEL FUEGO,"MR/DUC/H:1,3",299.6,59.9,400000.0,879.7
AREA # 94,TIERRA DEL FUEGO,"MUR+ADO/H:1,2",11.4,9.1,30000.0,33.1
AREA # 94,TIERRA DEL FUEGO,"MUR+STDRE/H:1,2",206.1,164.8,30000.0,602.8
AREA # 94,TIERRA DEL FUEGO,"MUR+STRUB/H:1,2",206.1,164.8,30000.0,602.8
AREA # 94,TIERRA DEL FUEGO,MUR/H:1,796.3000000000001,796.3000000000001,24000.0,2337.2999999999997
AREA # 94,TIERRA DEL FUEGO,"MUR/H:1,3",5591.900000000001,3727.9,36000.0,16407.0
AREA # 94,TIERRA DEL FUEGO,UNK,2686.5,2686.5,24000.0,7865.8
AREA # 94,TIERRA DEL FUEGO,"W+WHE/H:1,3",3465.2999999999997,2310.2,94500.0,10157.8
AREA # 94,TIERRA DEL FUEGO,W+WLI/H:1,6172.7,6172.7,63000.0,18107.0
AREA # 94,TIERRA DEL FUEGO,"W+WLI/H:1,3",2904.8,1936.6,94500.0,8516.2
AREA # 94,TIERRA DEL FUEGO,W+WS/H:1,3230.8,3230.8,24000.0,9429.0
AREA # 94,TIERRA DEL FUEGO,W+WWD/H:1,651.8000000000001,651.8000000000001,24000.0,1895.0
