id,Region,Taxonomy,Dwellings,Buildings,Repl_cost_USD/bdg,No_of_storeys,Dwl_per_storey,Dwl_area_m2,Population
AREA # 02,CIUDAD AUTONOMA DE BUENOS AIRES,"CR/LDUAL/DUC/H:4,7",123451.4,8230.1,1200000.0,5.0,3,80,250456.5
AREA # 02,CIUDAD AUTONOMA DE BUENOS AIRES,"CR/LDUAL/DUC/H:8,19",83135.2,1732.0,3840000.0,12.0,4,80,168663.6
AREA # 02,CIUDAD AUTONOMA DE BUENOS AIRES,"CR/LFINF/DNO/H:1,3",259191.4,64797.8,252000.0,2.0,2,90,525844.0
AREA # 02,CIUDAD AUTONOMA DE BUENOS AIRES,"CR/LFINF/DUC/H:1,3",65928.5,16482.1,320000.0,2.0,2,80,133754.9
AREA # 02,CIUDAD AUTONOMA DE BUENOS AIRES,"CR/LFINF/DUC/H:4,7",51646.7,3443.1,1200000.0,5.0,3,80,104780.1
AREA # 02,CIUDAD AUTONOMA DE BUENOS AIRES,"CR/LFM/DNO/H:1,3",166737.3,41684.3,252000.0,2.0,2,90,338274.4
AREA # 02,CIUDAD AUTONOMA DE BUENOS AIRES,"CR/LFM/DUC/H:1,3",37994.7,9498.7,320000.0,2.0,2,80,77083.1
AREA # 02,CIUDAD AUTONOMA DE BUENOS AIRES,"CR/LFM/DUC/H:4,7",21409.4,1427.3,1200000.0,5.0,3,80,43435.1
AREA # 02,CIUDAD AUTONOMA DE BUENOS AIRES,"CR/LWAL/DNO/H:1,3",3253.1,813.3,252000.0,2.0,2,90,6599.8
AREA # 02,CIUDAD AUTONOMA DE BUENOS AIRES,"CR/LWAL/DNO/H:4,7",30237.2,2015.8,945000.0,5.0,3,90,61344.8
AREA # 02,CIUDAD AUTONOMA DE BUENOS AIRES,"CR/LWAL/DUC/H:4,7",30237.2,2015.8,1200000.0,5.0,3,80,61344.8
AREA # 02,CIUDAD AUTONOMA DE BUENOS AIRES,MCF/DNO/H:1,36827.1,36827.1,24000.0,1.0,1,80,74714.3
AREA # 02,CIUDAD AUTONOMA DE BUENOS AIRES,"MCF/DNO/H:1,3",128165.9,85443.9,84000.0,1.5,1,80,260021.3
AREA # 02,CIUDAD AUTONOMA DE BUENOS AIRES,"MCF/DUC/H:1,3",86734.5,21683.6,252000.0,2.0,2,90,175965.8
AREA # 02,CIUDAD AUTONOMA DE BUENOS AIRES,"MR/DNO/H:1,3",23411.4,4682.3,315000.0,2.5,2,90,47496.7
AREA # 02,CIUDAD AUTONOMA DE BUENOS AIRES,"MR/DUC/H:1,3",23411.4,4682.3,400000.0,2.5,2,80,47496.7
AREA # 02,CIUDAD AUTONOMA DE BUENOS AIRES,MUR+ADO/H:1,26.8,26.8,24000.0,1.0,1,80,54.4
AREA # 02,CIUDAD AUTONOMA DE BUENOS AIRES,"MUR+ADO/H:1,2",578.9,463.2,30000.0,1.25,1,80,1174.5
AREA # 02,CIUDAD AUTONOMA DE BUENOS AIRES,"MUR+STDRE/H:1,2",3444.6,2755.6,30000.0,1.25,1,80,6988.4
AREA # 02,CIUDAD AUTONOMA DE BUENOS AIRES,"MUR+STRUB/H:1,2",3464.3,2771.5,30000.0,1.25,1,80,7028.3
AREA # 02,CIUDAD AUTONOMA DE BUENOS AIRES,MUR/H:1,11742.5,11742.5,24000.0,1.0,1,80,23823.0
AREA # 02,CIUDAD AUTONOMA DE BUENOS AIRES,"MUR/H:1,3",217670.2,145113.5,36000.0,1.5,1,80,441606.4
AREA # 02,CIUDAD AUTONOMA DE BUENOS AIRES,UNK,8668.6,8668.6,24000.0,1.0,1,80,17586.7
AREA # 02,CIUDAD AUTONOMA DE BUENOS AIRES,"W+WHE/H:1,3",1329.9,886.6,94500.0,1.5,1,90,2698.1
AREA # 02,CIUDAD AUTONOMA DE BUENOS AIRES,W+WLI/H:1,2557.1,2557.1,63000.0,1.0,1,90,5187.8
AREA # 02,CIUDAD AUTONOMA DE BUENOS AIRES,"W+WLI/H:1,3",1022.6,681.7,94500.0,1.5,1,90,2074.6
AREA # 02,CIUDAD AUTONOMA DE BUENOS AIRES,W+WS/H:1,1793.4,1793.4,24000.0,1.0,1,80,3638.4
AREA # 02,CIUDAD AUTONOMA DE BUENOS AIRES,W+WWD/H:1,499.9,499.9,24000.0,1.0,1,80,1014.2
AREA # 06,BUENOS AIRES,"CR/LDUAL/DUC/H:4,7",74103.3,4940.2,1200000.0,5.0,3,80,218825.0
AREA # 06,BUENOS AIRES,"CR/LDUAL/DUC/H:8,19",49494.8,1031.1,3840000.0,12.0,4,80,146156.8
AREA # 06,BUENOS AIRES,"CR/LFINF/DNO/H:1,3",648588.2,162147.1,252000.0,2.0,2,90,1915262.9
AREA # 06,BUENOS AIRES,"CR/LFINF/DUC/H:1,3",171059.5,42764.9,320000.0,2.0,2,80,505134.0
AREA # 06,BUENOS AIRES,"CR/LFINF/DUC/H:4,7",30899.5,2060.0,1200000.0,5.0,3,80,91245.4
AREA # 06,BUENOS AIRES,"CR/LFM/DNO/H:1,3",233255.3,58313.8,252000.0,2.0,2,90,688796.4
AREA # 06,BUENOS AIRES,"CR/LFM/DUC/H:1,3",88268.6,22067.2,320000.0,2.0,2,80,260654.7
AREA # 06,BUENOS AIRES,"CR/LFM/DUC/H:4,7",12443.1,829.5,1200000.0,5.0,3,80,36744.1
AREA # 06,BUENOS AIRES,"CR/LWAL/DNO/H:1,3",34836.7,8709.2,252000.0,2.0,2,90,102871.8
AREA # 06,BUENOS AIRES,"CR/LWAL/DNO/H:4,7",18456.4,1230.4,945000.0,5.0,3,90,54501.2
AREA # 06,BUENOS AIRES,"CR/LWAL/DUC/H:4,7",18456.4,1230.4,1200000.0,5.0,3,80,54501.2
AREA # 06,BUENOS AIRES,MCF/DNO/H:1,546633.6,546633.6,24000.0,1.0,1,80,1614193.8
AREA # 06,BUENOS AIRES,"MCF/DNO/H:1,3",736681.4,491120.9,84000.0,1.5,1,80,2175399.7
AREA # 06,BUENOS AIRES,"MCF/DUC/H:1,3",381567.3,95391.8,252000.0,2.0,2,90,1126757.6
AREA # 06,BUENOS AIRES,"MR/DNO/H:1,3",47141.0,9428.2,315000.0,2.5,2,90,139206.1
AREA # 06,BUENOS AIRES,"MR/DUC/H:1,3",47141.0,9428.2,400000.0,2.5,2,80,139206.1
AREA # 06,BUENOS AIRES,MUR+ADO/H:1,1840.1,1840.1,24000.0,1.0,1,80,5433.8
AREA # 06,BUENOS AIRES,"MUR+ADO/H:1,2",7427.3,5941.8,30000.0,1.25,1,80,21932.6
AREA # 06,BUENOS AIRES,"MUR+STDRE/H:1,2",36190.3,28952.2,30000.0,1.25,1,80,106869.0
AREA # 06,BUENOS AIRES,"MUR+STRUB/H:1,2",36641.0,29312.8,30000.0,1.25,1,80,108199.9
AREA # 06,BUENOS AIRES,MUR/H:1,469556.6,469556.6,24000.0,1.0,1,80,1386587.6
AREA # 06,BUENOS AIRES,"MUR/H:1,3",1164282.0,776188.0,36000.0,1.5,1,80,3438092.4
AREA # 06,BUENOS AIRES,UNK,65617.9,65617.9,24000.0,1.0,1,80,193767.8
AREA # 06,BUENOS AIRES,"W+WHE/H:1,3",22915.5,15277.0,94500.0,1.5,1,90,67668.8
AREA # 06,BUENOS AIRES,W+WLI/H:1,89643.3,89643.3,63000.0,1.0,1,90,264714.2
AREA # 06,BUENOS AIRES,"W+WLI/H:1,3",8140.0,5426.7,94500.0,1.5,1,90,24037.2
AREA # 06,BUENOS AIRES,W+WS/H:1,75755.2,75755.2,24000.0,1.0,1,80,223703.0
AREA # 06,BUENOS AIRES,W+WWD/H:1,21836.6,21836.6,24000.0,1.0,1,80,64482.9
AREA # 10,CATAMARCA,"CR/LDUAL/DUC/H:4,7",296.3,19.8,1200000.0,5.0,3,80,1024.8
AREA # 10,CATAMARCA,"CR/LDUAL/DUC/H:8,19",199.3,4.2,3840000.0,12.0,4,80,689.3
AREA # 10,CATAMARCA,"CR/LFINF/DNO/H:1,3",8963.5,2240.9,252000.0,2.0,2,90,31002.4
AREA # 10,CATAMARCA,"CR/LFINF/DUC/H:1,3",2390.1,597.5,320000.0,2.0,2,80,8266.7
AREA # 10,CATAMARCA,"CR/LFINF/DUC/H:4,7",123.8,8.3,1200000.0,5.0,3,80,428.2
AREA # 10,CATAMARCA,"CR/LFM/DNO/H:1,3",2670.5,667.6,252000.0,2.0,2,90,9236.6
AREA # 10,CATAMARCA,"CR/LFM/DUC/H:1,3",1188.2,297.1,320000.0,2.0,2,80,4109.7
AREA # 10,CATAMARCA,"CR/LFM/DUC/H:4,7",51.1,3.4,1200000.0,5.0,3,80,176.7
AREA # 10,CATAMARCA,"CR/LWAL/DNO/H:1,3",556.5,139.1,252000.0,2.0,2,90,1924.8
AREA # 10,CATAMARCA,"CR/LWAL/DNO/H:4,7",72.9,4.9,945000.0,5.0,3,90,252.1
AREA # 10,CATAMARCA,"CR/LWAL/DUC/H:4,7",72.9,4.9,1200000.0,5.0,3,80,252.1
AREA # 10,CATAMARCA,MCF/DNO/H:1,8868.0,8868.0,24000.0,1.0,1,80,30672.1
AREA # 10,CATAMARCA,"MCF/DNO/H:1,3",11402.0,7601.3,84000.0,1.5,1,80,39436.6
AREA # 10,CATAMARCA,"MCF/DUC/H:1,3",5807.0,1451.8,252000.0,2.0,2,90,20084.9
AREA # 10,CATAMARCA,"MR/DNO/H:1,3",605.0,121.0,315000.0,2.5,2,90,2092.5
AREA # 10,CATAMARCA,"MR/DUC/H:1,3",605.0,121.0,400000.0,2.5,2,80,2092.5
AREA # 10,CATAMARCA,MUR+ADO/H:1,1929.9,1929.9,24000.0,1.0,1,80,6675.0
AREA # 10,CATAMARCA,"MUR+ADO/H:1,2",7217.2,5773.8,30000.0,1.25,1,80,24962.4
AREA # 10,CATAMARCA,"MUR+STDRE/H:1,2",679.6,543.7,30000.0,1.25,1,80,2350.6
AREA # 10,CATAMARCA,"MUR+STRUB/H:1,2",714.9,571.9,30000.0,1.25,1,80,2472.7
AREA # 10,CATAMARCA,MUR/H:1,8966.7,8966.7,24000.0,1.0,1,80,31013.5
AREA # 10,CATAMARCA,"MUR/H:1,3",17467.8,11645.2,36000.0,1.5,1,80,60416.6
AREA # 10,CATAMARCA,UNK,618.1,618.1,24000.0,1.0,1,80,2137.8
AREA # 10,CATAMARCA,"W+WHE/H:1,3",57.6,38.4,94500.0,1.5,1,90,199.2
AREA # 10,CATAMARCA,W+WLI/H:1,220.3,220.3,63000.0,1.0,1,90,762.0
AREA # 10,CATAMARCA,"W+WLI/H:1,3",30.7,20.5,94500.0,1.5,1,90,106.2
AREA # 10,CATAMARCA,W+WS/H:1,177.2,177.2,24000.0,1.0,1,80,612.9
AREA # 10,CATAMARCA,W+WWD/H:1,73.7,73.7,24000.0,1.0,1,80,254.9
AREA # 14,CORDOBA,"CR/LDUAL/DUC/H:4,7",15713.4,1047.6,1200000.0,5.0,3,80,42969.8
AREA # 14,CORDOBA,"CR/LDUAL/DUC/H:8,19",10521.8,219.2,3840000.0,12.0,4,80,28772.9
AREA # 14,CORDOBA,"CR/LFINF/DNO/H:1,3",150847.3,37711.8,252000.0,2.0,2,90,412506.3
AREA # 14,CORDOBA,"CR/LFINF/DUC/H:1,3",39854.5,9963.6,320000.0,2.0,2,80,108985.9
AREA # 14,CORDOBA,"CR/LFINF/DUC/H:4,7",6558.7,437.2,1200000.0,5.0,3,80,17935.4
AREA # 14,CORDOBA,"CR/LFM/DNO/H:1,3",53093.3,13273.3,252000.0,2.0,2,90,145188.7
AREA # 14,CORDOBA,"CR/LFM/DUC/H:1,3",20446.3,5111.6,320000.0,2.0,2,80,55912.3
AREA # 14,CORDOBA,"CR/LFM/DUC/H:4,7",2665.2,177.7,1200000.0,5.0,3,80,7288.2
AREA # 14,CORDOBA,"CR/LWAL/DNO/H:1,3",8241.6,2060.4,252000.0,2.0,2,90,22537.4
AREA # 14,CORDOBA,"CR/LWAL/DNO/H:4,7",3893.7,259.6,945000.0,5.0,3,90,10647.7
AREA # 14,CORDOBA,"CR/LWAL/DUC/H:4,7",3893.7,259.6,1200000.0,5.0,3,80,10647.7
AREA # 14,CORDOBA,MCF/DNO/H:1,110499.0,110499.0,24000.0,1.0,1,80,302170.0
AREA # 14,CORDOBA,"MCF/DNO/H:1,3",173373.1,115582.1,84000.0,1.5,1,80,474105.2
AREA # 14,CORDOBA,"MCF/DUC/H:1,3",89893.3,22473.3,252000.0,2.0,2,90,245821.8
AREA # 14,CORDOBA,"MR/DNO/H:1,3",10837.4,2167.5,315000.0,2.5,2,90,29635.9
AREA # 14,CORDOBA,"MR/DUC/H:1,3",10837.4,2167.5,400000.0,2.5,2,80,29635.9
AREA # 14,CORDOBA,MUR+ADO/H:1,742.4,742.4,24000.0,1.0,1,80,2030.2
AREA # 14,CORDOBA,"MUR+ADO/H:1,2",2058.8,1647.0,30000.0,1.25,1,80,5630.0
AREA # 14,CORDOBA,"MUR+STDRE/H:1,2",8591.3,6873.0,30000.0,1.25,1,80,23493.7
AREA # 14,CORDOBA,"MUR+STRUB/H:1,2",8765.7,7012.6,30000.0,1.25,1,80,23970.6
AREA # 14,CORDOBA,MUR/H:1,68623.8,68623.8,24000.0,1.0,1,80,187658.3
AREA # 14,CORDOBA,"MUR/H:1,3",269581.4,179721.0,36000.0,1.5,1,80,737195.9
AREA # 14,CORDOBA,UNK,5383.0,5383.0,24000.0,1.0,1,80,14720.3
AREA # 14,CORDOBA,"W+WHE/H:1,3",590.7,393.8,94500.0,1.5,1,90,1615.3
AREA # 14,CORDOBA,W+WLI/H:1,1472.3,1472.3,63000.0,1.0,1,90,4026.1
AREA # 14,CORDOBA,"W+WLI/H:1,3",467.3,311.5,94500.0,1.5,1,90,1277.9
AREA # 14,CORDOBA,W+WS/H:1,668.2,668.2,24000.0,1.0,1,80,1827.3
AREA # 14,CORDOBA,W+WWD/H:1,220.6,220.6,24000.0,1.0,1,80,603.3
AREA # 18,CORRIENTES,"CR/LDUAL/DUC/H:4,7",1578.8,105.3,1200000.0,5.0,3,80,5428.1
AREA # 18,CORRIENTES,"CR/LDUAL/DUC/H:8,19",1067.7,22.2,3840000.0,12.0,4,80,3670.9
AREA # 18,CORRIENTES,"CR/LFINF/DNO/H:1,3",26514.0,6628.5,252000.0,2.0,2,90,91158.1
AREA # 18,CORRIENTES,"CR/LFINF/DUC/H:1,3",7053.0,1763.3,320000.0,2.0,2,80,24249.0
AREA # 18,CORRIENTES,"CR/LFINF/DUC/H:4,7",661.6,44.1,1200000.0,5.0,3,80,2274.7
AREA # 18,CORRIENTES,"CR/LFM/DNO/H:1,3",8440.9,2110.2,252000.0,2.0,2,90,29020.8
AREA # 18,CORRIENTES,"CR/LFM/DUC/H:1,3",3535.1,883.8,320000.0,2.0,2,80,12154.1
AREA # 18,CORRIENTES,"CR/LFM/DUC/H:4,7",278.4,18.6,1200000.0,5.0,3,80,957.2
AREA # 18,CORRIENTES,"CR/LWAL/DNO/H:1,3",1564.6,391.1,252000.0,2.0,2,90,5379.3
AREA # 18,CORRIENTES,"CR/LWAL/DNO/H:4,7",383.2,25.5,945000.0,5.0,3,90,1317.5
AREA # 18,CORRIENTES,"CR/LWAL/DUC/H:4,7",383.2,25.5,1200000.0,5.0,3,80,1317.5
AREA # 18,CORRIENTES,MCF/DNO/H:1,27686.7,27686.7,24000.0,1.0,1,80,95190.0
AREA # 18,CORRIENTES,"MCF/DNO/H:1,3",32551.9,21701.3,84000.0,1.5,1,80,111917.1
AREA # 18,CORRIENTES,"MCF/DUC/H:1,3",16683.9,4171.0,252000.0,2.0,2,90,57361.1
AREA # 18,CORRIENTES,"MR/DNO/H:1,3",1819.9,364.0,315000.0,2.5,2,90,6257.0
AREA # 18,CORRIENTES,"MR/DUC/H:1,3",1819.9,364.0,400000.0,2.5,2,80,6257.0
AREA # 18,CORRIENTES,MUR+ADO/H:1,2370.2,2370.2,24000.0,1.0,1,80,8149.0
AREA # 18,CORRIENTES,"MUR+ADO/H:1,2",869.7,695.7,30000.0,1.25,1,80,2990.1
AREA # 18,CORRIENTES,"MUR+STDRE/H:1,2",1849.6,1479.7,30000.0,1.25,1,80,6359.1
AREA # 18,CORRIENTES,"MUR+STRUB/H:1,2",1991.4,1593.1,30000.0,1.25,1,80,6846.7
AREA # 18,CORRIENTES,MUR/H:1,31245.8,31245.8,24000.0,1.0,1,80,107426.5
AREA # 18,CORRIENTES,"MUR/H:1,3",50815.2,33876.8,36000.0,1.5,1,80,174708.3
AREA # 18,CORRIENTES,UNK,4448.5,4448.5,24000.0,1.0,1,80,15294.4
AREA # 18,CORRIENTES,"W+WHE/H:1,3",800.6,533.8,94500.0,1.5,1,90,2752.6
AREA # 18,CORRIENTES,W+WLI/H:1,5045.1,5045.1,63000.0,1.0,1,90,17345.6
AREA # 18,CORRIENTES,"W+WLI/H:1,3",313.2,208.8,94500.0,1.5,1,90,1076.8
AREA # 18,CORRIENTES,W+WS/H:1,5300.3,5300.3,24000.0,1.0,1,80,18223.0
AREA # 18,CORRIENTES,W+WWD/H:1,2077.5,2077.5,24000.0,1.0,1,80,7142.7
AREA # 22,CHACO,"CR/LDUAL/DUC/H:4,7",1344.8,89.7,1200000.0,5.0,3,80,4533.5
AREA # 22,CHACO,"CR/LDUAL/DUC/H:8,19",901.9,18.8,3840000.0,12.0,4,80,3040.4
AREA # 22,CHACO,"CR/LFINF/DNO/H:1,3",23861.0,5965.2,252000.0,2.0,2,90,80438.8
AREA # 22,CHACO,"CR/LFINF/DUC/H:1,3",6345.2,1586.3,320000.0,2.0,2,80,21390.6
AREA # 22,CHACO,"CR/LFINF/DUC/H:4,7",561.7,37.4,1200000.0,5.0,3,80,1893.6
AREA # 22,CHACO,"CR/LFM/DNO/H:1,3",7543.6,1885.9,252000.0,2.0,2,90,25430.5
AREA # 22,CHACO,"CR/LFM/DUC/H:1,3",3182.6,795.6,320000.0,2.0,2,80,10729.0
AREA # 22,CHACO,"CR/LFM/DUC/H:4,7",229.5,15.3,1200000.0,5.0,3,80,773.7
AREA # 22,CHACO,"CR/LWAL/DNO/H:1,3",1421.2,355.3,252000.0,2.0,2,90,4791.1
AREA # 22,CHACO,"CR/LWAL/DNO/H:4,7",332.2,22.1,945000.0,5.0,3,90,1119.9
AREA # 22,CHACO,"CR/LWAL/DUC/H:4,7",332.2,22.1,1200000.0,5.0,3,80,1119.9
AREA # 22,CHACO,MCF/DNO/H:1,39157.3,39157.3,24000.0,1.0,1,80,132004.8
AREA # 22,CHACO,"MCF/DNO/H:1,3",29663.8,19775.9,84000.0,1.5,1,80,100000.9
AREA # 22,CHACO,"MCF/DUC/H:1,3",15062.0,3765.5,252000.0,2.0,2,90,50776.1
AREA # 22,CHACO,"MR/DNO/H:1,3",1642.7,328.5,315000.0,2.5,2,90,5537.8
AREA # 22,CHACO,"MR/DUC/H:1,3",1642.7,328.5,400000.0,2.5,2,80,5537.8
AREA # 22,CHACO,MUR+ADO/H:1,2422.2,2422.2,24000.0,1.0,1,80,8165.6
AREA # 22,CHACO,"MUR+ADO/H:1,2",457.8,366.3,30000.0,1.25,1,80,1543.3
AREA # 22,CHACO,"MUR+STDRE/H:1,2",2162.5,1730.0,30000.0,1.25,1,80,7290.1
AREA # 22,CHACO,"MUR+STRUB/H:1,2",2414.0,1931.2,30000.0,1.25,1,80,8137.9
AREA # 22,CHACO,MUR/H:1,66121.9,66121.9,24000.0,1.0,1,80,222906.3
AREA # 22,CHACO,"MUR/H:1,3",46959.6,31306.4,36000.0,1.5,1,80,158307.4
AREA # 22,CHACO,UNK,6132.9,6132.9,24000.0,1.0,1,80,20674.9
AREA # 22,CHACO,"W+WHE/H:1,3",202.0,134.7,94500.0,1.5,1,90,681.0
AREA # 22,CHACO,W+WLI/H:1,1927.8,1927.8,63000.0,1.0,1,90,6498.9
AREA # 22,CHACO,"W+WLI/H:1,3",111.9,74.6,94500.0,1.5,1,90,377.2
AREA # 22,CHACO,W+WS/H:1,1710.8,1710.8,24000.0,1.0,1,80,5767.3
AREA # 22,CHACO,W+WWD/H:1,955.1,955.1,24000.0,1.0,1,80,3219.8
AREA # 26,CHUBUT,"CR/LDUAL/DUC/H:4,7",2284.7,152.3,1200000.0,5.0,3,80,6688.7
AREA # 26,CHUBUT,"CR/LDUAL/DUC/H:8,19",1524.6,31.8,3840000.0,12.0,4,80,4463.4
AREA # 26,CHUBUT,"CR/LFINF/DNO/H:1,3",20131.2,5032.8,252000.0,2.0,2,90,58936.2
AREA # 26,CHUBUT,"CR/LFINF/DUC/H:1,3",5316.2,1329.1,320000.0,2.0,2,80,15563.7
AREA # 26,CHUBUT,"CR/LFINF/DUC/H:4,7",952.3,63.5,1200000.0,5.0,3,80,2788.0
AREA # 26,CHUBUT,"CR/LFM/DNO/H:1,3",7271.5,1817.9,252000.0,2.0,2,90,21288.1
AREA # 26,CHUBUT,"CR/LFM/DUC/H:1,3",2725.7,681.4,320000.0,2.0,2,80,7979.8
AREA # 26,CHUBUT,"CR/LFM/DUC/H:4,7",382.2,25.5,1200000.0,5.0,3,80,1118.9
AREA # 26,CHUBUT,"CR/LWAL/DNO/H:1,3",1076.7,269.2,252000.0,2.0,2,90,3152.2
AREA # 26,CHUBUT,"CR/LWAL/DNO/H:4,7",570.0,38.0,945000.0,5.0,3,90,1668.7
AREA # 26,CHUBUT,"CR/LWAL/DUC/H:4,7",570.0,38.0,1200000.0,5.0,3,80,1668.7
AREA # 26,CHUBUT,MCF/DNO/H:1,14555.6,14555.6,24000.0,1.0,1,80,42613.0
AREA # 26,CHUBUT,"MCF/DNO/H:1,3",22977.2,15318.1,84000.0,1.5,1,80,67268.2
AREA # 26,CHUBUT,"MCF/DUC/H:1,3",11888.5,2972.1,252000.0,2.0,2,90,34804.8
AREA # 26,CHUBUT,"MR/DNO/H:1,3",1456.8,291.4,315000.0,2.5,2,90,4264.9
AREA # 26,CHUBUT,"MR/DUC/H:1,3",1456.8,291.4,400000.0,2.5,2,80,4264.9
AREA # 26,CHUBUT,MUR+ADO/H:1,121.0,121.0,24000.0,1.0,1,80,354.2
AREA # 26,CHUBUT,"MUR+ADO/H:1,2",353.4,282.7,30000.0,1.25,1,80,1034.6
AREA # 26,CHUBUT,"MUR+STDRE/H:1,2",1239.7,991.8,30000.0,1.25,1,80,3629.4
AREA # 26,CHUBUT,"MUR+STRUB/H:1,2",1249.4,999.5,30000.0,1.25,1,80,3657.7
AREA # 26,CHUBUT,MUR/H:1,10486.1,10486.1,24000.0,1.0,1,80,30699.2
AREA # 26,CHUBUT,"MUR/H:1,3",35270.5,23513.7,36000.0,1.5,1,80,103258.1
AREA # 26,CHUBUT,UNK,6042.6,6042.6,24000.0,1.0,1,80,17690.3
AREA # 26,CHUBUT,"W+WHE/H:1,3",1203.6,802.4,94500.0,1.5,1,90,3523.7
AREA # 26,CHUBUT,W+WLI/H:1,5040.4,5040.4,63000.0,1.0,1,90,14756.3
AREA # 26,CHUBUT,"W+WLI/H:1,3",1003.8,669.2,94500.0,1.5,1,90,2938.7
AREA # 26,CHUBUT,W+WS/H:1,1147.4,1147.4,24000.0,1.0,1,80,3359.1
AREA # 26,CHUBUT,W+WWD/H:1,285.0,285.0,24000.0,1.0,1,80,834.4
AREA # 30,ENTRE RIOS,"CR/LDUAL/DUC/H:4,7",3198.3,213.2,1200000.0,5.0,3,80,9516.0
AREA # 30,ENTRE RIOS,"CR/LDUAL/DUC/H:8,19",2137.8,44.5,3840000.0,12.0,4,80,6360.7
AREA # 30,ENTRE RIOS,"CR/LFINF/DNO/H:1,3",46159.6,11539.9,252000.0,2.0,2,90,137340.6
AREA # 30,ENTRE RIOS,"CR/LFINF/DUC/H:1,3",12232.2,3058.0,320000.0,2.0,2,80,36395.0
AREA # 30,ENTRE RIOS,"CR/LFINF/DUC/H:4,7",1333.9,88.9,1200000.0,5.0,3,80,3968.8
AREA # 30,ENTRE RIOS,"CR/LFM/DNO/H:1,3",14934.4,3733.6,252000.0,2.0,2,90,44435.0
AREA # 30,ENTRE RIOS,"CR/LFM/DUC/H:1,3",6223.1,1555.8,320000.0,2.0,2,80,18515.9
AREA # 30,ENTRE RIOS,"CR/LFM/DUC/H:4,7",538.7,35.9,1200000.0,5.0,3,80,1602.8
AREA # 30,ENTRE RIOS,"CR/LWAL/DNO/H:1,3",2709.6,677.4,252000.0,2.0,2,90,8062.0
AREA # 30,ENTRE RIOS,"CR/LWAL/DNO/H:4,7",795.4,53.0,945000.0,5.0,3,90,2366.6
AREA # 30,ENTRE RIOS,"CR/LWAL/DUC/H:4,7",795.4,53.0,1200000.0,5.0,3,80,2366.6
AREA # 30,ENTRE RIOS,MCF/DNO/H:1,38825.3,38825.3,24000.0,1.0,1,80,115518.6
AREA # 30,ENTRE RIOS,"MCF/DNO/H:1,3",55912.0,37274.7,84000.0,1.5,1,80,166357.4
AREA # 30,ENTRE RIOS,"MCF/DUC/H:1,3",28600.9,7150.2,252000.0,2.0,2,90,85097.5
AREA # 30,ENTRE RIOS,"MR/DNO/H:1,3",3239.9,648.0,315000.0,2.5,2,90,9639.8
AREA # 30,ENTRE RIOS,"MR/DUC/H:1,3",3239.9,648.0,400000.0,2.5,2,80,9639.8
AREA # 30,ENTRE RIOS,MUR+ADO/H:1,365.1,365.1,24000.0,1.0,1,80,1086.3
AREA # 30,ENTRE RIOS,"MUR+ADO/H:1,2",465.1,372.1,30000.0,1.25,1,80,1383.8
AREA # 30,ENTRE RIOS,"MUR+STDRE/H:1,2",2883.0,2306.4,30000.0,1.25,1,80,8577.9
AREA # 30,ENTRE RIOS,"MUR+STRUB/H:1,2",2961.3,2369.1,30000.0,1.25,1,80,8810.9
AREA # 30,ENTRE RIOS,MUR/H:1,29053.9,29053.9,24000.0,1.0,1,80,86445.3
AREA # 30,ENTRE RIOS,"MUR/H:1,3",86218.1,57478.7,36000.0,1.5,1,80,256528.4
AREA # 30,ENTRE RIOS,UNK,3284.5,3284.5,24000.0,1.0,1,80,9772.5
AREA # 30,ENTRE RIOS,"W+WHE/H:1,3",930.3,620.2,94500.0,1.5,1,90,2768.0
AREA # 30,ENTRE RIOS,W+WLI/H:1,3908.7,3908.7,63000.0,1.0,1,90,11629.7
AREA # 30,ENTRE RIOS,"W+WLI/H:1,3",378.7,252.5,94500.0,1.5,1,90,1126.8
AREA # 30,ENTRE RIOS,W+WS/H:1,3438.9,3438.9,24000.0,1.0,1,80,10231.9
AREA # 30,ENTRE RIOS,W+WWD/H:1,1091.1,1091.1,24000.0,1.0,1,80,3246.4
AREA # 34,FORMOSA,"CR/LDUAL/DUC/H:4,7",487.8,32.5,1200000.0,5.0,3,80,1694.6
AREA # 34,FORMOSA,"CR/LDUAL/DUC/H:8,19",327.6,6.8,3840000.0,12.0,4,80,1138.1
AREA # 34,FORMOSA,"CR/LFINF/DNO/H:1,3",9896.1,2474.0,252000.0,2.0,2,90,34378.9
AREA # 34,FORMOSA,"CR/LFINF/DUC/H:1,3",2641.9,660.5,320000.0,2.0,2,80,9177.9
AREA # 34,FORMOSA,"CR/LFINF/DUC/H:4,7",203.9,13.6,1200000.0,5.0,3,80,708.3
AREA # 34,FORMOSA,"CR/LFM/DNO/H:1,3",3120.9,780.2,252000.0,2.0,2,90,10842.0
AREA # 34,FORMOSA,"CR/LFM/DUC/H:1,3",1301.7,325.4,320000.0,2.0,2,80,4522.1
AREA # 34,FORMOSA,"CR/LFM/DUC/H:4,7",83.7,5.6,1200000.0,5.0,3,80,290.8
AREA # 34,FORMOSA,"CR/LWAL/DNO/H:1,3",588.9,147.2,252000.0,2.0,2,90,2045.8
AREA # 34,FORMOSA,"CR/LWAL/DNO/H:4,7",120.2,8.0,945000.0,5.0,3,90,417.6
AREA # 34,FORMOSA,"CR/LWAL/DUC/H:4,7",120.2,8.0,1200000.0,5.0,3,80,417.6
AREA # 34,FORMOSA,MCF/DNO/H:1,18059.9,18059.9,24000.0,1.0,1,80,62739.8
AREA # 34,FORMOSA,"MCF/DNO/H:1,3",12274.5,8183.0,84000.0,1.5,1,80,42641.4
AREA # 34,FORMOSA,"MCF/DUC/H:1,3",6336.3,1584.1,252000.0,2.0,2,90,22012.2
AREA # 34,FORMOSA,"MR/DNO/H:1,3",669.0,133.8,315000.0,2.5,2,90,2324.1
AREA # 34,FORMOSA,"MR/DUC/H:1,3",669.0,133.8,400000.0,2.5,2,80,2324.1
AREA # 34,FORMOSA,MUR+ADO/H:1,1643.8,1643.8,24000.0,1.0,1,80,5710.5
AREA # 34,FORMOSA,"MUR+ADO/H:1,2",221.5,177.2,30000.0,1.25,1,80,769.5
AREA # 34,FORMOSA,"MUR+STDRE/H:1,2",987.9,790.3,30000.0,1.25,1,80,3431.9
AREA # 34,FORMOSA,"MUR+STRUB/H:1,2",1085.5,868.4,30000.0,1.25,1,80,3771.0
AREA # 34,FORMOSA,MUR/H:1,32349.7,32349.7,24000.0,1.0,1,80,112382.3
AREA # 34,FORMOSA,"MUR/H:1,3",19192.0,12794.7,36000.0,1.5,1,80,66672.7
AREA # 34,FORMOSA,UNK,6597.5,6597.5,24000.0,1.0,1,80,22919.6
AREA # 34,FORMOSA,"W+WHE/H:1,3",80.0,53.3,94500.0,1.5,1,90,277.9
AREA # 34,FORMOSA,W+WLI/H:1,1391.4,1391.4,63000.0,1.0,1,90,4833.7
AREA # 34,FORMOSA,"W+WLI/H:1,3",21.1,14.1,94500.0,1.5,1,90,73.3
AREA # 34,FORMOSA,W+WS/H:1,1659.6,1659.6,24000.0,1.0,1,80,5765.4
AREA # 34,FORMOSA,W+WWD/H:1,1272.3,1272.3,24000.0,1.0,1,80,4419.9
AREA # 38,JUJUY,"CR/LDUAL/DUC/H:4,7",1119.2,74.6,1200000.0,5.0,3,80,4130.9
AREA # 38,JUJUY,"CR/LDUAL/DUC/H:8,19",749.0,15.6,3840000.0,12.0,4,80,2764.5
AREA # 38,JUJUY,"CR/LFINF/DNO/H:1,3",15895.8,3974.0,252000.0,2.0,2,90,58670.8
AREA # 38,JUJUY,"CR/LFINF/DUC/H:1,3",4247.0,1061.8,320000.0,2.0,2,80,15675.5
AREA # 38,JUJUY,"CR/LFINF/DUC/H:4,7",467.0,31.1,1200000.0,5.0,3,80,1723.7
AREA # 38,JUJUY,"CR/LFM/DNO/H:1,3",5364.1,1341.0,252000.0,2.0,2,90,19798.7
AREA # 38,JUJUY,"CR/LFM/DUC/H:1,3",2073.8,518.5,320000.0,2.0,2,80,7654.3
AREA # 38,JUJUY,"CR/LFM/DUC/H:4,7",189.4,12.6,1200000.0,5.0,3,80,699.1
AREA # 38,JUJUY,"CR/LWAL/DNO/H:1,3",896.0,224.0,252000.0,2.0,2,90,3307.1
AREA # 38,JUJUY,"CR/LWAL/DNO/H:4,7",277.6,18.5,945000.0,5.0,3,90,1024.6
AREA # 38,JUJUY,"CR/LWAL/DUC/H:4,7",277.6,18.5,1200000.0,5.0,3,80,1024.6
AREA # 38,JUJUY,MCF/DNO/H:1,17145.6,17145.6,24000.0,1.0,1,80,63283.8
AREA # 38,JUJUY,"MCF/DNO/H:1,3",19166.7,12777.8,84000.0,1.5,1,80,70743.6
AREA # 38,JUJUY,"MCF/DUC/H:1,3",10010.8,2502.7,252000.0,2.0,2,90,36949.5
AREA # 38,JUJUY,"MR/DNO/H:1,3",1081.0,216.2,315000.0,2.5,2,90,3989.9
AREA # 38,JUJUY,"MR/DUC/H:1,3",1081.0,216.2,400000.0,2.5,2,80,3989.9
AREA # 38,JUJUY,MUR+ADO/H:1,2944.5,2944.5,24000.0,1.0,1,80,10868.0
AREA # 38,JUJUY,"MUR+ADO/H:1,2",9643.8,7715.0,30000.0,1.25,1,80,35594.9
AREA # 38,JUJUY,"MUR+STDRE/H:1,2",1317.6,1054.1,30000.0,1.25,1,80,4863.2
AREA # 38,JUJUY,"MUR+STRUB/H:1,2",1554.4,1243.5,30000.0,1.25,1,80,5737.2
AREA # 38,JUJUY,MUR/H:1,24186.0,24186.0,24000.0,1.0,1,80,89269.7
AREA # 38,JUJUY,"MUR/H:1,3",31382.9,20921.9,36000.0,1.5,1,80,115833.2
AREA # 38,JUJUY,UNK,2794.9,2794.9,24000.0,1.0,1,80,10315.9
AREA # 38,JUJUY,"W+WHE/H:1,3",259.2,172.8,94500.0,1.5,1,90,956.7
AREA # 38,JUJUY,W+WLI/H:1,1677.4,1677.4,63000.0,1.0,1,90,6191.2
AREA # 38,JUJUY,"W+WLI/H:1,3",139.2,92.8,94500.0,1.5,1,90,513.8
AREA # 38,JUJUY,W+WS/H:1,1920.6,1920.6,24000.0,1.0,1,80,7088.9
AREA # 38,JUJUY,W+WWD/H:1,784.8,784.8,24000.0,1.0,1,80,2896.7
AREA # 42,LA PAMPA,"CR/LDUAL/DUC/H:4,7",742.1,49.5,1200000.0,5.0,3,80,1868.8
AREA # 42,LA PAMPA,"CR/LDUAL/DUC/H:8,19",495.3,10.3,3840000.0,12.0,4,80,1247.3
AREA # 42,LA PAMPA,"CR/LFINF/DNO/H:1,3",14959.8,3739.9,252000.0,2.0,2,90,37672.8
AREA # 42,LA PAMPA,"CR/LFINF/DUC/H:1,3",3974.9,993.7,320000.0,2.0,2,80,10009.9
AREA # 42,LA PAMPA,"CR/LFINF/DUC/H:4,7",309.3,20.6,1200000.0,5.0,3,80,778.9
AREA # 42,LA PAMPA,"CR/LFM/DNO/H:1,3",4622.0,1155.5,252000.0,2.0,2,90,11639.4
AREA # 42,LA PAMPA,"CR/LFM/DUC/H:1,3",2003.1,500.8,320000.0,2.0,2,80,5044.3
AREA # 42,LA PAMPA,"CR/LFM/DUC/H:4,7",124.3,8.3,1200000.0,5.0,3,80,313.0
AREA # 42,LA PAMPA,"CR/LWAL/DNO/H:1,3",908.6,227.1,252000.0,2.0,2,90,2288.1
AREA # 42,LA PAMPA,"CR/LWAL/DNO/H:4,7",185.1,12.3,945000.0,5.0,3,90,466.1
AREA # 42,LA PAMPA,"CR/LWAL/DUC/H:4,7",185.1,12.3,1200000.0,5.0,3,80,466.1
AREA # 42,LA PAMPA,MCF/DNO/H:1,10689.9,10689.9,24000.0,1.0,1,80,26920.0
AREA # 42,LA PAMPA,"MCF/DNO/H:1,3",18614.8,12409.9,84000.0,1.5,1,80,46877.1
AREA # 42,LA PAMPA,"MCF/DUC/H:1,3",9488.1,2372.0,252000.0,2.0,2,90,23893.6
AREA # 42,LA PAMPA,"MR/DNO/H:1,3",1031.9,206.4,315000.0,2.5,2,90,2598.6
AREA # 42,LA PAMPA,"MR/DUC/H:1,3",1031.9,206.4,400000.0,2.5,2,80,2598.6
AREA # 42,LA PAMPA,MUR+ADO/H:1,89.4,89.4,24000.0,1.0,1,80,225.1
AREA # 42,LA PAMPA,"MUR+ADO/H:1,2",983.3,786.6,30000.0,1.25,1,80,2476.2
AREA # 42,LA PAMPA,"MUR+STDRE/H:1,2",952.5,762.0,30000.0,1.25,1,80,2398.7
AREA # 42,LA PAMPA,"MUR+STRUB/H:1,2",962.8,770.2,30000.0,1.25,1,80,2424.6
AREA # 42,LA PAMPA,MUR/H:1,4143.9,4143.9,24000.0,1.0,1,80,10435.5
AREA # 42,LA PAMPA,"MUR/H:1,3",28382.8,18921.8,36000.0,1.5,1,80,71475.5
AREA # 42,LA PAMPA,UNK,962.5,962.5,24000.0,1.0,1,80,2423.8
AREA # 42,LA PAMPA,"W+WHE/H:1,3",24.0,16.0,94500.0,1.5,1,90,60.4
AREA # 42,LA PAMPA,W+WLI/H:1,220.3,220.3,63000.0,1.0,1,90,554.8
AREA # 42,LA PAMPA,"W+WLI/H:1,3",19.8,13.2,94500.0,1.5,1,90,49.9
AREA # 42,LA PAMPA,W+WS/H:1,29.7,29.7,24000.0,1.0,1,80,74.8
AREA # 42,LA PAMPA,W+WWD/H:1,23.0,23.0,24000.0,1.0,1,80,57.9
AREA # 46,LA RIOJA,"CR/LDUAL/DUC/H:4,7",332.1,22.1,1200000.0,5.0,3,80,1058.5
AREA # 46,LA RIOJA,"CR/LDUAL/DUC/H:8,19",223.4,4.7,3840000.0,12.0,4,80,712.0
AREA # 46,LA RIOJA,"CR/LFINF/DNO/H:1,3",10138.4,2534.6,252000.0,2.0,2,90,32312.7
AREA # 46,LA RIOJA,"CR/LFINF/DUC/H:1,3",2703.5,675.9,320000.0,2.0,2,80,8616.5
AREA # 46,LA RIOJA,"CR/LFINF/DUC/H:4,7",139.0,9.3,1200000.0,5.0,3,80,443.0
AREA # 46,LA RIOJA,"CR/LFM/DNO/H:1,3",3017.8,754.5,252000.0,2.0,2,90,9618.2
AREA # 46,LA RIOJA,"CR/LFM/DUC/H:1,3",1344.0,336.0,320000.0,2.0,2,80,4283.5
AREA # 46,LA RIOJA,"CR/LFM/DUC/H:4,7",57.4,3.8,1200000.0,5.0,3,80,182.9
AREA # 46,LA RIOJA,"CR/LWAL/DNO/H:1,3",629.7,157.4,252000.0,2.0,2,90,2007.0
AREA # 46,LA RIOJA,"CR/LWAL/DNO/H:4,7",81.5,5.4,945000.0,5.0,3,90,259.8
AREA # 46,LA RIOJA,"CR/LWAL/DUC/H:4,7",81.5,5.4,1200000.0,5.0,3,80,259.8
AREA # 46,LA RIOJA,MCF/DNO/H:1,10366.6,10366.6,24000.0,1.0,1,80,33040.0
AREA # 46,LA RIOJA,"MCF/DNO/H:1,3",13004.8,8669.9,84000.0,1.5,1,80,41448.4
AREA # 46,LA RIOJA,"MCF/DUC/H:1,3",6570.0,1642.5,252000.0,2.0,2,90,20939.6
AREA # 46,LA RIOJA,"MR/DNO/H:1,3",684.1,136.8,315000.0,2.5,2,90,2180.3
AREA # 46,LA RIOJA,"MR/DUC/H:1,3",684.1,136.8,400000.0,2.5,2,80,2180.3
AREA # 46,LA RIOJA,MUR+ADO/H:1,1281.7,1281.7,24000.0,1.0,1,80,4085.0
AREA # 46,LA RIOJA,"MUR+ADO/H:1,2",3850.0,3080.0,30000.0,1.25,1,80,12270.6
AREA # 46,LA RIOJA,"MUR+STDRE/H:1,2",770.5,616.4,30000.0,1.25,1,80,2455.7
AREA # 46,LA RIOJA,"MUR+STRUB/H:1,2",818.0,654.4,30000.0,1.25,1,80,2607.1
AREA # 46,LA RIOJA,MUR/H:1,10909.9,10909.9,24000.0,1.0,1,80,34771.6
AREA # 46,LA RIOJA,"MUR/H:1,3",20564.7,13709.8,36000.0,1.5,1,80,65543.0
AREA # 46,LA RIOJA,UNK,1304.6,1304.6,24000.0,1.0,1,80,4158.0
AREA # 46,LA RIOJA,"W+WHE/H:1,3",113.9,75.9,94500.0,1.5,1,90,363.0
AREA # 46,LA RIOJA,W+WLI/H:1,466.6,466.6,63000.0,1.0,1,90,1487.1
AREA # 46,LA RIOJA,"W+WLI/H:1,3",88.9,59.3,94500.0,1.5,1,90,283.3
AREA # 46,LA RIOJA,W+WS/H:1,189.0,189.0,24000.0,1.0,1,80,602.4
AREA # 46,LA RIOJA,W+WWD/H:1,109.4,109.4,24000.0,1.0,1,80,348.7
AREA # 50,MENDOZA,"CR/LDUAL/DUC/H:4,7",5236.1,349.1,1200000.0,5.0,3,80,16880.6
AREA # 50,MENDOZA,"CR/LDUAL/DUC/H:8,19",3497.5,72.9,3840000.0,12.0,4,80,11275.5
AREA # 50,MENDOZA,"CR/LFINF/DNO/H:1,3",53741.2,13435.3,252000.0,2.0,2,90,173255.6
AREA # 50,MENDOZA,"CR/LFINF/DUC/H:1,3",14203.3,3550.8,320000.0,2.0,2,80,45789.8
AREA # 50,MENDOZA,"CR/LFINF/DUC/H:4,7",2183.4,145.6,1200000.0,5.0,3,80,7039.0
AREA # 50,MENDOZA,"CR/LFM/DNO/H:1,3",18628.2,4657.1,252000.0,2.0,2,90,60055.2
AREA # 50,MENDOZA,"CR/LFM/DUC/H:1,3",7279.6,1819.9,320000.0,2.0,2,80,23468.6
AREA # 50,MENDOZA,"CR/LFM/DUC/H:4,7",879.6,58.6,1200000.0,5.0,3,80,2835.7
AREA # 50,MENDOZA,"CR/LWAL/DNO/H:1,3",2982.7,745.7,252000.0,2.0,2,90,9615.9
AREA # 50,MENDOZA,"CR/LWAL/DNO/H:4,7",1303.8,86.9,945000.0,5.0,3,90,4203.3
AREA # 50,MENDOZA,"CR/LWAL/DUC/H:4,7",1303.8,86.9,1200000.0,5.0,3,80,4203.3
AREA # 50,MENDOZA,MCF/DNO/H:1,36867.5,36867.5,24000.0,1.0,1,80,118856.7
AREA # 50,MENDOZA,"MCF/DNO/H:1,3",62383.2,41588.8,84000.0,1.5,1,80,201116.4
AREA # 50,MENDOZA,"MCF/DUC/H:1,3",32267.3,8066.8,252000.0,2.0,2,90,104026.1
AREA # 50,MENDOZA,"MR/DNO/H:1,3",3852.0,770.4,315000.0,2.5,2,90,12418.4
AREA # 50,MENDOZA,"MR/DUC/H:1,3",3852.0,770.4,400000.0,2.5,2,80,12418.4
AREA # 50,MENDOZA,MUR+ADO/H:1,2887.6,2887.6,24000.0,1.0,1,80,9309.3
AREA # 50,MENDOZA,"MUR+ADO/H:1,2",51216.8,40973.4,30000.0,1.25,1,80,165117.2
AREA # 50,MENDOZA,"MUR+STDRE/H:1,2",3269.4,2615.5,30000.0,1.25,1,80,10540.2
AREA # 50,MENDOZA,"MUR+STRUB/H:1,2",3368.3,2694.6,30000.0,1.25,1,80,10859.0
AREA # 50,MENDOZA,MUR/H:1,19264.5,19264.5,24000.0,1.0,1,80,62106.6
AREA # 50,MENDOZA,"MUR/H:1,3",96453.6,64302.4,36000.0,1.5,1,80,310955.5
AREA # 50,MENDOZA,UNK,3232.4,3232.4,24000.0,1.0,1,80,10420.9
AREA # 50,MENDOZA,"W+WHE/H:1,3",1117.2,744.8,94500.0,1.5,1,90,3601.7
AREA # 50,MENDOZA,W+WLI/H:1,1869.3,1869.3,63000.0,1.0,1,90,6026.4
AREA # 50,MENDOZA,"W+WLI/H:1,3",1007.7,671.8,94500.0,1.5,1,90,3248.7
AREA # 50,MENDOZA,W+WS/H:1,1003.5,1003.5,24000.0,1.0,1,80,3235.2
AREA # 50,MENDOZA,W+WWD/H:1,306.7,306.7,24000.0,1.0,1,80,988.8
AREA # 54,MISIONES,"CR/LDUAL/DUC/H:4,7",2084.6,139.0,1200000.0,5.0,3,80,6844.9
AREA # 54,MISIONES,"CR/LDUAL/DUC/H:8,19",1396.2,29.1,3840000.0,12.0,4,80,4584.5
AREA # 54,MISIONES,"CR/LFINF/DNO/H:1,3",21679.3,5419.8,252000.0,2.0,2,90,71185.1
AREA # 54,MISIONES,"CR/LFINF/DUC/H:1,3",5745.3,1436.3,320000.0,2.0,2,80,18865.0
AREA # 54,MISIONES,"CR/LFINF/DUC/H:4,7",870.2,58.0,1200000.0,5.0,3,80,2857.3
AREA # 54,MISIONES,"CR/LFM/DNO/H:1,3",7567.5,1891.9,252000.0,2.0,2,90,24848.3
AREA # 54,MISIONES,"CR/LFM/DUC/H:1,3",2908.2,727.1,320000.0,2.0,2,80,9549.2
AREA # 54,MISIONES,"CR/LFM/DUC/H:4,7",353.8,23.6,1200000.0,5.0,3,80,1161.7
AREA # 54,MISIONES,"CR/LWAL/DNO/H:1,3",1191.1,297.8,252000.0,2.0,2,90,3911.0
AREA # 54,MISIONES,"CR/LWAL/DNO/H:4,7",516.4,34.4,945000.0,5.0,3,90,1695.6
AREA # 54,MISIONES,"CR/LWAL/DUC/H:4,7",516.4,34.4,1200000.0,5.0,3,80,1695.6
AREA # 54,MISIONES,MCF/DNO/H:1,18515.9,18515.9,24000.0,1.0,1,80,60797.9
AREA # 54,MISIONES,"MCF/DNO/H:1,3",25202.9,16802.0,84000.0,1.5,1,80,82755.0
AREA # 54,MISIONES,"MCF/DUC/H:1,3",13103.5,3275.9,252000.0,2.0,2,90,43026.0
AREA # 54,MISIONES,"MR/DNO/H:1,3",1535.4,307.1,315000.0,2.5,2,90,5041.6
AREA # 54,MISIONES,"MR/DUC/H:1,3",1535.4,307.1,400000.0,2.5,2,80,5041.6
AREA # 54,MISIONES,MUR+ADO/H:1,67.0,67.0,24000.0,1.0,1,80,220.0
AREA # 54,MISIONES,"MUR+ADO/H:1,2",146.2,117.0,30000.0,1.25,1,80,480.1
AREA # 54,MISIONES,"MUR+STDRE/H:1,2",1272.7,1018.2,30000.0,1.25,1,80,4179.0
AREA # 54,MISIONES,"MUR+STRUB/H:1,2",1288.7,1031.0,30000.0,1.25,1,80,4231.5
AREA # 54,MISIONES,MUR/H:1,16144.4,16144.4,24000.0,1.0,1,80,53011.0
AREA # 54,MISIONES,"MUR/H:1,3",39144.2,26096.1,36000.0,1.5,1,80,128532.0
AREA # 54,MISIONES,UNK,1938.2,1938.2,24000.0,1.0,1,80,6364.2
AREA # 54,MISIONES,"W+WHE/H:1,3",11285.4,7523.6,94500.0,1.5,1,90,37056.2
AREA # 54,MISIONES,W+WLI/H:1,30166.7,30166.7,63000.0,1.0,1,90,99053.9
AREA # 54,MISIONES,"W+WLI/H:1,3",6029.8,4019.8,94500.0,1.5,1,90,19799.2
AREA # 54,MISIONES,W+WS/H:1,27781.6,27781.6,24000.0,1.0,1,80,91222.3
AREA # 54,MISIONES,W+WWD/H:1,7255.9,7255.9,24000.0,1.0,1,80,23825.1
AREA # 58,NEUQUEN,"CR/LDUAL/DUC/H:4,7",2744.4,183.0,1200000.0,5.0,3,80,7956.5
AREA # 58,NEUQUEN,"CR/LDUAL/DUC/H:8,19",1832.4,38.2,3840000.0,12.0,4,80,5312.4
AREA # 58,NEUQUEN,"CR/LFINF/DNO/H:1,3",23333.0,5833.3,252000.0,2.0,2,90,67646.3
AREA # 58,NEUQUEN,"CR/LFINF/DUC/H:1,3",6169.9,1542.5,320000.0,2.0,2,80,17887.6
AREA # 58,NEUQUEN,"CR/LFINF/DUC/H:4,7",1144.2,76.3,1200000.0,5.0,3,80,3317.2
AREA # 58,NEUQUEN,"CR/LFM/DNO/H:1,3",8565.9,2141.5,252000.0,2.0,2,90,24834.0
AREA # 58,NEUQUEN,"CR/LFM/DUC/H:1,3",3140.9,785.2,320000.0,2.0,2,80,9106.0
AREA # 58,NEUQUEN,"CR/LFM/DUC/H:4,7",460.2,30.7,1200000.0,5.0,3,80,1334.2
AREA # 58,NEUQUEN,"CR/LWAL/DNO/H:1,3",1226.4,306.6,252000.0,2.0,2,90,3555.5
AREA # 58,NEUQUEN,"CR/LWAL/DNO/H:4,7",684.0,45.6,945000.0,5.0,3,90,1983.0
AREA # 58,NEUQUEN,"CR/LWAL/DUC/H:4,7",684.0,45.6,1200000.0,5.0,3,80,1983.0
AREA # 58,NEUQUEN,MCF/DNO/H:1,15359.8,15359.8,24000.0,1.0,1,80,44530.7
AREA # 58,NEUQUEN,"MCF/DNO/H:1,3",26165.7,17443.8,84000.0,1.5,1,80,75858.8
AREA # 58,NEUQUEN,"MCF/DUC/H:1,3",13764.3,3441.1,252000.0,2.0,2,90,39905.0
AREA # 58,NEUQUEN,"MR/DNO/H:1,3",1682.3,336.5,315000.0,2.5,2,90,4877.3
AREA # 58,NEUQUEN,"MR/DUC/H:1,3",1682.3,336.5,400000.0,2.5,2,80,4877.3
AREA # 58,NEUQUEN,MUR+ADO/H:1,168.0,168.0,24000.0,1.0,1,80,487.1
AREA # 58,NEUQUEN,"MUR+ADO/H:1,2",1590.9,1272.7,30000.0,1.25,1,80,4612.3
AREA # 58,NEUQUEN,"MUR+STDRE/H:1,2",1309.3,1047.4,30000.0,1.25,1,80,3795.9
AREA # 58,NEUQUEN,"MUR+STRUB/H:1,2",1319.3,1055.4,30000.0,1.25,1,80,3824.9
AREA # 58,NEUQUEN,MUR/H:1,7986.7,7986.7,24000.0,1.0,1,80,23154.8
AREA # 58,NEUQUEN,"MUR/H:1,3",40511.3,27007.5,36000.0,1.5,1,80,117449.1
AREA # 58,NEUQUEN,UNK,3204.4,3204.4,24000.0,1.0,1,80,9290.1
AREA # 58,NEUQUEN,"W+WHE/H:1,3",1543.2,1028.8,94500.0,1.5,1,90,4474.0
AREA # 58,NEUQUEN,W+WLI/H:1,3663.1,3663.1,63000.0,1.0,1,90,10619.9
AREA # 58,NEUQUEN,"W+WLI/H:1,3",1197.8,798.5,94500.0,1.5,1,90,3472.6
AREA # 58,NEUQUEN,W+WS/H:1,2504.7,2504.7,24000.0,1.0,1,80,7261.5
AREA # 58,NEUQUEN,W+WWD/H:1,710.5,710.5,24000.0,1.0,1,80,2059.9
AREA # 62,RIO NEGRO,"CR/LDUAL/DUC/H:4,7",3587.2,239.1,1200000.0,5.0,3,80,9891.0
AREA # 62,RIO NEGRO,"CR/LDUAL/DUC/H:8,19",2395.5,49.9,3840000.0,12.0,4,80,6605.1
AREA # 62,RIO NEGRO,"CR/LFINF/DNO/H:1,3",26213.2,6553.3,252000.0,2.0,2,90,72277.7
AREA # 62,RIO NEGRO,"CR/LFINF/DUC/H:1,3",6910.5,1727.6,320000.0,2.0,2,80,19054.3
AREA # 62,RIO NEGRO,"CR/LFINF/DUC/H:4,7",1495.7,99.7,1200000.0,5.0,3,80,4124.1
AREA # 62,RIO NEGRO,"CR/LFM/DNO/H:1,3",9983.9,2496.0,252000.0,2.0,2,90,27528.6
AREA # 62,RIO NEGRO,"CR/LFM/DUC/H:1,3",3557.1,889.3,320000.0,2.0,2,80,9808.0
AREA # 62,RIO NEGRO,"CR/LFM/DUC/H:4,7",602.0,40.1,1200000.0,5.0,3,80,1659.9
AREA # 62,RIO NEGRO,"CR/LWAL/DNO/H:1,3",1328.7,332.2,252000.0,2.0,2,90,3663.6
AREA # 62,RIO NEGRO,"CR/LWAL/DNO/H:4,7",893.8,59.6,945000.0,5.0,3,90,2464.5
AREA # 62,RIO NEGRO,"CR/LWAL/DUC/H:4,7",893.8,59.6,1200000.0,5.0,3,80,2464.5
AREA # 62,RIO NEGRO,MCF/DNO/H:1,18533.8,18533.8,24000.0,1.0,1,80,51103.2
AREA # 62,RIO NEGRO,"MCF/DNO/H:1,3",28603.0,19068.7,84000.0,1.5,1,80,78867.0
AREA # 62,RIO NEGRO,"MCF/DUC/H:1,3",15077.0,3769.3,252000.0,2.0,2,90,41571.8
AREA # 62,RIO NEGRO,"MR/DNO/H:1,3",1924.4,384.9,315000.0,2.5,2,90,5306.1
AREA # 62,RIO NEGRO,"MR/DUC/H:1,3",1924.4,384.9,400000.0,2.5,2,80,5306.1
AREA # 62,RIO NEGRO,MUR+ADO/H:1,210.0,210.0,24000.0,1.0,1,80,579.0
AREA # 62,RIO NEGRO,"MUR+ADO/H:1,2",988.8,791.0,30000.0,1.25,1,80,2726.4
AREA # 62,RIO NEGRO,"MUR+STDRE/H:1,2",1467.3,1173.8,30000.0,1.25,1,80,4045.8
AREA # 62,RIO NEGRO,"MUR+STRUB/H:1,2",1485.6,1188.5,30000.0,1.25,1,80,4096.2
AREA # 62,RIO NEGRO,MUR/H:1,13606.6,13606.6,24000.0,1.0,1,80,37517.5
AREA # 62,RIO NEGRO,"MUR/H:1,3",44290.6,29527.0,36000.0,1.5,1,80,122122.5
AREA # 62,RIO NEGRO,UNK,2387.2,2387.2,24000.0,1.0,1,80,6582.2
AREA # 62,RIO NEGRO,"W+WHE/H:1,3",2159.0,1439.3,94500.0,1.5,1,90,5953.0
AREA # 62,RIO NEGRO,W+WLI/H:1,4994.5,4994.5,63000.0,1.0,1,90,13771.3
AREA # 62,RIO NEGRO,"W+WLI/H:1,3",1488.5,992.3,94500.0,1.5,1,90,4104.2
AREA # 62,RIO NEGRO,W+WS/H:1,3653.9,3653.9,24000.0,1.0,1,80,10074.9
AREA # 62,RIO NEGRO,W+WWD/H:1,956.1,956.1,24000.0,1.0,1,80,2636.3
AREA # 66,SALTA,"CR/LDUAL/DUC/H:4,7",2332.8,155.5,1200000.0,5.0,3,80,9315.7
AREA # 66,SALTA,"CR/LDUAL/DUC/H:8,19",1563.3,32.6,3840000.0,12.0,4,80,6242.8
AREA # 66,SALTA,"CR/LFINF/DNO/H:1,3",26501.9,6625.5,252000.0,2.0,2,90,105831.2
AREA # 66,SALTA,"CR/LFINF/DUC/H:1,3",7057.5,1764.4,320000.0,2.0,2,80,28183.0
AREA # 66,SALTA,"CR/LFINF/DUC/H:4,7",974.0,64.9,1200000.0,5.0,3,80,3889.5
AREA # 66,SALTA,"CR/LFM/DNO/H:1,3",9244.7,2311.2,252000.0,2.0,2,90,36917.3
AREA # 66,SALTA,"CR/LFM/DUC/H:1,3",3493.0,873.3,320000.0,2.0,2,80,13948.8
AREA # 66,SALTA,"CR/LFM/DUC/H:4,7",397.0,26.5,1200000.0,5.0,3,80,1585.4
AREA # 66,SALTA,"CR/LWAL/DNO/H:1,3",1451.8,363.0,252000.0,2.0,2,90,5797.5
AREA # 66,SALTA,"CR/LWAL/DNO/H:4,7",577.0,38.5,945000.0,5.0,3,90,2304.2
AREA # 66,SALTA,"CR/LWAL/DUC/H:4,7",577.0,38.5,1200000.0,5.0,3,80,2304.2
AREA # 66,SALTA,MCF/DNO/H:1,26798.0,26798.0,24000.0,1.0,1,80,107013.7
AREA # 66,SALTA,"MCF/DNO/H:1,3",31475.8,20983.8,84000.0,1.5,1,80,125693.7
AREA # 66,SALTA,"MCF/DUC/H:1,3",16308.5,4077.1,252000.0,2.0,2,90,65125.5
AREA # 66,SALTA,"MR/DNO/H:1,3",1836.5,367.3,315000.0,2.5,2,90,7333.8
AREA # 66,SALTA,"MR/DUC/H:1,3",1836.5,367.3,400000.0,2.5,2,80,7333.8
AREA # 66,SALTA,MUR+ADO/H:1,3476.2,3476.2,24000.0,1.0,1,80,13881.7
AREA # 66,SALTA,"MUR+ADO/H:1,2",7187.5,5750.0,30000.0,1.25,1,80,28702.2
AREA # 66,SALTA,"MUR+STDRE/H:1,2",1987.2,1589.8,30000.0,1.25,1,80,7935.6
AREA # 66,SALTA,"MUR+STRUB/H:1,2",2251.5,1801.2,30000.0,1.25,1,80,8991.0
AREA # 66,SALTA,MUR/H:1,34985.1,34985.1,24000.0,1.0,1,80,139707.6
AREA # 66,SALTA,"MUR/H:1,3",51414.6,34276.4,36000.0,1.5,1,80,205316.3
AREA # 66,SALTA,UNK,4155.8,4155.8,24000.0,1.0,1,80,16595.5
AREA # 66,SALTA,"W+WHE/H:1,3",1818.3,1212.2,94500.0,1.5,1,90,7261.1
AREA # 66,SALTA,W+WLI/H:1,9143.7,9143.7,63000.0,1.0,1,90,36514.0
AREA # 66,SALTA,"W+WLI/H:1,3",891.9,594.6,94500.0,1.5,1,90,3561.7
AREA # 66,SALTA,W+WS/H:1,10986.1,10986.1,24000.0,1.0,1,80,43871.3
AREA # 66,SALTA,W+WWD/H:1,3872.5,3872.5,24000.0,1.0,1,80,15464.2
AREA # 70,SAN JUAN,"CR/LDUAL/DUC/H:4,7",1812.4,120.8,1200000.0,5.0,3,80,6528.5
AREA # 70,SAN JUAN,"CR/LDUAL/DUC/H:8,19",1209.4,25.2,3840000.0,12.0,4,80,4356.4
AREA # 70,SAN JUAN,"CR/LFINF/DNO/H:1,3",17436.7,4359.2,252000.0,2.0,2,90,62809.6
AREA # 70,SAN JUAN,"CR/LFINF/DUC/H:1,3",4603.7,1150.9,320000.0,2.0,2,80,16583.2
AREA # 70,SAN JUAN,"CR/LFINF/DUC/H:4,7",755.4,50.4,1200000.0,5.0,3,80,2721.1
AREA # 70,SAN JUAN,"CR/LFM/DNO/H:1,3",6131.8,1532.9,252000.0,2.0,2,90,22087.7
AREA # 70,SAN JUAN,"CR/LFM/DUC/H:1,3",2367.3,591.8,320000.0,2.0,2,80,8527.4
AREA # 70,SAN JUAN,"CR/LFM/DUC/H:4,7",303.0,20.2,1200000.0,5.0,3,80,1091.5
AREA # 70,SAN JUAN,"CR/LWAL/DNO/H:1,3",956.7,239.2,252000.0,2.0,2,90,3446.2
AREA # 70,SAN JUAN,"CR/LWAL/DNO/H:4,7",452.4,30.2,945000.0,5.0,3,90,1629.6
AREA # 70,SAN JUAN,"CR/LWAL/DUC/H:4,7",452.4,30.2,1200000.0,5.0,3,80,1629.6
AREA # 70,SAN JUAN,MCF/DNO/H:1,12001.9,12001.9,24000.0,1.0,1,80,43232.6
AREA # 70,SAN JUAN,"MCF/DNO/H:1,3",20017.7,13345.1,84000.0,1.5,1,80,72106.7
AREA # 70,SAN JUAN,"MCF/DUC/H:1,3",10385.5,2596.4,252000.0,2.0,2,90,37410.1
AREA # 70,SAN JUAN,"MR/DNO/H:1,3",1258.2,251.6,315000.0,2.5,2,90,4532.2
AREA # 70,SAN JUAN,"MR/DUC/H:1,3",1258.2,251.6,400000.0,2.5,2,80,4532.2
AREA # 70,SAN JUAN,MUR+ADO/H:1,8593.3,8593.3,24000.0,1.0,1,80,30954.3
AREA # 70,SAN JUAN,"MUR+ADO/H:1,2",31943.6,25554.9,30000.0,1.25,1,80,115065.6
AREA # 70,SAN JUAN,"MUR+STDRE/H:1,2",1060.1,848.1,30000.0,1.25,1,80,3818.6
AREA # 70,SAN JUAN,"MUR+STRUB/H:1,2",1082.4,865.9,30000.0,1.25,1,80,3899.0
AREA # 70,SAN JUAN,MUR/H:1,6524.4,6524.4,24000.0,1.0,1,80,23501.9
AREA # 70,SAN JUAN,"MUR/H:1,3",31101.8,20734.6,36000.0,1.5,1,80,112033.3
AREA # 70,SAN JUAN,UNK,1549.6,1549.6,24000.0,1.0,1,80,5581.9
AREA # 70,SAN JUAN,"W+WHE/H:1,3",219.5,146.3,94500.0,1.5,1,90,790.7
AREA # 70,SAN JUAN,W+WLI/H:1,463.4,463.4,63000.0,1.0,1,90,1669.2
AREA # 70,SAN JUAN,"W+WLI/H:1,3",183.5,122.3,94500.0,1.5,1,90,661.0
AREA # 70,SAN JUAN,W+WS/H:1,246.2,246.2,24000.0,1.0,1,80,886.8
AREA # 70,SAN JUAN,W+WWD/H:1,190.7,190.7,24000.0,1.0,1,80,686.9
AREA # 74,SAN LUIS,"CR/LDUAL/DUC/H:4,7",1102.5,73.5,1200000.0,5.0,3,80,3540.0
AREA # 74,SAN LUIS,"CR/LDUAL/DUC/H:8,19",739.5,15.4,3840000.0,12.0,4,80,2374.4
AREA # 74,SAN LUIS,"CR/LFINF/DNO/H:1,3",15758.1,3939.5,252000.0,2.0,2,90,50596.8
AREA # 74,SAN LUIS,"CR/LFINF/DUC/H:1,3",4185.5,1046.4,320000.0,2.0,2,80,13439.0
AREA # 74,SAN LUIS,"CR/LFINF/DUC/H:4,7",460.6,30.7,1200000.0,5.0,3,80,1478.9
AREA # 74,SAN LUIS,"CR/LFM/DNO/H:1,3",5157.1,1289.3,252000.0,2.0,2,90,16558.7
AREA # 74,SAN LUIS,"CR/LFM/DUC/H:1,3",2106.3,526.6,320000.0,2.0,2,80,6763.0
AREA # 74,SAN LUIS,"CR/LFM/DUC/H:4,7",188.2,12.5,1200000.0,5.0,3,80,604.3
AREA # 74,SAN LUIS,"CR/LWAL/DNO/H:1,3",913.6,228.4,252000.0,2.0,2,90,2933.4
AREA # 74,SAN LUIS,"CR/LWAL/DNO/H:4,7",272.4,18.2,945000.0,5.0,3,90,874.6
AREA # 74,SAN LUIS,"CR/LWAL/DUC/H:4,7",272.4,18.2,1200000.0,5.0,3,80,874.6
AREA # 74,SAN LUIS,MCF/DNO/H:1,12450.5,12450.5,24000.0,1.0,1,80,39976.6
AREA # 74,SAN LUIS,"MCF/DNO/H:1,3",19108.5,12739.0,84000.0,1.5,1,80,61354.5
AREA # 74,SAN LUIS,"MCF/DUC/H:1,3",9801.6,2450.4,252000.0,2.0,2,90,31471.4
AREA # 74,SAN LUIS,"MR/DNO/H:1,3",1095.3,219.1,315000.0,2.5,2,90,3516.8
AREA # 74,SAN LUIS,"MR/DUC/H:1,3",1095.3,219.1,400000.0,2.5,2,80,3516.8
AREA # 74,SAN LUIS,MUR+ADO/H:1,304.4,304.4,24000.0,1.0,1,80,977.4
AREA # 74,SAN LUIS,"MUR+ADO/H:1,2",1256.3,1005.1,30000.0,1.25,1,80,4033.8
AREA # 74,SAN LUIS,"MUR+STDRE/H:1,2",1008.7,806.9,30000.0,1.25,1,80,3238.8
AREA # 74,SAN LUIS,"MUR+STRUB/H:1,2",1027.4,822.0,30000.0,1.25,1,80,3298.8
AREA # 74,SAN LUIS,MUR/H:1,8722.7,8722.7,24000.0,1.0,1,80,28007.3
AREA # 74,SAN LUIS,"MUR/H:1,3",29312.0,19541.3,36000.0,1.5,1,80,94116.3
AREA # 74,SAN LUIS,UNK,1519.8,1519.8,24000.0,1.0,1,80,4879.8
AREA # 74,SAN LUIS,"W+WHE/H:1,3",85.9,57.3,94500.0,1.5,1,90,275.8
AREA # 74,SAN LUIS,W+WLI/H:1,590.8,590.8,63000.0,1.0,1,90,1897.0
AREA # 74,SAN LUIS,"W+WLI/H:1,3",56.0,37.3,94500.0,1.5,1,90,179.8
AREA # 74,SAN LUIS,W+WS/H:1,101.7,101.7,24000.0,1.0,1,80,326.5
AREA # 74,SAN LUIS,W+WWD/H:1,68.1,68.1,24000.0,1.0,1,80,218.7
AREA # 78,SANTA CRUZ,"CR/LDUAL/DUC/H:4,7",1172.3,78.2,1200000.0,5.0,3,80,3443.2
AREA # 78,SANTA CRUZ,"CR/LDUAL/DUC/H:8,19",784.3,16.3,3840000.0,12.0,4,80,2303.6
AREA # 78,SANTA CRUZ,"CR/LFINF/DNO/H:1,3",11124.1,2781.0,252000.0,2.0,2,90,32673.2
AREA # 78,SANTA CRUZ,"CR/LFINF/DUC/H:1,3",2945.7,736.4,320000.0,2.0,2,80,8652.0
AREA # 78,SANTA CRUZ,"CR/LFINF/DUC/H:4,7",489.1,32.6,1200000.0,5.0,3,80,1436.6
AREA # 78,SANTA CRUZ,"CR/LFM/DNO/H:1,3",3970.8,992.7,252000.0,2.0,2,90,11662.9
AREA # 78,SANTA CRUZ,"CR/LFM/DUC/H:1,3",1493.8,373.4,320000.0,2.0,2,80,4387.5
AREA # 78,SANTA CRUZ,"CR/LFM/DUC/H:4,7",198.2,13.2,1200000.0,5.0,3,80,582.1
AREA # 78,SANTA CRUZ,"CR/LWAL/DNO/H:1,3",599.2,149.8,252000.0,2.0,2,90,1759.9
AREA # 78,SANTA CRUZ,"CR/LWAL/DNO/H:4,7",291.0,19.4,945000.0,5.0,3,90,854.7
AREA # 78,SANTA CRUZ,"CR/LWAL/DUC/H:4,7",291.0,19.4,1200000.0,5.0,3,80,854.7
AREA # 78,SANTA CRUZ,MCF/DNO/H:1,7281.6,7281.6,24000.0,1.0,1,80,21387.2
AREA # 78,SANTA CRUZ,"MCF/DNO/H:1,3",12786.2,8524.1,84000.0,1.5,1,80,37555.1
AREA # 78,SANTA CRUZ,"MCF/DUC/H:1,3",6656.2,1664.1,252000.0,2.0,2,90,19550.3
AREA # 78,SANTA CRUZ,"MR/DNO/H:1,3",793.3,158.7,315000.0,2.5,2,90,2330.0
AREA # 78,SANTA CRUZ,"MR/DUC/H:1,3",793.3,158.7,400000.0,2.5,2,80,2330.0
AREA # 78,SANTA CRUZ,MUR+ADO/H:1,10.8,10.8,24000.0,1.0,1,80,31.7
AREA # 78,SANTA CRUZ,"MUR+ADO/H:1,2",207.2,165.8,30000.0,1.25,1,80,608.6
AREA # 78,SANTA CRUZ,"MUR+STDRE/H:1,2",700.5,560.4,30000.0,1.25,1,80,2057.5
AREA # 78,SANTA CRUZ,"MUR+STRUB/H:1,2",703.4,562.7,30000.0,1.25,1,80,2066.0
AREA # 78,SANTA CRUZ,MUR/H:1,3955.7,3955.7,24000.0,1.0,1,80,11618.5
AREA # 78,SANTA CRUZ,"MUR/H:1,3",19607.2,13071.5,36000.0,1.5,1,80,57589.4
AREA # 78,SANTA CRUZ,UNK,4773.3,4773.3,24000.0,1.0,1,80,14019.9
AREA # 78,SANTA CRUZ,"W+WHE/H:1,3",1196.7,797.8,94500.0,1.5,1,90,3514.9
AREA # 78,SANTA CRUZ,W+WLI/H:1,4692.4,4692.4,63000.0,1.0,1,90,13782.3
AREA # 78,SANTA CRUZ,"W+WLI/H:1,3",1054.7,703.1,94500.0,1.5,1,90,3097.8
AREA # 78,SANTA CRUZ,W+WS/H:1,869.5,869.5,24000.0,1.0,1,80,2553.9
AREA # 78,SANTA CRUZ,W+WWD/H:1,183.6,183.6,24000.0,1.0,1,80,539.3
AREA # 82,SANTA FE,"CR/LDUAL/DUC/H:4,7",16723.7,1114.9,1200000.0,5.0,3,80,47329.3
AREA # 82,SANTA FE,"CR/LDUAL/DUC/H:8,19",11183.2,233.0,3840000.0,12.0,4,80,31649.3
AREA # 82,SANTA FE,"CR/LFINF/DNO/H:1,3",136493.5,34123.4,252000.0,2.0,2,90,386286.4
AREA # 82,SANTA FE,"CR/LFINF/DUC/H:1,3",35961.3,8990.3,320000.0,2.0,2,80,101773.1
AREA # 82,SANTA FE,"CR/LFINF/DUC/H:4,7",6976.7,465.1,1200000.0,5.0,3,80,19744.6
AREA # 82,SANTA FE,"CR/LFM/DNO/H:1,3",49902.8,12475.7,252000.0,2.0,2,90,141228.5
AREA # 82,SANTA FE,"CR/LFM/DUC/H:1,3",18628.2,4657.1,320000.0,2.0,2,80,52719.1
AREA # 82,SANTA FE,"CR/LFM/DUC/H:4,7",2821.3,188.1,1200000.0,5.0,3,80,7984.5
AREA # 82,SANTA FE,"CR/LWAL/DNO/H:1,3",7211.0,1802.7,252000.0,2.0,2,90,20407.6
AREA # 82,SANTA FE,"CR/LWAL/DNO/H:4,7",4155.4,277.0,945000.0,5.0,3,90,11760.1
AREA # 82,SANTA FE,"CR/LWAL/DUC/H:4,7",4155.4,277.0,1200000.0,5.0,3,80,11760.1
AREA # 82,SANTA FE,MCF/DNO/H:1,106542.5,106542.5,24000.0,1.0,1,80,301522.9
AREA # 82,SANTA FE,"MCF/DNO/H:1,3",152981.5,101987.7,84000.0,1.5,1,80,432948.6
AREA # 82,SANTA FE,"MCF/DUC/H:1,3",79457.8,19864.4,252000.0,2.0,2,90,224871.3
AREA # 82,SANTA FE,"MR/DNO/H:1,3",9981.2,1996.2,315000.0,2.5,2,90,28247.5
AREA # 82,SANTA FE,"MR/DUC/H:1,3",9981.2,1996.2,400000.0,2.5,2,80,28247.5
AREA # 82,SANTA FE,MUR+ADO/H:1,1775.3,1775.3,24000.0,1.0,1,80,5024.2
AREA # 82,SANTA FE,"MUR+ADO/H:1,2",1633.5,1306.8,30000.0,1.25,1,80,4622.9
AREA # 82,SANTA FE,"MUR+STDRE/H:1,2",7622.4,6098.0,30000.0,1.25,1,80,21571.9
AREA # 82,SANTA FE,"MUR+STRUB/H:1,2",7805.0,6244.0,30000.0,1.25,1,80,22088.7
AREA # 82,SANTA FE,MUR/H:1,84280.3,84280.3,24000.0,1.0,1,80,238519.3
AREA # 82,SANTA FE,"MUR/H:1,3",239332.0,159554.7,36000.0,1.5,1,80,677326.7
AREA # 82,SANTA FE,UNK,16295.5,16295.5,24000.0,1.0,1,80,46117.4
AREA # 82,SANTA FE,"W+WHE/H:1,3",1237.7,825.1,94500.0,1.5,1,90,3502.8
AREA # 82,SANTA FE,W+WLI/H:1,5663.5,5663.5,63000.0,1.0,1,90,16028.1
AREA # 82,SANTA FE,"W+WLI/H:1,3",673.7,449.1,94500.0,1.5,1,90,1906.6
AREA # 82,SANTA FE,W+WS/H:1,3281.1,3281.1,24000.0,1.0,1,80,9285.7
AREA # 82,SANTA FE,W+WWD/H:1,1218.1,1218.1,24000.0,1.0,1,80,3447.3
AREA # 86,SANTIAGO DEL ESTERO,"CR/LDUAL/DUC/H:4,7",907.3,60.5,1200000.0,5.0,3,80,3127.9
AREA # 86,SANTIAGO DEL ESTERO,"CR/LDUAL/DUC/H:8,19",607.2,12.7,3840000.0,12.0,4,80,2093.3
AREA # 86,SANTIAGO DEL ESTERO,"CR/LFINF/DNO/H:1,3",17241.8,4310.4,252000.0,2.0,2,90,59440.6
AREA # 86,SANTIAGO DEL ESTERO,"CR/LFINF/DUC/H:1,3",4578.8,1144.7,320000.0,2.0,2,80,15785.3
AREA # 86,SANTIAGO DEL ESTERO,"CR/LFINF/DUC/H:4,7",378.7,25.2,1200000.0,5.0,3,80,1305.6
AREA # 86,SANTIAGO DEL ESTERO,"CR/LFM/DNO/H:1,3",5356.8,1339.2,252000.0,2.0,2,90,18467.4
AREA # 86,SANTIAGO DEL ESTERO,"CR/LFM/DUC/H:1,3",2313.1,578.3,320000.0,2.0,2,80,7974.3
AREA # 86,SANTIAGO DEL ESTERO,"CR/LFM/DUC/H:4,7",153.5,10.2,1200000.0,5.0,3,80,529.2
AREA # 86,SANTIAGO DEL ESTERO,"CR/LWAL/DNO/H:1,3",1042.3,260.6,252000.0,2.0,2,90,3593.3
AREA # 86,SANTIAGO DEL ESTERO,"CR/LWAL/DNO/H:4,7",225.1,15.0,945000.0,5.0,3,90,776.0
AREA # 86,SANTIAGO DEL ESTERO,"CR/LWAL/DUC/H:4,7",225.1,15.0,1200000.0,5.0,3,80,776.0
AREA # 86,SANTIAGO DEL ESTERO,MCF/DNO/H:1,25173.9,25173.9,24000.0,1.0,1,80,86786.3
AREA # 86,SANTIAGO DEL ESTERO,"MCF/DNO/H:1,3",21390.0,14260.0,84000.0,1.5,1,80,73741.4
AREA # 86,SANTIAGO DEL ESTERO,"MCF/DUC/H:1,3",10891.0,2722.7,252000.0,2.0,2,90,37546.4
AREA # 86,SANTIAGO DEL ESTERO,"MR/DNO/H:1,3",1192.3,238.5,315000.0,2.5,2,90,4110.4
AREA # 86,SANTIAGO DEL ESTERO,"MR/DUC/H:1,3",1192.3,238.5,400000.0,2.5,2,80,4110.4
AREA # 86,SANTIAGO DEL ESTERO,MUR+ADO/H:1,1328.6,1328.6,24000.0,1.0,1,80,4580.3
AREA # 86,SANTIAGO DEL ESTERO,"MUR+ADO/H:1,2",236.1,188.9,30000.0,1.25,1,80,813.9
AREA # 86,SANTIAGO DEL ESTERO,"MUR+STDRE/H:1,2",1578.8,1263.0,30000.0,1.25,1,80,5442.9
AREA # 86,SANTIAGO DEL ESTERO,"MUR+STRUB/H:1,2",1788.6,1430.9,30000.0,1.25,1,80,6166.1
AREA # 86,SANTIAGO DEL ESTERO,MUR/H:1,40486.0,40486.0,24000.0,1.0,1,80,139574.4
AREA # 86,SANTIAGO DEL ESTERO,"MUR/H:1,3",32854.3,21902.8,36000.0,1.5,1,80,113264.3
AREA # 86,SANTIAGO DEL ESTERO,UNK,2233.6,2233.6,24000.0,1.0,1,80,7700.3
AREA # 86,SANTIAGO DEL ESTERO,"W+WHE/H:1,3",32.7,21.8,94500.0,1.5,1,90,112.7
AREA # 86,SANTIAGO DEL ESTERO,W+WLI/H:1,352.1,352.1,63000.0,1.0,1,90,1213.9
AREA # 86,SANTIAGO DEL ESTERO,"W+WLI/H:1,3",13.0,8.7,94500.0,1.5,1,90,44.8
AREA # 86,SANTIAGO DEL ESTERO,W+WS/H:1,246.9,246.9,24000.0,1.0,1,80,851.2
AREA # 86,SANTIAGO DEL ESTERO,W+WWD/H:1,145.1,145.1,24000.0,1.0,1,80,500.2
AREA # 90,TUCUMAN,"CR/LDUAL/DUC/H:4,7",3804.6,253.6,1200000.0,5.0,3,80,14080.0
AREA # 90,TUCUMAN,"CR/LDUAL/DUC/H:8,19",2546.4,53.0,3840000.0,12.0,4,80,9423.7
AREA # 90,TUCUMAN,"CR/LFINF/DNO/H:1,3",36088.8,9022.2,252000.0,2.0,2,90,133557.2
AREA # 90,TUCUMAN,"CR/LFINF/DUC/H:1,3",9532.7,2383.2,320000.0,2.0,2,80,35278.6
AREA # 90,TUCUMAN,"CR/LFINF/DUC/H:4,7",1587.7,105.8,1200000.0,5.0,3,80,5875.8
AREA # 90,TUCUMAN,"CR/LFM/DNO/H:1,3",12737.5,3184.4,252000.0,2.0,2,90,47138.9
AREA # 90,TUCUMAN,"CR/LFM/DUC/H:1,3",4894.0,1223.5,320000.0,2.0,2,80,18111.7
AREA # 90,TUCUMAN,"CR/LFM/DUC/H:4,7",644.0,42.9,1200000.0,5.0,3,80,2383.3
AREA # 90,TUCUMAN,"CR/LWAL/DNO/H:1,3",1967.7,491.9,252000.0,2.0,2,90,7282.1
AREA # 90,TUCUMAN,"CR/LWAL/DNO/H:4,7",943.7,62.9,945000.0,5.0,3,90,3492.4
AREA # 90,TUCUMAN,"CR/LWAL/DUC/H:4,7",943.7,62.9,1200000.0,5.0,3,80,3492.4
AREA # 90,TUCUMAN,MCF/DNO/H:1,34403.9,34403.9,24000.0,1.0,1,80,127321.8
AREA # 90,TUCUMAN,"MCF/DNO/H:1,3",41414.1,27609.4,84000.0,1.5,1,80,153265.1
AREA # 90,TUCUMAN,"MCF/DUC/H:1,3",21472.1,5368.0,252000.0,2.0,2,90,79463.8
AREA # 90,TUCUMAN,"MR/DNO/H:1,3",2596.8,519.4,315000.0,2.5,2,90,9610.2
AREA # 90,TUCUMAN,"MR/DUC/H:1,3",2596.8,519.4,400000.0,2.5,2,80,9610.2
AREA # 90,TUCUMAN,MUR+ADO/H:1,475.5,475.5,24000.0,1.0,1,80,1759.7
AREA # 90,TUCUMAN,"MUR+ADO/H:1,2",1038.6,830.9,30000.0,1.25,1,80,3843.6
AREA # 90,TUCUMAN,"MUR+STDRE/H:1,2",2203.8,1763.1,30000.0,1.25,1,80,8155.8
AREA # 90,TUCUMAN,"MUR+STRUB/H:1,2",2276.2,1821.0,30000.0,1.25,1,80,8423.7
AREA # 90,TUCUMAN,MUR/H:1,36655.2,36655.2,24000.0,1.0,1,80,135653.3
AREA # 90,TUCUMAN,"MUR/H:1,3",64345.7,42897.1,36000.0,1.5,1,80,238130.2
AREA # 90,TUCUMAN,UNK,2380.7,2380.7,24000.0,1.0,1,80,8810.5
AREA # 90,TUCUMAN,"W+WHE/H:1,3",2478.9,1652.6,94500.0,1.5,1,90,9173.9
AREA # 90,TUCUMAN,W+WLI/H:1,10099.9,10099.9,63000.0,1.0,1,90,37377.7
AREA # 90,TUCUMAN,"W+WLI/H:1,3",951.4,634.3,94500.0,1.5,1,90,3520.9
AREA # 90,TUCUMAN,W+WS/H:1,10779.5,10779.5,24000.0,1.0,1,80,39892.7
AREA # 90,TUCUMAN,W+WWD/H:1,3331.1,3331.1,24000.0,1.0,1,80,12327.7
AREA # 94,TIERRA DEL FUEGO,"CR/LDUAL/DUC/H:4,7",877.0,58.5,1200000.0,5.0,3,80,2575.1
AREA # 94,TIERRA DEL FUEGO,"CR/LDUAL/DUC/H:8,19",585.5,12.2,3840000.0,12.0,4,80,1719.2
AREA # 94,TIERRA DEL FUEGO,"CR/LFINF/DNO/H:1,3",3802.8,950.7,252000.0,2.0,2,90,11165.9
AREA # 94,TIERRA DEL FUEGO,"CR/LFINF/DUC/H:1,3",991.8,247.9,320000.0,2.0,2,80,2912.1
AREA # 94,TIERRA DEL FUEGO,"CR/LFINF/DUC/H:4,7",365.6,24.4,1200000.0,5.0,3,80,1073.5
AREA # 94,TIERRA DEL FUEGO,"CR/LFM/DNO/H:1,3",1729.9,432.5,252000.0,2.0,2,90,5079.4
AREA # 94,TIERRA DEL FUEGO,"CR/LFM/DUC/H:1,3",527.7,131.9,320000.0,2.0,2,80,1549.4
AREA # 94,TIERRA DEL FUEGO,"CR/LFM/DUC/H:4,7",147.0,9.8,1200000.0,5.0,3,80,431.6
AREA # 94,TIERRA DEL FUEGO,"CR/LWAL/DNO/H:1,3",153.8,38.5,252000.0,2.0,2,90,451.6
AREA # 94,TIERRA DEL FUEGO,"CR/LWAL/DNO/H:4,7",218.5,14.6,945000.0,5.0,3,90,641.6
AREA # 94,TIERRA DEL FUEGO,"CR/LWAL/DUC/H:4,7",218.5,14.6,1200000.0,5.0,3,80,641.6
AREA # 94,TIERRA DEL FUEGO,MCF/DNO/H:1,1641.9,1641.9,24000.0,1.0,1,80,4821.0
AREA # 94,TIERRA DEL FUEGO,"MCF/DNO/H:1,3",3638.7,2425.8,84000.0,1.5,1,80,10684.0
AREA # 94,TIERRA DEL FUEGO,"MCF/DUC/H:1,3",1935.3,483.8,252000.0,2.0,2,90,5682.5
AREA # 94,TIERRA DEL FUEGO,"MR/DNO/H:1,3",299.6,59.9,315000.0,2.5,2,90,879.7
AREA # 94,TIERRA DEL FUEGO,"MR/DUC/H:1,3",299.6,59.9,400000.0,2.5,2,80,879.7
AREA # 94,TIERRA DEL FUEGO,"MUR+ADO/H:1,2",9.9,7.9,30000.0,1.25,1,80,29.1
AREA # 94,TIERRA DEL FUEGO,"MUR+STDRE/H:1,2",198.2,158.5,30000.0,1.25,1,80,582.0
AREA # 94,TIERRA DEL FUEGO,"MUR+STRUB/H:1,2",198.2,158.5,30000.0,1.25,1,80,582.0
AREA # 94,TIERRA DEL FUEGO,MUR/H:1,793.6,793.6,24000.0,1.0,1,80,2330.2
AREA # 94,TIERRA DEL FUEGO,"MUR/H:1,3",5551.6,3701.1,36000.0,1.5,1,80,16300.7
AREA # 94,TIERRA DEL FUEGO,UNK,2611.8,2611.8,24000.0,1.0,1,80,7668.8
AREA # 94,TIERRA DEL FUEGO,"W+WHE/H:1,3",3408.1,2272.1,94500.0,1.5,1,90,10006.9
AREA # 94,TIERRA DEL FUEGO,W+WLI/H:1,6114.5,6114.5,63000.0,1.0,1,90,17953.5
AREA # 94,TIERRA DEL FUEGO,"W+WLI/H:1,3",2861.4,1907.6,94500.0,1.5,1,90,8401.7
AREA # 94,TIERRA DEL FUEGO,W+WS/H:1,3038.9,3038.9,24000.0,1.0,1,80,8922.9
AREA # 94,TIERRA DEL FUEGO,W+WWD/H:1,588.7,588.7,24000.0,1.0,1,80,1728.6
