<?xml version="1.0" encoding="UTF-8"?>
<!--
OpenQuake-engine PSHA input model for the South America region
Version v1.0.0, 2015-01-21

Copyright (C) 2015 GEM Foundation 
 
THE WORK IS PROTECTED BY COPYRIGHT AND/OR OTHER APPLICABLE LAW. INSOFAR AS THIS
WORK IS PROTECTED BY LAWS THAT NEIGHBOUR OR ARE SIMILARLY RELATED TO COPYRIGHT, 
SUCH AS DATABASE RIGHTS AS INTRODUCED IN EUROPE BY THE  DIRECTIVE 96/9/EC, YOU
ALSO MAY USE THIS WORK UNDER THE TERMS OF CC BY-NC-SA 3.0 (unported).

ANY USE OF THE WORK OTHER THAN AS AUTHORIZED UNDER THIS LICENSE OR
DIRECTLY ALLOWED BY THE APPLICABLE LAW IS PROHIBITED.

If you have any questions or if you wish to seek permission to use this data
beyond what is offered by CC BY-NC-SA 3.0 (unported), including use in
commercial/for-profit contexts, please contact the GEM Foundation at
licensing@globalquakemodel.org

DISCLAIMER:
 
The MODEL provided herein represents GEM's interpretation of the original model
proposed by Petersen et al. (2008)  (hereafter indicated as the ORIGINAL MODEL).
It was created by GEM, in the attempt of reproducing in the most faithful way
possible the ORIGINAL MODEL but IT IS NOT intended to be an alternative nor a
replacement implementation of the ORIGINAL MODEL. 
 
The MODEL is released as an OpenQuake-engine tailored implementation on behalf
of scientists and engineers working within the GEM Foundation (Global
Earthquake Model).
 
GEM provides it recognizing importance, authoritativeness and, transparency of
the ORIGINAL MODEL, for the purpose of open collaboration and in the hope that
it will be useful to the scientific, engineering, disaster risk and software
design communities.
 
The MODEL is therefore provided WITHOUT ANY WARRANTY; without even the implied 
warranty of MERCHANTABILITY or FITNESS FOR A PARTICULAR PURPOSE. 
The GEM Foundation, and the authors of the MODEL, assume no liability for  its use.

For additional information, material and documentation about the ORIGINAL MODEL 
we warmly invite the user to consult publications and website of the United 
States Geological Survey (http://earthquake.usgs.gov/)
http://pubs.usgs.gov/of/2008/1128/pdf/OF08-1128_v1.1.pdf

--->

<nrml xmlns:gml="http://www.opengis.net/gml"
      xmlns="http://openquake.org/xmlns/nrml/0.4">
    <logicTree logicTreeID='lt1'>

        <logicTreeBranchingLevel branchingLevelID="bl1">
            <logicTreeBranchSet uncertaintyType="gmpeModel" branchSetID="bs1"
                    applyToTectonicRegionType="Subduction Interface">
<!--
    GMPEs and weights for Cascadia model as defined in Figure 10, page 32
    in OF08-1128_v1.1 (http://pubs.usgs.gov/of/2008/1128/)
-->
                <logicTreeBranch branchID="Zhao_et_al_2006">
                    <uncertaintyModel>ZhaoEtAl2006SInterNSHMP2008</uncertaintyModel>
                    <uncertaintyWeight>0.5</uncertaintyWeight>
                </logicTreeBranch>

                <logicTreeBranch branchID="Atkinson_Boore_2003">
                    <uncertaintyModel>AtkinsonBoore2003SInterNSHMP2008</uncertaintyModel>
                    <uncertaintyWeight>0.25</uncertaintyWeight>
                </logicTreeBranch>

                <logicTreeBranch branchID="Youngs_et_al_1997">
                    <uncertaintyModel>YoungsEtAl1997SInterNSHMP2008</uncertaintyModel>
                    <uncertaintyWeight>0.25</uncertaintyWeight>
                </logicTreeBranch>

            </logicTreeBranchSet>
        </logicTreeBranchingLevel>

        <logicTreeBranchingLevel branchingLevelID="bl2">
            <logicTreeBranchSet uncertaintyType="gmpeModel" branchSetID="bs2"
                    applyToTectonicRegionType="Subduction IntraSlab">
<!--
    GMPEs and weights for WUS intraslab model as defined in NSHMP input files
    available from http://earthquake.usgs.gov/hazards/products/conterminous/2008/software/
    and described at page 39 in OF08-1128_v1.1.pdf
-->
                <logicTreeBranch branchID="Geomatrix_1993">
                    <uncertaintyModel>Geomatrix1993SSlabNSHMP2008</uncertaintyModel>
                    <uncertaintyWeight>0.5</uncertaintyWeight>
                </logicTreeBranch>

                <logicTreeBranch branchID="Atkinson_Boore_2003_Cascadia">
                    <uncertaintyModel>AtkinsonBoore2003SSlabCascadiaNSHMP2008</uncertaintyModel>
                    <uncertaintyWeight>0.25</uncertaintyWeight>
                </logicTreeBranch>

                <logicTreeBranch branchID="Atkinson_Boore_2003_Global_Model">
                    <uncertaintyModel>AtkinsonBoore2003SSlabNSHMP2008</uncertaintyModel>
                    <uncertaintyWeight>0.25</uncertaintyWeight>
                </logicTreeBranch>

            </logicTreeBranchSet>
        </logicTreeBranchingLevel>

        <logicTreeBranchingLevel branchingLevelID="bl3">
            <logicTreeBranchSet uncertaintyType="gmpeModel" branchSetID="bs3"
                    applyToTectonicRegionType="Active Shallow Crust">
<!--
    GMPEs and weights for WUS active shallow crust gridded seismicity and fault
    models as defined in NSHMP input files available from
    http://earthquake.usgs.gov/hazards/products/conterminous/2008/software/
    and described at page 22, 30, 31, 32, and 35 in OF08-1128_v1.1.pdf
-->
                <logicTreeBranch branchID="Boore_Atkinson_2008">
                    <uncertaintyModel>BooreAtkinson2008</uncertaintyModel>
                    <uncertaintyWeight>0.3333</uncertaintyWeight>
                </logicTreeBranch>

                <logicTreeBranch branchID="Campbell_Bozorgnia_2008">
                    <uncertaintyModel>CampbellBozorgnia2008</uncertaintyModel>
                    <uncertaintyWeight>0.3333</uncertaintyWeight>
                </logicTreeBranch>

                <logicTreeBranch branchID="Chiou_Youngs_2008">
                    <uncertaintyModel>ChiouYoungs2008</uncertaintyModel>
                    <uncertaintyWeight>0.3334</uncertaintyWeight>
                </logicTreeBranch>

            </logicTreeBranchSet>
        </logicTreeBranchingLevel>

        <logicTreeBranchingLevel branchingLevelID="bl4">
            <logicTreeBranchSet uncertaintyType="gmpeModel" branchSetID="bs4"
                    applyToTectonicRegionType="Stable Continental Crust - AB1987">
<!--
    GMPEs and weights for CEUS grid model (considering Atkinson and Boore 1987
    conversion equation) as defined in NSHMP input files
    available from http://earthquake.usgs.gov/hazards/products/conterminous/2008/software/
    and described at page 8, Fig 2 in OF08-1128_v1.1.pdf
-->
                <logicTreeBranch branchID="Toro_et_al_1997_AB1987">
                    <uncertaintyModel>ToroEtAl1997MblgNSHMP2008</uncertaintyModel>
                    <uncertaintyWeight>0.25</uncertaintyWeight>
                </logicTreeBranch>

                <logicTreeBranch branchID="Frankel_et_al_1996_AB1987">
                    <uncertaintyModel>FrankelEtAl1996MblgAB1987NSHMP2008</uncertaintyModel>
                    <uncertaintyWeight>0.125</uncertaintyWeight>
                </logicTreeBranch>

                <logicTreeBranch branchID="Campbell_2003_AB1987">
                    <uncertaintyModel>Campbell2003MblgAB1987NSHMP2008</uncertaintyModel>
                    <uncertaintyWeight>0.125</uncertaintyWeight>
                </logicTreeBranch>

                <logicTreeBranch branchID="Atkinson_Boore_2006_140bar_AB1987">
                    <uncertaintyModel>AtkinsonBoore2006MblgAB1987bar140NSHMP2008</uncertaintyModel>
                    <uncertaintyWeight>0.125</uncertaintyWeight>
                </logicTreeBranch>

                <logicTreeBranch branchID="Atkinson_Boore_2006_200bar_AB1987">
                    <uncertaintyModel>AtkinsonBoore2006MblgAB1987bar200NSHMP2008</uncertaintyModel>
                    <uncertaintyWeight>0.125</uncertaintyWeight>
                </logicTreeBranch>

                <logicTreeBranch branchID="Tavakoli_Pezeshk_2005_AB1987">
                    <uncertaintyModel>TavakoliPezeshk2005MblgAB1987NSHMP2008</uncertaintyModel>
                    <uncertaintyWeight>0.125</uncertaintyWeight>
                </logicTreeBranch>

                <logicTreeBranch branchID="Silva_et_al_2002_AB1987">
                    <uncertaintyModel>SilvaEtAl2002MblgAB1987NSHMP2008</uncertaintyModel>
                    <uncertaintyWeight>0.125</uncertaintyWeight>
                </logicTreeBranch>

            </logicTreeBranchSet>
        </logicTreeBranchingLevel>

        <logicTreeBranchingLevel branchingLevelID="bl5">
            <logicTreeBranchSet uncertaintyType="gmpeModel" branchSetID="bs5"
                    applyToTectonicRegionType="Stable Continental Crust - J1996">
<!--
    GMPEs and weights for CEUS grid model (with Johnston 1996 conversion
    equation) as defined in NSHMP input files
    available from http://earthquake.usgs.gov/hazards/products/conterminous/2008/software/
    and described at page 8, Fig 2 in OF08-1128_v1.1.pdf
-->
                <logicTreeBranch branchID="Toro_et_al_1997_J1996">
                    <uncertaintyModel>ToroEtAl1997MblgNSHMP2008</uncertaintyModel>
                    <uncertaintyWeight>0.25</uncertaintyWeight>
                </logicTreeBranch>

                <logicTreeBranch branchID="Frankel_et_al_1996_J1996">
                    <uncertaintyModel>FrankelEtAl1996MblgJ1996NSHMP2008</uncertaintyModel>
                    <uncertaintyWeight>0.125</uncertaintyWeight>
                </logicTreeBranch>

                <logicTreeBranch branchID="Campbell_2003_J1996">
                    <uncertaintyModel>Campbell2003MblgJ1996NSHMP2008</uncertaintyModel>
                    <uncertaintyWeight>0.125</uncertaintyWeight>
                </logicTreeBranch>

                <logicTreeBranch branchID="Atkinson_Boore_2006_140bar_J1996">
                    <uncertaintyModel>AtkinsonBoore2006MblgJ1996bar140NSHMP2008</uncertaintyModel>
                    <uncertaintyWeight>0.125</uncertaintyWeight>
                </logicTreeBranch>

                <logicTreeBranch branchID="Atkinson_Boore_2006_200bar_J1996">
                    <uncertaintyModel>AtkinsonBoore2006MblgJ1996bar200NSHMP2008</uncertaintyModel>
                    <uncertaintyWeight>0.125</uncertaintyWeight>
                </logicTreeBranch>

                <logicTreeBranch branchID="Tavakoli_Pezeshk_2005_J1996">
                    <uncertaintyModel>TavakoliPezeshk2005MblgJ1996NSHMP2008</uncertaintyModel>
                    <uncertaintyWeight>0.125</uncertaintyWeight>
                </logicTreeBranch>

                <logicTreeBranch branchID="Silva_et_al_2002_J1996">
                    <uncertaintyModel>SilvaEtAl2002MblgJ1996NSHMP2008</uncertaintyModel>
                    <uncertaintyWeight>0.125</uncertaintyWeight>
                </logicTreeBranch>

            </logicTreeBranchSet>
        </logicTreeBranchingLevel>

        <logicTreeBranchingLevel branchingLevelID="bl6">
            <logicTreeBranchSet uncertaintyType="gmpeModel" branchSetID="bs6"
                    applyToTectonicRegionType="Stable Continental Crust">
<!--
    GMPEs and weights for Charleston grid model and New Madrid fault model as
    defined in NSHMP input files available from http://earthquake.usgs.gov/hazards/products/conterminous/2008/software/
    and described at page 12 and 15, Fig 8 in OF08-1128_v1.1.pdf
-->
                <logicTreeBranch branchID="Toro_et_al_1997">
                    <uncertaintyModel>ToroEtAl1997MwNSHMP2008</uncertaintyModel>
                    <uncertaintyWeight>0.2</uncertaintyWeight>
                </logicTreeBranch>

                <logicTreeBranch branchID="Frankel_et_al_1996">
                    <uncertaintyModel>FrankelEtAl1996MwNSHMP2008</uncertaintyModel>
                    <uncertaintyWeight>0.1</uncertaintyWeight>
                </logicTreeBranch>

                <logicTreeBranch branchID="Campbell_2003">
                    <uncertaintyModel>Campbell2003MwNSHMP2008</uncertaintyModel>
                    <uncertaintyWeight>0.1</uncertaintyWeight>
                </logicTreeBranch>

                <logicTreeBranch branchID="Atkinson_Boore_2006_140bar">
                    <uncertaintyModel>AtkinsonBoore2006Mwbar140NSHMP2008</uncertaintyModel>
                    <uncertaintyWeight>0.1</uncertaintyWeight>
                </logicTreeBranch>

                <logicTreeBranch branchID="Atkinson_Boore_2006_200bar">
                    <uncertaintyModel>AtkinsonBoore2006Mwbar200NSHMP2008</uncertaintyModel>
                    <uncertaintyWeight>0.1</uncertaintyWeight>
                </logicTreeBranch>

                <logicTreeBranch branchID="Tavakoli_Pezeshk_2005">
                    <uncertaintyModel>TavakoliPezeshk2005MwNSHMP2008</uncertaintyModel>
                    <uncertaintyWeight>0.1</uncertaintyWeight>
                </logicTreeBranch>

                <logicTreeBranch branchID="Silva_et_al_2002">
                    <uncertaintyModel>SilvaEtAl2002MwNSHMP2008</uncertaintyModel>
                    <uncertaintyWeight>0.1</uncertaintyWeight>
                </logicTreeBranch>

                <logicTreeBranch branchID="Somerville_et_al_2001">
                    <uncertaintyModel>SomervilleEtAl2001NSHMP2008</uncertaintyModel>
                    <uncertaintyWeight>0.2</uncertaintyWeight>
                </logicTreeBranch>

            </logicTreeBranchSet>
        </logicTreeBranchingLevel>

    </logicTree>
</nrml>
