,id,Region,Taxonomy,Dwellings,Buildings,Repl_cost_USD_m2,No_of_storeys,Dwl_per_storey,Dwl_area_m2
0,AREA # 00,Nacional,"CR/LFINF/DNO/H:1,3",12470.85,3117.7,128000.0,2.0,2,80
1,AREA # 00,Nacional,"CR/LFM/DNO/H:1,3",17255.2,4313.8,128000.0,2.0,2,80
2,AREA # 00,Nacional,ER+ETR/H:1,39097.9,39097.9,14000.0,1.0,1,70
3,AREA # 00,Nacional,"ER+ETR/H:1,2",30385.75,24308.6,17500.0,1.25,1,70
4,AREA # 00,Nacional,"MCF/DNO/H:1,3",143995.59999999998,95997.1,42000.0,1.5,1,70
5,AREA # 00,Nacional,MUR+ADO/H:1,11743.2,11743.2,14000.0,1.0,1,70
6,AREA # 00,Nacional,"MUR+ADO/H:1,2",107331.2,85865.0,17500.0,1.25,1,70
7,AREA # 00,Nacional,MUR/H:1,11902.8,11902.8,14000.0,1.0,1,70
8,AREA # 00,Nacional,"MUR/H:1,3",267944.05,178629.4,21000.0,1.5,1,70
9,AREA # 00,Nacional,UNK,98253.5,98253.5,14000.0,1.0,1,70
10,AREA # 00,Nacional,"W+WLI/H:1,3",7890.3,5260.2,48000.0,1.5,1,80
11,AREA # 00,Nacional,W+WWD/H:1,39097.9,39097.9,14000.0,1.0,1,70
12,AREA # 00,Nacional,"W+WWD/H:1,2",30385.75,24308.6,17500.0,1.25,1,70
