<?xml version="1.0" encoding="UTF-8"?>

<nrml xmlns="http://openquake.org/xmlns/nrml/0.4" xmlns:gml="http://www.opengis.net/gml">
  <sourceModel name="Tunisia Jordanovsky 1991 model">
    <areaSource id="1" name="Source 1" tectonicRegion="Active Shallow Crust">
      <areaGeometry>
        <gml:Polygon>
          <gml:exterior>
            <gml:LinearRing>
              <gml:posList>9.90 37.40 10.65 37.10 10.04 36.68 9.40 36.95</gml:posList>
            </gml:LinearRing>
          </gml:exterior>
        </gml:Polygon>
        <upperSeismoDepth>5.0</upperSeismoDepth>
        <lowerSeismoDepth>15.0</lowerSeismoDepth>
      </areaGeometry>
      <magScaleRel>WC1994</magScaleRel>
      <ruptAspectRatio>1.0</ruptAspectRatio>
      <truncGutenbergRichterMFD aValue="1.04" bValue="0.56" minMag="3.3000" maxMag="6.5000"/>
      <nodalPlaneDist>
        <nodalPlane probability="1.0" strike="0.0" dip="90.0" rake="0.0"/>
      </nodalPlaneDist>
      <hypoDepthDist>
        <hypoDepth probability="1.0" depth="10.0"/>
      </hypoDepthDist>
    </areaSource>
    <areaSource id="2" name="Source 2" tectonicRegion="Active Shallow Crust">
      <areaGeometry>
        <gml:Polygon>
          <gml:exterior>
            <gml:LinearRing>
              <gml:posList>9.45 37.45 9.85 37.45 9.85 37.32 9.40 36.95 9.74 36.80 8.60 35.90 8.05 35.90 8.05 36.27</gml:posList>
            </gml:LinearRing>
          </gml:exterior>
        </gml:Polygon>
        <upperSeismoDepth>5.0</upperSeismoDepth>
        <lowerSeismoDepth>15.0</lowerSeismoDepth>
      </areaGeometry>
      <magScaleRel>WC1994</magScaleRel>
      <ruptAspectRatio>1.0</ruptAspectRatio>
      <truncGutenbergRichterMFD aValue="1.97" bValue="0.68" minMag="3.1000" maxMag="6.5000"/>
      <nodalPlaneDist>
        <nodalPlane probability="1.0" strike="0.0" dip="90.0" rake="0.0"/>
      </nodalPlaneDist>
      <hypoDepthDist>
        <hypoDepth probability="1.0" depth="10.0"/>
      </hypoDepthDist>
    </areaSource>
    <areaSource id="3" name="Source 3" tectonicRegion="Active Shallow Crust">
      <areaGeometry>
        <gml:Polygon>
          <gml:exterior>
            <gml:LinearRing>
              <gml:posList>9.75 36.80 10.04 36.68 10.31 36.87 10.65 36.63 10.40 36.37 10.40 35.20 10.00 34.65 9.58 34.65 9.58 35.70 9.30 35.70 9.30 35.90 8.60 35.90</gml:posList>
            </gml:LinearRing>
          </gml:exterior>
        </gml:Polygon>
        <upperSeismoDepth>5.0</upperSeismoDepth>
        <lowerSeismoDepth>15.0</lowerSeismoDepth>
      </areaGeometry>
      <magScaleRel>WC1994</magScaleRel>
      <ruptAspectRatio>1.0</ruptAspectRatio>
      <truncGutenbergRichterMFD aValue="2.43" bValue="0.81" minMag="3.1000" maxMag="7.0000"/>
      <nodalPlaneDist>
        <nodalPlane probability="1.0" strike="0.0" dip="90.0" rake="0.0"/>
      </nodalPlaneDist>
      <hypoDepthDist>
        <hypoDepth probability="1.0" depth="10.0"/>
      </hypoDepthDist>
    </areaSource>
    <areaSource id="4" name="Source 4" tectonicRegion="Active Shallow Crust">
      <areaGeometry>
        <gml:Polygon>
          <gml:exterior>
            <gml:LinearRing>
              <gml:posList>11.00 37.00 11.50 37.00 11.50 35.20 10.40 35.20 10.40 36.37</gml:posList>
            </gml:LinearRing>
          </gml:exterior>
        </gml:Polygon>
        <upperSeismoDepth>5.0</upperSeismoDepth>
        <lowerSeismoDepth>15.0</lowerSeismoDepth>
      </areaGeometry>
      <magScaleRel>WC1994</magScaleRel>
      <ruptAspectRatio>1.0</ruptAspectRatio>
      <truncGutenbergRichterMFD aValue="1.19" bValue="0.67" minMag="3.3000" maxMag="6.5000"/>
      <nodalPlaneDist>
        <nodalPlane probability="1.0" strike="0.0" dip="90.0" rake="0.0"/>
      </nodalPlaneDist>
      <hypoDepthDist>
        <hypoDepth probability="1.0" depth="10.0"/>
      </hypoDepthDist>
    </areaSource>
    <areaSource id="5" name="Source 5" tectonicRegion="Active Shallow Crust">
      <areaGeometry>
        <gml:Polygon>
          <gml:exterior>
            <gml:LinearRing>
              <gml:posList>8.05 35.90 9.30 35.90 9.30 35.70 9.58 35.70 9.58 34.65 9.75 34.65 9.75 34.27 10.54 33.52 7.50 33.52 7.50 35.00 8.05 35.00</gml:posList>
            </gml:LinearRing>
          </gml:exterior>
        </gml:Polygon>
        <upperSeismoDepth>5.0</upperSeismoDepth>
        <lowerSeismoDepth>15.0</lowerSeismoDepth>
      </areaGeometry>
      <magScaleRel>WC1994</magScaleRel>
      <ruptAspectRatio>1.0</ruptAspectRatio>
      <truncGutenbergRichterMFD aValue="2.36" bValue="0.68" minMag="3.2000" maxMag="7.0000"/>
      <nodalPlaneDist>
        <nodalPlane probability="1.0" strike="0.0" dip="90.0" rake="0.0"/>
      </nodalPlaneDist>
      <hypoDepthDist>
        <hypoDepth probability="1.0" depth="10.0"/>
      </hypoDepthDist>
    </areaSource>
    <areaSource id="6" name="Source 6" tectonicRegion="Active Shallow Crust">
      <areaGeometry>
        <gml:Polygon>
          <gml:exterior>
            <gml:LinearRing>
              <gml:posList>10.40 35.20 11.50 35.20 11.50 33.52 10.54 33.52 9.75 34.27 9.75 34.65 10.00 34.65</gml:posList>
            </gml:LinearRing>
          </gml:exterior>
        </gml:Polygon>
        <upperSeismoDepth>5.0</upperSeismoDepth>
        <lowerSeismoDepth>15.0</lowerSeismoDepth>
      </areaGeometry>
      <magScaleRel>WC1994</magScaleRel>
      <ruptAspectRatio>1.0</ruptAspectRatio>
      <truncGutenbergRichterMFD aValue="2.61" bValue="0.9" minMag="3.5000" maxMag="6.5000"/>
      <nodalPlaneDist>
        <nodalPlane probability="1.0" strike="0.0" dip="90.0" rake="0.0"/>
      </nodalPlaneDist>
      <hypoDepthDist>
        <hypoDepth probability="1.0" depth="10.0"/>
      </hypoDepthDist>
    </areaSource>
    <areaSource id="7" name="Source 7" tectonicRegion="Active Shallow Crust">
      <areaGeometry>
        <gml:Polygon>
          <gml:exterior>
            <gml:LinearRing>
              <gml:posList>7.30 36.70 8.59 36.70 8.05 36.27 7.30 36.27</gml:posList>
            </gml:LinearRing>
          </gml:exterior>
        </gml:Polygon>
        <upperSeismoDepth>5.0</upperSeismoDepth>
        <lowerSeismoDepth>15.0</lowerSeismoDepth>
      </areaGeometry>
      <magScaleRel>WC1994</magScaleRel>
      <ruptAspectRatio>1.0</ruptAspectRatio>
      <truncGutenbergRichterMFD aValue="1.56" bValue="0.69" minMag="3.5000" maxMag="5.5000"/>
      <nodalPlaneDist>
        <nodalPlane probability="1.0" strike="0.0" dip="90.0" rake="0.0"/>
      </nodalPlaneDist>
      <hypoDepthDist>
        <hypoDepth probability="1.0" depth="10.0"/>
      </hypoDepthDist>
    </areaSource>
    </sourceModel>
</nrml>
