<?xml version="1.0" encoding="UTF-8"?>
<nrml xmlns:gml="http://www.opengis.net/gml"
      xmlns="http://openquake.org/xmlns/nrml/0.4">
    <logicTree logicTreeID="lt1">
        <logicTreeBranchingLevel branchingLevelID="bl1">
            <logicTreeBranchSet uncertaintyType="sourceModel"
                                branchSetID="bs1">
                <logicTreeBranch branchID="b1">
                    <uncertaintyModel>source_model1by1.xml</uncertaintyModel>
                    <uncertaintyWeight>0.2</uncertaintyWeight>
                </logicTreeBranch>
                <logicTreeBranch branchID="b2">
		    <uncertaintyModel>source_model2thistudy.xml</uncertaintyModel>
		    <uncertaintyWeight>0.2</uncertaintyWeight>
                </logicTreeBranch>
                <logicTreeBranch branchID="b3">
		    <uncertaintyModel>source_model3yenier.xml</uncertaintyModel>
		    <uncertaintyWeight>0.60</uncertaintyWeight>
                </logicTreeBranch>
            </logicTreeBranchSet>
        </logicTreeBranchingLevel>
    </logicTree>
</nrml>