<?xml version="1.0" encoding="utf-8"?>
<!--

OpenQuake-engine PSHA input model for Central America
Version v1.0.0, 2015-01-21

Copyright (C) 2015 GEM Foundation 
 
THE WORK IS PROTECTED BY COPYRIGHT AND/OR OTHER APPLICABLE LAW. INSOFAR AS THIS
WORK IS PROTECTED BY LAWS THAT NEIGHBOUR OR ARE SIMILARLY RELATED TO COPYRIGHT, 
SUCH AS DATABASE RIGHTS AS INTRODUCED IN EUROPE BY THE  DIRECTIVE 96/9/EC, YOU
ALSO MAY USE THIS WORK UNDER THE TERMS OF CC BY-NC-SA 3.0 (unported).

ANY USE OF THE WORK OTHER THAN AS AUTHORIZED UNDER THIS LICENSE OR
DIRECTLY ALLOWED BY THE APPLICABLE LAW IS PROHIBITED.

If you have any questions or if you wish to seek permission to use this data
beyond what is offered by CC BY-NC-SA 3.0 (unported), including use in
commercial/for-profit contexts, please contact the GEM Foundation at 
licensing@globalquakemodel.org

DISCLAIMER:
 
The MODEL provided herein represents GEM's interpretation of the original model
proposed by Benito et al. (2010, 2012)  (hereafter indicated as the ORIGINAL
MODEL). It was created by GEM, in the attempt of reproducing in the most
faithful way possible the ORIGINAL MODEL but IT IS NOT intended to be an
alternative nor a replacement implementation of the ORIGINAL MODEL. 
 
The MODEL is released as an OpenQuake-engine tailored implementation on behalf
of scientists and engineers working within the GEM Foundation (Global
Earthquake Model).
 
GEM provides it recognizing importance, authoritativeness and, transparency of
the ORIGINAL MODEL, for the purpose of open collaboration and in the hope that
it will be useful to the scientific, engineering, disaster risk and software
design communities.
 
The MODEL is therefore provided WITHOUT ANY WARRANTY; without even the implied
warranty of MERCHANTABILITY or FITNESS FOR A PARTICULAR PURPOSE. 
The GEM Foundation, and the authors of the MODEL, assume no liability for  its
use.

For additional information, material and documentation about the ORIGINAL MODEL
we warmly invite the user to consult the main publications describing this
model:
  
 - Benito, B., C. Lindholm, E. Camacho, Á. Climent, G. Marroquín, E. Molina,
 W. Rojas, E. Talavera, J. J. Escobar, G. Alvarado, Y. Torres, and M. Perez-
 Escalante (2010). Amenaza sísmica en América Central, Benito Oterino, M. B.,
 and Y. Torres Fernández (Editors), Entimema, Madrid, Spain, 371 pp.(in Spanish).
   
 - Benito M.B., Lindholm C., Camacho E., Climent Á., Marroquín G., Molina E.,
 Rojas W., Escobar J.J., Talavera E., Alvarado G.E., Torres Y., 2012. A New 
 Evaluation of Seismic Hazard for the Central America Region. Bulletin of the
 Seismological Society of America, 102, 2, 504-523, doi:10.1785/0120110015 

-->

<nrml
xmlns="http://openquake.org/xmlns/nrml/0.4"
xmlns:gml="http://www.opengis.net/gml"
>
    <sourceModel
    name="RESIS II-Source Model"
    >
        <areaSource
        id="1"
        name="C6"
        tectonicRegion="Active Shallow Crust"
        >
            <areaGeometry>
                <gml:Polygon>
                    <gml:exterior>
                        <gml:LinearRing>
                            <gml:posList>
                                -84.4553 10.5955 -84.7799 9.9923 -84.3553 9.7019 -83.791 9.7056 -83.6627 9.9272 -83.5381 10.1265 -83.5379 10.2479 -84.1193 10.44
                            </gml:posList>
                        </gml:LinearRing>
                    </gml:exterior>
                </gml:Polygon>
                <upperSeismoDepth>
                    0.0
                </upperSeismoDepth>
                <lowerSeismoDepth>
                    25.0
                </lowerSeismoDepth>
            </areaGeometry>
            <magScaleRel>
                WC1994
            </magScaleRel>
            <ruptAspectRatio>
                1.0
            </ruptAspectRatio>
            <truncGutenbergRichterMFD aValue="4.040" bValue="0.890" maxMag="7.100" minMag="4.5"/>
            <nodalPlaneDist>
                <nodalPlane dip="90.0" probability="1.0" rake="90.0" strike="0.0"/>
            </nodalPlaneDist>
            <hypoDepthDist>
                <hypoDepth depth="10.0" probability="1.0"/>
            </hypoDepthDist>
        </areaSource>
        <areaSource
        id="2"
        name="N6-7"
        tectonicRegion="Active Shallow Crust"
        >
            <areaGeometry>
                <gml:Polygon>
                    <gml:exterior>
                        <gml:LinearRing>
                            <gml:posList>
                                -87.32 12.7 -86.5678 12.1598 -86.1289 11.7322 -85.89 11.93 -86.33 12.43 -86.73 12.83 -87.14 12.96
                            </gml:posList>
                        </gml:LinearRing>
                    </gml:exterior>
                </gml:Polygon>
                <upperSeismoDepth>
                    0.0
                </upperSeismoDepth>
                <lowerSeismoDepth>
                    25.0
                </lowerSeismoDepth>
            </areaGeometry>
            <magScaleRel>
                WC1994
            </magScaleRel>
            <ruptAspectRatio>
                1.0
            </ruptAspectRatio>
            <truncGutenbergRichterMFD aValue="4.500" bValue="0.950" maxMag="6.500" minMag="4.5"/>
            <nodalPlaneDist>
                <nodalPlane dip="90.0" probability="1.0" rake="90.0" strike="0.0"/>
            </nodalPlaneDist>
            <hypoDepthDist>
                <hypoDepth depth="10.0" probability="1.0"/>
            </hypoDepthDist>
        </areaSource>
        <areaSource
        id="3"
        name="S4-N5"
        tectonicRegion="Active Shallow Crust"
        >
            <areaGeometry>
                <gml:Polygon>
                    <gml:exterior>
                        <gml:LinearRing>
                            <gml:posList>
                                -87.9175 13.0965 -87.32 12.7 -87.14 12.96 -87.71 13.48
                            </gml:posList>
                        </gml:LinearRing>
                    </gml:exterior>
                </gml:Polygon>
                <upperSeismoDepth>
                    0.0
                </upperSeismoDepth>
                <lowerSeismoDepth>
                    25.0
                </lowerSeismoDepth>
            </areaGeometry>
            <magScaleRel>
                WC1994
            </magScaleRel>
            <ruptAspectRatio>
                1.0
            </ruptAspectRatio>
            <truncGutenbergRichterMFD aValue="4.090" bValue="0.970" maxMag="6.600" minMag="4.5"/>
            <nodalPlaneDist>
                <nodalPlane dip="90.0" probability="1.0" rake="90.0" strike="0.0"/>
            </nodalPlaneDist>
            <hypoDepthDist>
                <hypoDepth depth="10.0" probability="1.0"/>
            </hypoDepthDist>
        </areaSource>
        <areaSource
        id="4"
        name="S1"
        tectonicRegion="Active Shallow Crust"
        >
            <areaGeometry>
                <gml:Polygon>
                    <gml:exterior>
                        <gml:LinearRing>
                            <gml:posList>
                                -90.3 13.5 -90.65 12.7 -89.0 12.0 -88.0 12.75
                            </gml:posList>
                        </gml:LinearRing>
                    </gml:exterior>
                </gml:Polygon>
                <upperSeismoDepth>
                    0.0
                </upperSeismoDepth>
                <lowerSeismoDepth>
                    25.0
                </lowerSeismoDepth>
            </areaGeometry>
            <magScaleRel>
                WC1994
            </magScaleRel>
            <ruptAspectRatio>
                1.0
            </ruptAspectRatio>
            <truncGutenbergRichterMFD aValue="8.030" bValue="1.560" maxMag="7.500" minMag="4.5"/>
            <nodalPlaneDist>
                <nodalPlane dip="90.0" probability="1.0" rake="90.0" strike="0.0"/>
            </nodalPlaneDist>
            <hypoDepthDist>
                <hypoDepth depth="20.0" probability="1.0"/>
            </hypoDepthDist>
        </areaSource>
        <areaSource
        id="5"
        name="S3"
        tectonicRegion="Active Shallow Crust"
        >
            <areaGeometry>
                <gml:Polygon>
                    <gml:exterior>
                        <gml:LinearRing>
                            <gml:posList>
                                -90.1071 13.8913 -89.6954 13.715 -89.0403 13.572 -88.1565 13.2574 -87.9175 13.0965 -87.71 13.48 -87.6556 13.5699 -88.8324 13.8389 -89.5602 14.1153 -89.8694 14.298
                            </gml:posList>
                        </gml:LinearRing>
                    </gml:exterior>
                </gml:Polygon>
                <upperSeismoDepth>
                    0.0
                </upperSeismoDepth>
                <lowerSeismoDepth>
                    25.0
                </lowerSeismoDepth>
            </areaGeometry>
            <magScaleRel>
                WC1994
            </magScaleRel>
            <ruptAspectRatio>
                1.0
            </ruptAspectRatio>
            <truncGutenbergRichterMFD aValue="4.000" bValue="0.870" maxMag="7.000" minMag="4.5"/>
            <nodalPlaneDist>
                <nodalPlane dip="90.0" probability="1.0" rake="90.0" strike="0.0"/>
            </nodalPlaneDist>
            <hypoDepthDist>
                <hypoDepth depth="10.0" probability="1.0"/>
            </hypoDepthDist>
        </areaSource>
        <areaSource
        id="6"
        name="G5-S5-H1"
        tectonicRegion="Active Shallow Crust"
        >
            <areaGeometry>
                <gml:Polygon>
                    <gml:exterior>
                        <gml:LinearRing>
                            <gml:posList>
                                -91.3052 14.9548 -90.4747 14.6582 -89.8694 14.298 -89.5602 14.1153 -88.8324 13.8389 -87.6556 13.5699 -87.6328 15.9018 -89.4898 14.8018
                            </gml:posList>
                        </gml:LinearRing>
                    </gml:exterior>
                </gml:Polygon>
                <upperSeismoDepth>
                    0.0
                </upperSeismoDepth>
                <lowerSeismoDepth>
                    25.0
                </lowerSeismoDepth>
            </areaGeometry>
            <magScaleRel>
                WC1994
            </magScaleRel>
            <ruptAspectRatio>
                1.0
            </ruptAspectRatio>
            <truncGutenbergRichterMFD aValue="3.950" bValue="0.880" maxMag="6.800" minMag="4.5"/>
            <nodalPlaneDist>
                <nodalPlane dip="90.0" probability="1.0" rake="90.0" strike="0.0"/>
            </nodalPlaneDist>
            <hypoDepthDist>
                <hypoDepth depth="10.0" probability="1.0"/>
            </hypoDepthDist>
        </areaSource>
        <areaSource
        id="7"
        name="H2"
        tectonicRegion="Active Shallow Crust"
        >
            <areaGeometry>
                <gml:Polygon>
                    <gml:exterior>
                        <gml:LinearRing>
                            <gml:posList>
                                -87.6556 13.5699 -87.3753 13.5057 -84.9678 16.676 -85.7219 16.6167 -87.0388 16.2792 -87.6328 15.9018
                            </gml:posList>
                        </gml:LinearRing>
                    </gml:exterior>
                </gml:Polygon>
                <upperSeismoDepth>
                    0.0
                </upperSeismoDepth>
                <lowerSeismoDepth>
                    25.0
                </lowerSeismoDepth>
            </areaGeometry>
            <magScaleRel>
                WC1994
            </magScaleRel>
            <ruptAspectRatio>
                1.0
            </ruptAspectRatio>
            <truncGutenbergRichterMFD aValue="5.320" bValue="1.210" maxMag="6.300" minMag="4.5"/>
            <nodalPlaneDist>
                <nodalPlane dip="90.0" probability="1.0" rake="90.0" strike="0.0"/>
            </nodalPlaneDist>
            <hypoDepthDist>
                <hypoDepth depth="10.0" probability="1.0"/>
            </hypoDepthDist>
        </areaSource>
        <areaSource
        id="8"
        name="N4"
        tectonicRegion="Active Shallow Crust"
        >
            <areaGeometry>
                <gml:Polygon>
                    <gml:exterior>
                        <gml:LinearRing>
                            <gml:posList>
                                -86.85 11.75 -85.6828 10.6374 -85.6882 11.0406 -85.4738 11.2174 -86.1289 11.7322 -86.5678 12.1598
                            </gml:posList>
                        </gml:LinearRing>
                    </gml:exterior>
                </gml:Polygon>
                <upperSeismoDepth>
                    0.0
                </upperSeismoDepth>
                <lowerSeismoDepth>
                    25.0
                </lowerSeismoDepth>
            </areaGeometry>
            <magScaleRel>
                WC1994
            </magScaleRel>
            <ruptAspectRatio>
                1.0
            </ruptAspectRatio>
            <truncGutenbergRichterMFD aValue="4.060" bValue="1.020" maxMag="6.800" minMag="4.5"/>
            <nodalPlaneDist>
                <nodalPlane dip="90.0" probability="1.0" rake="90.0" strike="0.0"/>
            </nodalPlaneDist>
            <hypoDepthDist>
                <hypoDepth depth="20.0" probability="1.0"/>
            </hypoDepthDist>
        </areaSource>
        <areaSource
        id="9"
        name="N13-14"
        tectonicRegion="Active Shallow Crust"
        >
            <areaGeometry>
                <gml:Polygon>
                    <gml:exterior>
                        <gml:LinearRing>
                            <gml:posList>
                                -85.2589 13.8468 -83.5 12.18 -83.4727 10.9545 -82.2825 11.542 -83.1652 16.9541
                            </gml:posList>
                        </gml:LinearRing>
                    </gml:exterior>
                </gml:Polygon>
                <upperSeismoDepth>
                    0.0
                </upperSeismoDepth>
                <lowerSeismoDepth>
                    25.0
                </lowerSeismoDepth>
            </areaGeometry>
            <magScaleRel>
                WC1994
            </magScaleRel>
            <ruptAspectRatio>
                1.0
            </ruptAspectRatio>
            <truncGutenbergRichterMFD aValue="4.640" bValue="1.080" maxMag="6.200" minMag="4.5"/>
            <nodalPlaneDist>
                <nodalPlane dip="90.0" probability="1.0" rake="90.0" strike="0.0"/>
            </nodalPlaneDist>
            <hypoDepthDist>
                <hypoDepth depth="10.0" probability="1.0"/>
            </hypoDepthDist>
        </areaSource>
        <areaSource
        id="10"
        name="N12"
        tectonicRegion="Active Shallow Crust"
        >
            <areaGeometry>
                <gml:Polygon>
                    <gml:exterior>
                        <gml:LinearRing>
                            <gml:posList>
                                -86.0665 12.6473 -85.4946 12.1707 -85.4814 11.5681 -84.1613 10.6918 -83.6913 10.8466 -83.4727 10.9545 -83.5 12.18 -85.2589 13.8468
                            </gml:posList>
                        </gml:LinearRing>
                    </gml:exterior>
                </gml:Polygon>
                <upperSeismoDepth>
                    0.0
                </upperSeismoDepth>
                <lowerSeismoDepth>
                    25.0
                </lowerSeismoDepth>
            </areaGeometry>
            <magScaleRel>
                WC1994
            </magScaleRel>
            <ruptAspectRatio>
                1.0
            </ruptAspectRatio>
            <truncGutenbergRichterMFD aValue="5.110" bValue="1.210" maxMag="6.200" minMag="4.5"/>
            <nodalPlaneDist>
                <nodalPlane dip="90.0" probability="1.0" rake="90.0" strike="0.0"/>
            </nodalPlaneDist>
            <hypoDepthDist>
                <hypoDepth depth="10.0" probability="1.0"/>
            </hypoDepthDist>
        </areaSource>
        <areaSource
        id="11"
        name="C9"
        tectonicRegion="Active Shallow Crust"
        >
            <areaGeometry>
                <gml:Polygon>
                    <gml:exterior>
                        <gml:LinearRing>
                            <gml:posList>
                                -85.4814 11.5681 -85.4738 11.2174 -84.8309 10.7739 -84.4553 10.5955 -84.1613 10.6918
                            </gml:posList>
                        </gml:LinearRing>
                    </gml:exterior>
                </gml:Polygon>
                <upperSeismoDepth>
                    0.0
                </upperSeismoDepth>
                <lowerSeismoDepth>
                    25.0
                </lowerSeismoDepth>
            </areaGeometry>
            <magScaleRel>
                WC1994
            </magScaleRel>
            <ruptAspectRatio>
                1.0
            </ruptAspectRatio>
            <truncGutenbergRichterMFD aValue="3.770" bValue="0.970" maxMag="6.300" minMag="4.5"/>
            <nodalPlaneDist>
                <nodalPlane dip="90.0" probability="1.0" rake="90.0" strike="0.0"/>
            </nodalPlaneDist>
            <hypoDepthDist>
                <hypoDepth depth="10.0" probability="1.0"/>
            </hypoDepthDist>
        </areaSource>
        <areaSource
        id="12"
        name="C5"
        tectonicRegion="Active Shallow Crust"
        >
            <areaGeometry>
                <gml:Polygon>
                    <gml:exterior>
                        <gml:LinearRing>
                            <gml:posList>
                                -85.6882 11.0406 -85.6828 10.6374 -84.7799 9.9923 -84.4553 10.5955 -84.8309 10.7739 -85.4738 11.2174
                            </gml:posList>
                        </gml:LinearRing>
                    </gml:exterior>
                </gml:Polygon>
                <upperSeismoDepth>
                    0.0
                </upperSeismoDepth>
                <lowerSeismoDepth>
                    25.0
                </lowerSeismoDepth>
            </areaGeometry>
            <magScaleRel>
                WC1994
            </magScaleRel>
            <ruptAspectRatio>
                1.0
            </ruptAspectRatio>
            <truncGutenbergRichterMFD aValue="4.190" bValue="0.931" maxMag="6.600" minMag="4.5"/>
            <nodalPlaneDist>
                <nodalPlane dip="90.0" probability="1.0" rake="90.0" strike="0.0"/>
            </nodalPlaneDist>
            <hypoDepthDist>
                <hypoDepth depth="10.0" probability="1.0"/>
            </hypoDepthDist>
        </areaSource>
        <areaSource
        id="13"
        name="G4"
        tectonicRegion="Active Shallow Crust"
        >
            <areaGeometry>
                <gml:Polygon>
                    <gml:exterior>
                        <gml:LinearRing>
                            <gml:posList>
                                -91.4983 14.5846 -90.7352 14.2774 -90.4753 14.0486 -90.1071 13.8913 -89.8694 14.298 -90.4747 14.6582 -91.3052 14.9548
                            </gml:posList>
                        </gml:LinearRing>
                    </gml:exterior>
                </gml:Polygon>
                <upperSeismoDepth>
                    0.0
                </upperSeismoDepth>
                <lowerSeismoDepth>
                    25.0
                </lowerSeismoDepth>
            </areaGeometry>
            <magScaleRel>
                WC1994
            </magScaleRel>
            <ruptAspectRatio>
                1.0
            </ruptAspectRatio>
            <truncGutenbergRichterMFD aValue="3.030" bValue="0.720" maxMag="7.000" minMag="4.5"/>
            <nodalPlaneDist>
                <nodalPlane dip="90.0" probability="1.0" rake="90.0" strike="0.0"/>
            </nodalPlaneDist>
            <hypoDepthDist>
                <hypoDepth depth="10.0" probability="1.0"/>
            </hypoDepthDist>
        </areaSource>
        <areaSource
        id="14"
        name="H3-N11"
        tectonicRegion="Active Shallow Crust"
        >
            <areaGeometry>
                <gml:Polygon>
                    <gml:exterior>
                        <gml:LinearRing>
                            <gml:posList>
                                -83.1652 16.9541 -83.7671 16.8219 -84.9678 16.676 -87.3753 13.5057 -86.0665 12.6473 -85.2589 13.8468 -84.3024 15.2728
                            </gml:posList>
                        </gml:LinearRing>
                    </gml:exterior>
                </gml:Polygon>
                <upperSeismoDepth>
                    0.0
                </upperSeismoDepth>
                <lowerSeismoDepth>
                    25.0
                </lowerSeismoDepth>
            </areaGeometry>
            <magScaleRel>
                WC1994
            </magScaleRel>
            <ruptAspectRatio>
                1.0
            </ruptAspectRatio>
            <truncGutenbergRichterMFD aValue="4.440" bValue="1.090" maxMag="6.300" minMag="4.5"/>
            <nodalPlaneDist>
                <nodalPlane dip="90.0" probability="1.0" rake="90.0" strike="0.0"/>
            </nodalPlaneDist>
            <hypoDepthDist>
                <hypoDepth depth="10.0" probability="1.0"/>
            </hypoDepthDist>
        </areaSource>
        <areaSource
        id="15"
        name="N9-10"
        tectonicRegion="Active Shallow Crust"
        >
            <areaGeometry>
                <gml:Polygon>
                    <gml:exterior>
                        <gml:LinearRing>
                            <gml:posList>
                                -87.3753 13.5057 -87.6556 13.5699 -87.71 13.48 -87.14 12.96 -86.73 12.83 -86.33 12.43 -85.89 11.93 -85.4814 11.5681 -85.4946 12.1707 -86.0665 12.6473
                            </gml:posList>
                        </gml:LinearRing>
                    </gml:exterior>
                </gml:Polygon>
                <upperSeismoDepth>
                    0.0
                </upperSeismoDepth>
                <lowerSeismoDepth>
                    25.0
                </lowerSeismoDepth>
            </areaGeometry>
            <magScaleRel>
                WC1994
            </magScaleRel>
            <ruptAspectRatio>
                1.0
            </ruptAspectRatio>
            <truncGutenbergRichterMFD aValue="1.610" bValue="0.500" maxMag="6.800" minMag="4.5"/>
            <nodalPlaneDist>
                <nodalPlane dip="90.0" probability="1.0" rake="90.0" strike="0.0"/>
            </nodalPlaneDist>
            <hypoDepthDist>
                <hypoDepth depth="10.0" probability="1.0"/>
            </hypoDepthDist>
        </areaSource>
        <areaSource
        id="16"
        name="C10"
        tectonicRegion="Active Shallow Crust"
        >
            <areaGeometry>
                <gml:Polygon>
                    <gml:exterior>
                        <gml:LinearRing>
                            <gml:posList>
                                -81.3949 9.7831 -82.2825 11.542 -83.4727 10.9545 -83.6913 10.8466 -84.1613 10.6918 -84.4553 10.5955 -84.1193 10.44 -83.5379 10.2479
                            </gml:posList>
                        </gml:LinearRing>
                    </gml:exterior>
                </gml:Polygon>
                <upperSeismoDepth>
                    0.0
                </upperSeismoDepth>
                <lowerSeismoDepth>
                    25.0
                </lowerSeismoDepth>
            </areaGeometry>
            <magScaleRel>
                WC1994
            </magScaleRel>
            <ruptAspectRatio>
                1.0
            </ruptAspectRatio>
            <truncGutenbergRichterMFD aValue="4.720" bValue="1.130" maxMag="6.200" minMag="4.5"/>
            <nodalPlaneDist>
                <nodalPlane dip="90.0" probability="1.0" rake="90.0" strike="0.0"/>
            </nodalPlaneDist>
            <hypoDepthDist>
                <hypoDepth depth="20.0" probability="1.0"/>
            </hypoDepthDist>
        </areaSource>
        <areaSource
        id="17"
        name="N3"
        tectonicRegion="Active Shallow Crust"
        >
            <areaGeometry>
                <gml:Polygon>
                    <gml:exterior>
                        <gml:LinearRing>
                            <gml:posList>
                                -88.0 12.75 -86.85 11.75 -86.5678 12.1598 -87.32 12.7 -87.9175 13.0965 -87.97 13.0
                            </gml:posList>
                        </gml:LinearRing>
                    </gml:exterior>
                </gml:Polygon>
                <upperSeismoDepth>
                    0.0
                </upperSeismoDepth>
                <lowerSeismoDepth>
                    25.0
                </lowerSeismoDepth>
            </areaGeometry>
            <magScaleRel>
                WC1994
            </magScaleRel>
            <ruptAspectRatio>
                1.0
            </ruptAspectRatio>
            <truncGutenbergRichterMFD aValue="4.090" bValue="0.880" maxMag="6.800" minMag="4.5"/>
            <nodalPlaneDist>
                <nodalPlane dip="90.0" probability="1.0" rake="90.0" strike="0.0"/>
            </nodalPlaneDist>
            <hypoDepthDist>
                <hypoDepth depth="20.0" probability="1.0"/>
            </hypoDepthDist>
        </areaSource>
        <areaSource
        id="18"
        name="P6"
        tectonicRegion="Active Shallow Crust"
        >
            <areaGeometry>
                <gml:Polygon>
                    <gml:exterior>
                        <gml:LinearRing>
                            <gml:posList>
                                -79.3362 7.6596 -78.9127 7.7094 -79.1593 9.4316 -79.6197 9.4917 -79.9601 9.2413 -80.3605 9.0611
                            </gml:posList>
                        </gml:LinearRing>
                    </gml:exterior>
                </gml:Polygon>
                <upperSeismoDepth>
                    0.0
                </upperSeismoDepth>
                <lowerSeismoDepth>
                    25.0
                </lowerSeismoDepth>
            </areaGeometry>
            <magScaleRel>
                WC1994
            </magScaleRel>
            <ruptAspectRatio>
                1.0
            </ruptAspectRatio>
            <truncGutenbergRichterMFD aValue="3.680" bValue="1.060" maxMag="6.700" minMag="4.5"/>
            <nodalPlaneDist>
                <nodalPlane dip="90.0" probability="1.0" rake="90.0" strike="0.0"/>
            </nodalPlaneDist>
            <hypoDepthDist>
                <hypoDepth depth="10.0" probability="1.0"/>
            </hypoDepthDist>
        </areaSource>
        <areaSource
        id="19"
        name="P7"
        tectonicRegion="Active Shallow Crust"
        >
            <areaGeometry>
                <gml:Polygon>
                    <gml:exterior>
                        <gml:LinearRing>
                            <gml:posList>
                                -78.5806 7.6429 -77.5738 6.9331 -77.0397 7.4764 -77.0771 8.2026 -78.0181 9.1112 -78.8089 9.3815 -79.1593 9.4316 -78.9127 7.7094
                            </gml:posList>
                        </gml:LinearRing>
                    </gml:exterior>
                </gml:Polygon>
                <upperSeismoDepth>
                    0.0
                </upperSeismoDepth>
                <lowerSeismoDepth>
                    25.0
                </lowerSeismoDepth>
            </areaGeometry>
            <magScaleRel>
                WC1994
            </magScaleRel>
            <ruptAspectRatio>
                1.0
            </ruptAspectRatio>
            <truncGutenbergRichterMFD aValue="3.350" bValue="0.730" maxMag="7.400" minMag="4.5"/>
            <nodalPlaneDist>
                <nodalPlane dip="90.0" probability="1.0" rake="90.0" strike="0.0"/>
            </nodalPlaneDist>
            <hypoDepthDist>
                <hypoDepth depth="10.0" probability="1.0"/>
            </hypoDepthDist>
        </areaSource>
        <areaSource
        id="20"
        name="P3"
        tectonicRegion="Active Shallow Crust"
        >
            <areaGeometry>
                <gml:Polygon>
                    <gml:exterior>
                        <gml:LinearRing>
                            <gml:posList>
                                -77.3552 4.9793 -77.5738 6.9331 -78.074 6.4468 -78.0634 4.9793
                            </gml:posList>
                        </gml:LinearRing>
                    </gml:exterior>
                </gml:Polygon>
                <upperSeismoDepth>
                    0.0
                </upperSeismoDepth>
                <lowerSeismoDepth>
                    25.0
                </lowerSeismoDepth>
            </areaGeometry>
            <magScaleRel>
                WC1994
            </magScaleRel>
            <ruptAspectRatio>
                1.0
            </ruptAspectRatio>
            <truncGutenbergRichterMFD aValue="3.780" bValue="0.870" maxMag="7.000" minMag="4.5"/>
            <nodalPlaneDist>
                <nodalPlane dip="90.0" probability="1.0" rake="90.0" strike="0.0"/>
            </nodalPlaneDist>
            <hypoDepthDist>
                <hypoDepth depth="20.0" probability="1.0"/>
            </hypoDepthDist>
        </areaSource>
        <areaSource
        id="21"
        name="G7"
        tectonicRegion="Active Shallow Crust"
        >
            <areaGeometry>
                <gml:Polygon>
                    <gml:exterior>
                        <gml:LinearRing>
                            <gml:posList>
                                -88.1356 16.5409 -87.6328 15.9018 -87.0388 16.2792 -85.7219 16.6167 -84.9678 16.676 -83.7671 16.8219 -83.1652 16.9541 -83.4852 18.6535 -86.9045 17.5053
                            </gml:posList>
                        </gml:LinearRing>
                    </gml:exterior>
                </gml:Polygon>
                <upperSeismoDepth>
                    0.0
                </upperSeismoDepth>
                <lowerSeismoDepth>
                    25.0
                </lowerSeismoDepth>
            </areaGeometry>
            <magScaleRel>
                WC1994
            </magScaleRel>
            <ruptAspectRatio>
                1.0
            </ruptAspectRatio>
            <truncGutenbergRichterMFD aValue="3.470" bValue="0.780" maxMag="7.800" minMag="4.5"/>
            <nodalPlaneDist>
                <nodalPlane dip="90.0" probability="1.0" rake="90.0" strike="0.0"/>
            </nodalPlaneDist>
            <hypoDepthDist>
                <hypoDepth depth="10.0" probability="1.0"/>
            </hypoDepthDist>
        </areaSource>
        <areaSource
        id="22"
        name="N8"
        tectonicRegion="Active Shallow Crust"
        >
            <areaGeometry>
                <gml:Polygon>
                    <gml:exterior>
                        <gml:LinearRing>
                            <gml:posList>
                                -85.89 11.93 -86.1289 11.7322 -85.4738 11.2174 -85.4814 11.5681
                            </gml:posList>
                        </gml:LinearRing>
                    </gml:exterior>
                </gml:Polygon>
                <upperSeismoDepth>
                    0.0
                </upperSeismoDepth>
                <lowerSeismoDepth>
                    25.0
                </lowerSeismoDepth>
            </areaGeometry>
            <magScaleRel>
                WC1994
            </magScaleRel>
            <ruptAspectRatio>
                1.0
            </ruptAspectRatio>
            <truncGutenbergRichterMFD aValue="2.500" bValue="0.680" maxMag="6.800" minMag="4.5"/>
            <nodalPlaneDist>
                <nodalPlane dip="90.0" probability="1.0" rake="90.0" strike="0.0"/>
            </nodalPlaneDist>
            <hypoDepthDist>
                <hypoDepth depth="10.0" probability="1.0"/>
            </hypoDepthDist>
        </areaSource>
        <areaSource
        id="23"
        name="C8-P8"
        tectonicRegion="Active Shallow Crust"
        >
            <areaGeometry>
                <gml:Polygon>
                    <gml:exterior>
                        <gml:LinearRing>
                            <gml:posList>
                                -83.663 9.927 -82.654 9.227 -82.317 8.997 -81.522 8.711 -81.141 8.691 -80.36 9.061 -79.96 9.241 -79.62 9.492 -79.159 9.432 -78.809 9.382 -78.018 9.111 -77.077 8.203 -76.94 8.986 -77.197 9.655 -77.609 10.437 -78.417 10.819 -79.634 10.663 -80.849 10.282 -81.395 9.783 -83.538 10.248 -83.538 10.127 -83.663 9.927
                            </gml:posList>
                        </gml:LinearRing>
                    </gml:exterior>
                </gml:Polygon>
                <upperSeismoDepth>
                    0.0
                </upperSeismoDepth>
                <lowerSeismoDepth>
                    25.0
                </lowerSeismoDepth>
            </areaGeometry>
            <magScaleRel>
                WC1994
            </magScaleRel>
            <ruptAspectRatio>
                1.0
            </ruptAspectRatio>
            <truncGutenbergRichterMFD aValue="4.300" bValue="0.860" maxMag="7.800" minMag="4.5"/>
            <nodalPlaneDist>
                <nodalPlane dip="90.0" probability="1.0" rake="90.0" strike="0.0"/>
            </nodalPlaneDist>
            <hypoDepthDist>
                <hypoDepth depth="20.0" probability="1.0"/>
            </hypoDepthDist>
        </areaSource>
        <areaSource
        id="25"
        name="P4"
        tectonicRegion="Active Shallow Crust"
        >
            <areaGeometry>
                <gml:Polygon>
                    <gml:exterior>
                        <gml:LinearRing>
                            <gml:posList>
                                -77.5738 6.9331 -77.3552 4.9793 -76.2802 4.9793 -76.2802 10.5891 -77.1972 9.6545 -76.94 8.9856 -77.0771 8.2026 -77.0397 7.4764
                            </gml:posList>
                        </gml:LinearRing>
                    </gml:exterior>
                </gml:Polygon>
                <upperSeismoDepth>
                    0.0
                </upperSeismoDepth>
                <lowerSeismoDepth>
                    25.0
                </lowerSeismoDepth>
            </areaGeometry>
            <magScaleRel>
                WC1994
            </magScaleRel>
            <ruptAspectRatio>
                1.0
            </ruptAspectRatio>
            <truncGutenbergRichterMFD aValue="4.710" bValue="0.980" maxMag="7.200" minMag="4.5"/>
            <nodalPlaneDist>
                <nodalPlane dip="90.0" probability="1.0" rake="90.0" strike="0.0"/>
            </nodalPlaneDist>
            <hypoDepthDist>
                <hypoDepth depth="10.0" probability="1.0"/>
            </hypoDepthDist>
        </areaSource>
        <areaSource
        id="26"
        name="C7"
        tectonicRegion="Active Shallow Crust"
        >
            <areaGeometry>
                <gml:Polygon>
                    <gml:exterior>
                        <gml:LinearRing>
                            <gml:posList>
                                -84.3553 9.702 -84.1404 9.4225 -83.6513 8.9763 -83.2106 8.7398 -83.0494 8.6269 -82.7288 8.5233 -82.6541 9.227 -83.6627 9.9272 -83.791 9.7056
                            </gml:posList>
                        </gml:LinearRing>
                    </gml:exterior>
                </gml:Polygon>
                <upperSeismoDepth>
                    0.0
                </upperSeismoDepth>
                <lowerSeismoDepth>
                    25.0
                </lowerSeismoDepth>
            </areaGeometry>
            <magScaleRel>
                WC1994
            </magScaleRel>
            <ruptAspectRatio>
                1.0
            </ruptAspectRatio>
            <truncGutenbergRichterMFD aValue="5.740" bValue="1.180" maxMag="7.100" minMag="4.5"/>
            <nodalPlaneDist>
                <nodalPlane dip="90.0" probability="1.0" rake="90.0" strike="0.0"/>
            </nodalPlaneDist>
            <hypoDepthDist>
                <hypoDepth depth="10.0" probability="1.0"/>
            </hypoDepthDist>
        </areaSource>
        <areaSource
        id="27"
        name="P5"
        tectonicRegion="Active Shallow Crust"
        >
            <areaGeometry>
                <gml:Polygon>
                    <gml:exterior>
                        <gml:LinearRing>
                            <gml:posList>
                                -82.7288 8.5233 -82.2593 8.3656 -79.3362 7.6596 -80.3605 9.0611 -81.1413 8.6906 -81.5217 8.7107 -82.3174 8.9969 -82.6541 9.227
                            </gml:posList>
                        </gml:LinearRing>
                    </gml:exterior>
                </gml:Polygon>
                <upperSeismoDepth>
                    0.0
                </upperSeismoDepth>
                <lowerSeismoDepth>
                    25.0
                </lowerSeismoDepth>
            </areaGeometry>
            <magScaleRel>
                WC1994
            </magScaleRel>
            <ruptAspectRatio>
                1.0
            </ruptAspectRatio>
            <truncGutenbergRichterMFD aValue="6.100" bValue="1.370" maxMag="6.500" minMag="4.5"/>
            <nodalPlaneDist>
                <nodalPlane dip="90.0" probability="1.0" rake="90.0" strike="0.0"/>
            </nodalPlaneDist>
            <hypoDepthDist>
                <hypoDepth depth="10.0" probability="1.0"/>
            </hypoDepthDist>
        </areaSource>
        <areaSource
        id="28"
        name="G1"
        tectonicRegion="Active Shallow Crust"
        >
            <areaGeometry>
                <gml:Polygon>
                    <gml:exterior>
                        <gml:LinearRing>
                            <gml:posList>
                                -92.2464 13.3625 -90.65 12.7 -90.3 13.5 -92.2393 14.3325
                            </gml:posList>
                        </gml:LinearRing>
                    </gml:exterior>
                </gml:Polygon>
                <upperSeismoDepth>
                    0.0
                </upperSeismoDepth>
                <lowerSeismoDepth>
                    25.0
                </lowerSeismoDepth>
            </areaGeometry>
            <magScaleRel>
                WC1994
            </magScaleRel>
            <ruptAspectRatio>
                1.0
            </ruptAspectRatio>
            <truncGutenbergRichterMFD aValue="4.710" bValue="0.920" maxMag="7.500" minMag="4.5"/>
            <nodalPlaneDist>
                <nodalPlane dip="90.0" probability="1.0" rake="90.0" strike="0.0"/>
            </nodalPlaneDist>
            <hypoDepthDist>
                <hypoDepth depth="20.0" probability="1.0"/>
            </hypoDepthDist>
        </areaSource>
        <areaSource
        id="29"
        name="G2-S2"
        tectonicRegion="Active Shallow Crust"
        >
            <areaGeometry>
                <gml:Polygon>
                    <gml:exterior>
                        <gml:LinearRing>
                            <gml:posList>
                                -92.2393 14.3325 -90.3 13.5 -88.0 12.75 -87.97 13.0 -87.9175 13.0965 -88.1565 13.2574 -89.0403 13.572 -89.6954 13.715 -90.1071 13.8913 -90.4753 14.0486 -90.7352 14.2774 -91.4983 14.5846 -92.2474 14.8777
                            </gml:posList>
                        </gml:LinearRing>
                    </gml:exterior>
                </gml:Polygon>
                <upperSeismoDepth>
                    0.0
                </upperSeismoDepth>
                <lowerSeismoDepth>
                    25.0
                </lowerSeismoDepth>
            </areaGeometry>
            <magScaleRel>
                WC1994
            </magScaleRel>
            <ruptAspectRatio>
                1.0
            </ruptAspectRatio>
            <truncGutenbergRichterMFD aValue="4.830" bValue="1.030" maxMag="6.300" minMag="4.5"/>
            <nodalPlaneDist>
                <nodalPlane dip="90.0" probability="1.0" rake="90.0" strike="0.0"/>
            </nodalPlaneDist>
            <hypoDepthDist>
                <hypoDepth depth="20.0" probability="1.0"/>
            </hypoDepthDist>
        </areaSource>
        <areaSource
        id="30"
        name="G3"
        tectonicRegion="Active Shallow Crust"
        >
            <areaGeometry>
                <gml:Polygon>
                    <gml:exterior>
                        <gml:LinearRing>
                            <gml:posList>
                                -92.2474 14.8777 -91.4983 14.5846 -91.3052 14.9548 -92.2566 15.2822
                            </gml:posList>
                        </gml:LinearRing>
                    </gml:exterior>
                </gml:Polygon>
                <upperSeismoDepth>
                    0.0
                </upperSeismoDepth>
                <lowerSeismoDepth>
                    25.0
                </lowerSeismoDepth>
            </areaGeometry>
            <magScaleRel>
                WC1994
            </magScaleRel>
            <ruptAspectRatio>
                1.0
            </ruptAspectRatio>
            <truncGutenbergRichterMFD aValue="2.270" bValue="0.670" maxMag="6.700" minMag="4.5"/>
            <nodalPlaneDist>
                <nodalPlane dip="90.0" probability="1.0" rake="90.0" strike="0.0"/>
            </nodalPlaneDist>
            <hypoDepthDist>
                <hypoDepth depth="10.0" probability="1.0"/>
            </hypoDepthDist>
        </areaSource>
        <areaSource
        id="31"
        name="G6"
        tectonicRegion="Active Shallow Crust"
        >
            <areaGeometry>
                <gml:Polygon>
                    <gml:exterior>
                        <gml:LinearRing>
                            <gml:posList>
                                -92.2566 15.2822 -91.3052 14.9548 -89.4898 14.8018 -87.6328 15.9018 -88.1356 16.5409 -89.529 15.7868 -91.0231 15.9355 -92.2813 16.2477
                            </gml:posList>
                        </gml:LinearRing>
                    </gml:exterior>
                </gml:Polygon>
                <upperSeismoDepth>
                    0.0
                </upperSeismoDepth>
                <lowerSeismoDepth>
                    25.0
                </lowerSeismoDepth>
            </areaGeometry>
            <magScaleRel>
                WC1994
            </magScaleRel>
            <ruptAspectRatio>
                1.0
            </ruptAspectRatio>
            <truncGutenbergRichterMFD aValue="3.810" bValue="0.820" maxMag="7.800" minMag="4.5"/>
            <nodalPlaneDist>
                <nodalPlane dip="90.0" probability="1.0" rake="90.0" strike="0.0"/>
            </nodalPlaneDist>
            <hypoDepthDist>
                <hypoDepth depth="10.0" probability="1.0"/>
            </hypoDepthDist>
        </areaSource>
        <areaSource
        id="32"
        name="G8"
        tectonicRegion="Active Shallow Crust"
        >
            <areaGeometry>
                <gml:Polygon>
                    <gml:exterior>
                        <gml:LinearRing>
                            <gml:posList>
                                -92.2813 16.2477 -91.0231 15.9355 -89.529 15.7868 -88.1356 16.5409 -86.9045 17.5053 -86.6415 18.7776 -88.891 18.6083 -91.0622 18.1158
                            </gml:posList>
                        </gml:LinearRing>
                    </gml:exterior>
                </gml:Polygon>
                <upperSeismoDepth>
                    0.0
                </upperSeismoDepth>
                <lowerSeismoDepth>
                    25.0
                </lowerSeismoDepth>
            </areaGeometry>
            <magScaleRel>
                WC1994
            </magScaleRel>
            <ruptAspectRatio>
                1.0
            </ruptAspectRatio>
            <truncGutenbergRichterMFD aValue="3.370" bValue="0.780" maxMag="6.700" minMag="4.5"/>
            <nodalPlaneDist>
                <nodalPlane dip="90.0" probability="1.0" rake="90.0" strike="0.0"/>
            </nodalPlaneDist>
            <hypoDepthDist>
                <hypoDepth depth="10.0" probability="1.0"/>
            </hypoDepthDist>
        </areaSource>
        <areaSource
        id="33"
        name="N1"
        tectonicRegion="Active Shallow Crust"
        >
            <areaGeometry>
                <gml:Polygon>
                    <gml:exterior>
                        <gml:LinearRing>
                            <gml:posList>
                                -89.0 12.0 -87.7331 10.7605 -86.85 11.75 -88.0 12.75
                            </gml:posList>
                        </gml:LinearRing>
                    </gml:exterior>
                </gml:Polygon>
                <upperSeismoDepth>
                    0.0
                </upperSeismoDepth>
                <lowerSeismoDepth>
                    25.0
                </lowerSeismoDepth>
            </areaGeometry>
            <magScaleRel>
                WC1994
            </magScaleRel>
            <ruptAspectRatio>
                1.0
            </ruptAspectRatio>
            <truncGutenbergRichterMFD aValue="6.470" bValue="1.180" maxMag="8.000" minMag="4.5"/>
            <nodalPlaneDist>
                <nodalPlane dip="90.0" probability="1.0" rake="90.0" strike="0.0"/>
            </nodalPlaneDist>
            <hypoDepthDist>
                <hypoDepth depth="20.0" probability="1.0"/>
            </hypoDepthDist>
        </areaSource>
        <areaSource
        id="34"
        name="N2-C1"
        tectonicRegion="Active Shallow Crust"
        >
            <areaGeometry>
                <gml:Polygon>
                    <gml:exterior>
                        <gml:LinearRing>
                            <gml:posList>
                                -87.7331 10.7605 -86.1845 9.8791 -85.6828 10.6374 -86.85 11.75
                            </gml:posList>
                        </gml:LinearRing>
                    </gml:exterior>
                </gml:Polygon>
                <upperSeismoDepth>
                    0.0
                </upperSeismoDepth>
                <lowerSeismoDepth>
                    25.0
                </lowerSeismoDepth>
            </areaGeometry>
            <magScaleRel>
                WC1994
            </magScaleRel>
            <ruptAspectRatio>
                1.0
            </ruptAspectRatio>
            <truncGutenbergRichterMFD aValue="7.730" bValue="1.410" maxMag="7.400" minMag="4.5"/>
            <nodalPlaneDist>
                <nodalPlane dip="90.0" probability="1.0" rake="90.0" strike="0.0"/>
            </nodalPlaneDist>
            <hypoDepthDist>
                <hypoDepth depth="20.0" probability="1.0"/>
            </hypoDepthDist>
        </areaSource>
        <areaSource
        id="35"
        name="C2"
        tectonicRegion="Active Shallow Crust"
        >
            <areaGeometry>
                <gml:Polygon>
                    <gml:exterior>
                        <gml:LinearRing>
                            <gml:posList>
                                -86.1845 9.8791 -85.4119 8.881 -84.7799 9.9923 -85.6828 10.6374
                            </gml:posList>
                        </gml:LinearRing>
                    </gml:exterior>
                </gml:Polygon>
                <upperSeismoDepth>
                    0.0
                </upperSeismoDepth>
                <lowerSeismoDepth>
                    25.0
                </lowerSeismoDepth>
            </areaGeometry>
            <magScaleRel>
                WC1994
            </magScaleRel>
            <ruptAspectRatio>
                1.0
            </ruptAspectRatio>
            <truncGutenbergRichterMFD aValue="4.810" bValue="0.993" maxMag="7.200" minMag="4.5"/>
            <nodalPlaneDist>
                <nodalPlane dip="90.0" probability="1.0" rake="90.0" strike="0.0"/>
            </nodalPlaneDist>
            <hypoDepthDist>
                <hypoDepth depth="20.0" probability="1.0"/>
            </hypoDepthDist>
        </areaSource>
        <areaSource
        id="36"
        name="C3"
        tectonicRegion="Active Shallow Crust"
        >
            <areaGeometry>
                <gml:Polygon>
                    <gml:exterior>
                        <gml:LinearRing>
                            <gml:posList>
                                -85.4119 8.881 -84.6041 8.4734 -83.487 7.9664 -83.1522 8.0622 -83.2106 8.7398 -83.6513 8.9763 -84.1404 9.4225 -84.3553 9.702 -84.7799 9.9923
                            </gml:posList>
                        </gml:LinearRing>
                    </gml:exterior>
                </gml:Polygon>
                <upperSeismoDepth>
                    0.0
                </upperSeismoDepth>
                <lowerSeismoDepth>
                    25.0
                </lowerSeismoDepth>
            </areaGeometry>
            <magScaleRel>
                WC1994
            </magScaleRel>
            <ruptAspectRatio>
                1.0
            </ruptAspectRatio>
            <truncGutenbergRichterMFD aValue="4.780" bValue="0.917" maxMag="7.300" minMag="4.5"/>
            <nodalPlaneDist>
                <nodalPlane dip="90.0" probability="1.0" rake="90.0" strike="0.0"/>
            </nodalPlaneDist>
            <hypoDepthDist>
                <hypoDepth depth="15.0" probability="1.0"/>
            </hypoDepthDist>
        </areaSource>
        <areaSource
        id="37"
        name="C4-P1"
        tectonicRegion="Active Shallow Crust"
        >
            <areaGeometry>
                <gml:Polygon>
                    <gml:exterior>
                        <gml:LinearRing>
                            <gml:posList>
                                -83.487 7.9664 -83.3829 7.2612 -83.3829 6.0646 -83.447 4.0019 -82.2736 3.9787 -82.0827 7.0339 -82.7288 8.5233 -83.0494 8.6269 -83.2106 8.7398 -83.1522 8.0622
                            </gml:posList>
                        </gml:LinearRing>
                    </gml:exterior>
                </gml:Polygon>
                <upperSeismoDepth>
                    0.0
                </upperSeismoDepth>
                <lowerSeismoDepth>
                    25.0
                </lowerSeismoDepth>
            </areaGeometry>
            <magScaleRel>
                WC1994
            </magScaleRel>
            <ruptAspectRatio>
                1.0
            </ruptAspectRatio>
            <truncGutenbergRichterMFD aValue="6.090" bValue="1.060" maxMag="7.500" minMag="4.5"/>
            <nodalPlaneDist>
                <nodalPlane dip="90.0" probability="1.0" rake="90.0" strike="0.0"/>
            </nodalPlaneDist>
            <hypoDepthDist>
                <hypoDepth depth="10.0" probability="1.0"/>
            </hypoDepthDist>
        </areaSource>
        <areaSource
        id="38"
        name="P2"
        tectonicRegion="Active Shallow Crust"
        >
            <areaGeometry>
                <gml:Polygon>
                    <gml:exterior>
                        <gml:LinearRing>
                            <gml:posList>
                                -82.0827 7.0339 -81.7845 6.9717 -81.0066 6.6987 -80.181 6.6714 -79.2053 6.8898 -78.074 6.4468 -77.5738 6.9331 -78.5806 7.6429 -78.9127 7.7094 -79.3362 7.6596 -82.2593 8.3656 -82.7288 8.5233
                            </gml:posList>
                        </gml:LinearRing>
                    </gml:exterior>
                </gml:Polygon>
                <upperSeismoDepth>
                    0.0
                </upperSeismoDepth>
                <lowerSeismoDepth>
                    25.0
                </lowerSeismoDepth>
            </areaGeometry>
            <magScaleRel>
                WC1994
            </magScaleRel>
            <ruptAspectRatio>
                1.0
            </ruptAspectRatio>
            <truncGutenbergRichterMFD aValue="4.630" bValue="0.920" maxMag="7.100" minMag="4.5"/>
            <nodalPlaneDist>
                <nodalPlane dip="90.0" probability="1.0" rake="90.0" strike="0.0"/>
            </nodalPlaneDist>
            <hypoDepthDist>
                <hypoDepth depth="10.0" probability="1.0"/>
            </hypoDepthDist>
        </areaSource>
        <areaSource
        id="47"
        name="Psi10"
        tectonicRegion="Subduction Interface"
        >
            <areaGeometry>
                <gml:Polygon>
                    <gml:exterior>
                        <gml:LinearRing>
                            <gml:posList>
                                -80.8032 9.3909 -78.5432 8.0225 -78.4568 7.6911 -78.3958 7.378 -78.1445 6.0563 -76.1674 6.0508 -76.1784 7.2305 -78.6113 10.0059 -80.345 9.9263
                            </gml:posList>
                        </gml:LinearRing>
                    </gml:exterior>
                </gml:Polygon>
                <upperSeismoDepth>
                    30.0
                </upperSeismoDepth>
                <lowerSeismoDepth>
                    60.0
                </lowerSeismoDepth>
            </areaGeometry>
            <magScaleRel>
                WC1994
            </magScaleRel>
            <ruptAspectRatio>
                1.0
            </ruptAspectRatio>
            <truncGutenbergRichterMFD aValue="3.650" bValue="0.790" maxMag="7.500" minMag="4.5"/>
            <nodalPlaneDist>
                <nodalPlane dip="90.0" probability="1.0" rake="90.0" strike="0.0"/>
            </nodalPlaneDist>
            <hypoDepthDist>
                <hypoDepth depth="50.0" probability="1.0"/>
            </hypoDepthDist>
        </areaSource>
        <complexFaultSource
        id="39"
        name="Gsi9"
        tectonicRegion="Subduction Interface"
        >
            <complexFaultGeometry>
                <faultTopEdge>
                    <gml:LineString>
                        <gml:posList>
                            -90.5000  13.0000  26.0  -92.2367  13.5064  26.0
                        </gml:posList>
                    </gml:LineString>
                </faultTopEdge>
                <faultBottomEdge>
                    <gml:LineString>
                        <gml:posList>
                            -90.2000  13.7000  70.0  -92.2372  14.3985  70.0
                        </gml:posList>
                    </gml:LineString>
                </faultBottomEdge>
            </complexFaultGeometry>
            <magScaleRel>
                WC1994
            </magScaleRel>
            <ruptAspectRatio>
                1.0
            </ruptAspectRatio>
            <truncGutenbergRichterMFD aValue="4.070" bValue="0.830" maxMag="7.900" minMag="4.5"/>
            <rake>
                90.0
            </rake>
        </complexFaultSource>
        <complexFaultSource
        id="40"
        name="Ssi5"
        tectonicRegion="Subduction Interface"
        >
            <complexFaultGeometry>
                <faultTopEdge>
                    <gml:LineString>
                        <gml:posList>
                            -88.2000  12.2000  26.0  -90.5000  13.0000  26.0
                        </gml:posList>
                    </gml:LineString>
                </faultTopEdge>
                <faultBottomEdge>
                    <gml:LineString>
                        <gml:posList>
                            -87.9000  12.9000  70.0  -90.2000  13.7000  70.0
                        </gml:posList>
                    </gml:LineString>
                </faultBottomEdge>
            </complexFaultGeometry>
            <magScaleRel>
                WC1994
            </magScaleRel>
            <ruptAspectRatio>
                1.0
            </ruptAspectRatio>
            <truncGutenbergRichterMFD aValue="5.110" bValue="1.000" maxMag="7.900" minMag="4.5"/>
            <rake>
                90.0
            </rake>
        </complexFaultSource>
        <complexFaultSource
        id="41"
        name="Nsi15"
        tectonicRegion="Subduction Interface"
        >
            <complexFaultGeometry>
                <faultTopEdge>
                    <gml:LineString>
                        <gml:posList>
                            -87.2500  11.5000  26.0  -88.2000  12.2000  26.0
                        </gml:posList>
                    </gml:LineString>
                </faultTopEdge>
                <faultBottomEdge>
                    <gml:LineString>
                        <gml:posList>
                            -86.7500  12.2500  70.0  -87.9000  12.9000  70.0
                        </gml:posList>
                    </gml:LineString>
                </faultBottomEdge>
            </complexFaultGeometry>
            <magScaleRel>
                WC1994
            </magScaleRel>
            <ruptAspectRatio>
                1.0
            </ruptAspectRatio>
            <truncGutenbergRichterMFD aValue="6.610" bValue="1.330" maxMag="7.900" minMag="4.5"/>
            <rake>
                90.0
            </rake>
        </complexFaultSource>
        <complexFaultSource
        id="42"
        name="Nsi16"
        tectonicRegion="Subduction Interface"
        >
            <complexFaultGeometry>
                <faultTopEdge>
                    <gml:LineString>
                        <gml:posList>
                            -86.0 10.5 26.0 -87.25 11.5 26.0
                        </gml:posList>
                    </gml:LineString>
                </faultTopEdge>
                <faultBottomEdge>
                    <gml:LineString>
                        <gml:posList>
                            -85.5 11.0 70.0 -86.75 12.25 70.0
                        </gml:posList>
                    </gml:LineString>
                </faultBottomEdge>
            </complexFaultGeometry>
            <magScaleRel>
                WC1994
            </magScaleRel>
            <ruptAspectRatio>
                1.0
            </ruptAspectRatio>
            <truncGutenbergRichterMFD aValue="3.790" bValue="0.780" maxMag="7.900" minMag="4.5"/>
            <rake>
                90.0
            </rake>
        </complexFaultSource>
        <complexFaultSource
        id="43"
        name="Csi11"
        tectonicRegion="Subduction Interface"
        >
            <complexFaultGeometry>
                <faultTopEdge>
                    <gml:LineString>
                        <gml:posList>
                            -85.136  9.4681  26.0  -85.6913  9.8476  26.0  -85.9774  10.3128  26.0  -86.0000  10.5000  26.0
                        </gml:posList>
                    </gml:LineString>
                </faultTopEdge>
                <faultBottomEdge>
                    <gml:LineString>
                        <gml:posList>
                            -84.8127 9.8961 63.0 -85.4158 10.3931 63.0 -85.5181 10.687 63.0 -85.5 11.0 63.0
                        </gml:posList>
                    </gml:LineString>
                </faultBottomEdge>
            </complexFaultGeometry>
            <magScaleRel>
                WC1994
            </magScaleRel>
            <ruptAspectRatio>
                1.0
            </ruptAspectRatio>
            <truncGutenbergRichterMFD aValue="2.030" bValue="0.540" maxMag="7.800" minMag="4.5"/>
            <rake>
                90.0
            </rake>
        </complexFaultSource>
        <complexFaultSource
        id="44"
        name="Csi12"
        tectonicRegion="Subduction Interface"
        >
            <complexFaultGeometry>
                <faultTopEdge>
                    <gml:LineString>
                        <gml:posList>
                            -83.9814  8.6311  26.0  -85.1360  9.4681  26.0
                        </gml:posList>
                    </gml:LineString>
                </faultTopEdge>
                <faultBottomEdge>
                    <gml:LineString>
                        <gml:posList>
                            -83.7407  9.1830  51.0  -84.8127  9.8961  51.0
                        </gml:posList>
                    </gml:LineString>
                </faultBottomEdge>
            </complexFaultGeometry>
            <magScaleRel>
                WC1994
            </magScaleRel>
            <ruptAspectRatio>
                1.0
            </ruptAspectRatio>
            <truncGutenbergRichterMFD aValue="3.870" bValue="0.900" maxMag="7.000" minMag="4.5"/>
            <rake>
                90.0
            </rake>
        </complexFaultSource>
        <complexFaultSource
        id="45"
        name="Csi13"
        tectonicRegion="Subduction Interface"
        >
            <complexFaultGeometry>
                <faultTopEdge>
                    <gml:LineString>
                        <gml:posList>
                            -83.0852  8.111  26.0  -83.2851  8.3503  26.0  -83.5883  8.4140  26.0  -83.9814  8.6311  26.0
                        </gml:posList>
                    </gml:LineString>
                </faultTopEdge>
                <faultBottomEdge>
                    <gml:LineString>
                        <gml:posList>
                            -83.0757  8.6491  52.0  -83.7407  9.1830  52.0
                        </gml:posList>
                    </gml:LineString>
                </faultBottomEdge>
            </complexFaultGeometry>
            <magScaleRel>
                WC1994
            </magScaleRel>
            <ruptAspectRatio>
                1.0
            </ruptAspectRatio>
            <truncGutenbergRichterMFD aValue="1.290" bValue="0.480" maxMag="7.400" minMag="4.5"/>
            <rake>
                90.0
            </rake>
        </complexFaultSource>
        <complexFaultSource
        id="46"
        name="Psi9"
        tectonicRegion="Subduction Interface"
        >
            <complexFaultGeometry>
                <faultTopEdge>
                    <gml:LineString>
                        <gml:posList>
                            -78.3958  7.378  26.0  -79.9787  6.992  26.0  -81.3551  6.9993  26.0  -83.0852  8.1110  26.0
                        </gml:posList>
                    </gml:LineString>
                </faultTopEdge>
                <faultBottomEdge>
                    <gml:LineString>
                        <gml:posList>
                            -78.4568  7.6911  50.0  -79.7457  7.4945  50.0  -80.9618  7.6183  50.0  -82.3309  8.1790  50.0  -83.0757  8.6491  50.0
                        </gml:posList>
                    </gml:LineString>
                </faultBottomEdge>
            </complexFaultGeometry>
            <magScaleRel>
                WC1994
            </magScaleRel>
            <ruptAspectRatio>
                1.0
            </ruptAspectRatio>
            <truncGutenbergRichterMFD aValue="3.900" bValue="0.920" maxMag="7.100" minMag="4.5"/>
            <rake>
                90.0
            </rake>
        </complexFaultSource>
        <complexFaultSource
        id="48"
        name="Gsp10"
        tectonicRegion="Subduction IntraSlab"
        >
            <complexFaultGeometry>
                <faultTopEdge>
                    <gml:LineString>
                        <gml:posList>
                            -90.3500  13.3000  61.0  -92.2372  14.3985  61.0
                        </gml:posList>
                    </gml:LineString>
                </faultTopEdge>
                <faultBottomEdge>
                    <gml:LineString>
                        <gml:posList>
                            -89.9500  14.2000  200.0  -92.2323  15.0989  200.0
                        </gml:posList>
                    </gml:LineString>
                </faultBottomEdge>
            </complexFaultGeometry>
            <magScaleRel>
                WC1994
            </magScaleRel>
            <ruptAspectRatio>
                1.0
            </ruptAspectRatio>
            <truncGutenbergRichterMFD aValue="4.840" bValue="0.920" maxMag="7.900" minMag="4.5"/>
            <rake>
                90.0
            </rake>
        </complexFaultSource>
        <complexFaultSource
        id="49"
        name="Ssp6"
        tectonicRegion="Subduction IntraSlab"
        >
            <complexFaultGeometry>
                <faultTopEdge>
                    <gml:LineString>
                        <gml:posList>
                            -88.1000  12.5000  61.0  -90.3500  13.3000  61.0
                        </gml:posList>
                    </gml:LineString>
                </faultTopEdge>
                <faultBottomEdge>
                    <gml:LineString>
                        <gml:posList>
                            -87.7000  13.4000  200.0  -89.9500  14.2000  200.0
                        </gml:posList>
                    </gml:LineString>
                </faultBottomEdge>
            </complexFaultGeometry>
            <magScaleRel>
                WC1994
            </magScaleRel>
            <ruptAspectRatio>
                1.0
            </ruptAspectRatio>
            <truncGutenbergRichterMFD aValue="5.110" bValue="1.000" maxMag="7.900" minMag="4.5"/>
            <rake>
                90.0
            </rake>
        </complexFaultSource>
        <complexFaultSource
        id="50"
        name="Nsp17"
        tectonicRegion="Subduction IntraSlab"
        >
            <complexFaultGeometry>
                <faultTopEdge>
                    <gml:LineString>
                        <gml:posList>
                            -86.00  10.75  61.0  -88.0000  12.2500  61.0  -88.1000  12.5000  61.0
                        </gml:posList>
                    </gml:LineString>
                </faultTopEdge>
                <faultBottomEdge>
                    <gml:LineString>
                        <gml:posList>
                            -85.25  11.25  200.0  -86.5  12.5  200.0  -87.5000  13.2500  200.0  -87.7000  13.4000  200.0
                        </gml:posList>
                    </gml:LineString>
                </faultBottomEdge>
            </complexFaultGeometry>
            <magScaleRel>
                WC1994
            </magScaleRel>
            <ruptAspectRatio>
                1.0
            </ruptAspectRatio>
            <truncGutenbergRichterMFD aValue="6.530" bValue="1.200" maxMag="7.300" minMag="4.5"/>
            <rake>
                90.0
            </rake>
        </complexFaultSource>
        <complexFaultSource
        id="51"
        name="Csp14"
        tectonicRegion="Subduction IntraSlab"
        >
            <complexFaultGeometry>
                <faultTopEdge>
                    <gml:LineString>
                        <gml:posList>
                            -84.8751  9.7765  40.0  -86.0000  10.7500  40.00
                        </gml:posList>
                    </gml:LineString>
                </faultTopEdge>
                <faultBottomEdge>
                    <gml:LineString>
                        <gml:posList>
                            -84.4929  10.4936  177.0  -85.1817  11.0419  177.0  -85.2500  11.2500  177.0  -85.5505  11.0502  177.0
                        </gml:posList>
                    </gml:LineString>
                </faultBottomEdge>
            </complexFaultGeometry>
            <magScaleRel>
                WC1994
            </magScaleRel>
            <ruptAspectRatio>
                1.0
            </ruptAspectRatio>
            <truncGutenbergRichterMFD aValue="4.700" bValue="1.050" maxMag="7.000" minMag="4.5"/>
            <rake>
                90.0
            </rake>
        </complexFaultSource>
        <complexFaultSource
        id="52"
        name="Csp15"
        tectonicRegion="Subduction IntraSlab"
        >
            <complexFaultGeometry>
                <faultTopEdge>
                    <gml:LineString>
                        <gml:posList>
                            -83.9929  9.2012  40.0  -84.8751  9.7765  40.0
                        </gml:posList>
                    </gml:LineString>
                </faultTopEdge>
                <faultBottomEdge>
                    <gml:LineString>
                        <gml:posList>
                            -83.9780  9.6875  155.0  -83.9868  10.4128  155.0  -84.3874  10.6447  155.0  -84.4929  10.4936  155.0
                        </gml:posList>
                    </gml:LineString>
                </faultBottomEdge>
            </complexFaultGeometry>
            <magScaleRel>
                WC1994
            </magScaleRel>
            <ruptAspectRatio>
                1.0
            </ruptAspectRatio>
            <truncGutenbergRichterMFD aValue="2.940" bValue="0.710" maxMag="7.400" minMag="4.5"/>
            <rake>
                90.0
            </rake>
        </complexFaultSource>
        <complexFaultSource
        id="53"
        name="Csp16"
        tectonicRegion="Subduction IntraSlab"
        >
            <complexFaultGeometry>
                <faultTopEdge>
                    <gml:LineString>
                        <gml:posList>
                            -83.0757  8.6491  40.0  -83.9929  9.2012  40.0
                        </gml:posList>
                    </gml:LineString>
                </faultTopEdge>
                <faultBottomEdge>
                    <gml:LineString>
                        <gml:posList>
                            -83.0757  8.9323  82.0  -83.9980  9.6875  82.0
                        </gml:posList>
                    </gml:LineString>
                </faultBottomEdge>
            </complexFaultGeometry>
            <magScaleRel>
                WC1994
            </magScaleRel>
            <ruptAspectRatio>
                1.0
            </ruptAspectRatio>
            <truncGutenbergRichterMFD aValue="2.190" bValue="0.700" maxMag="6.800" minMag="4.5"/>
            <rake>
                90.0
            </rake>
        </complexFaultSource>
        <complexFaultSource
        id="54"
        name="Psp11"
        tectonicRegion="Subduction IntraSlab"
        >
            <complexFaultGeometry>
                <faultTopEdge>
                    <gml:LineString>
                        <gml:posList>
                            -78.4568  7.6911  50.0  -79.7457  7.4945  50.0  -80.9618  7.6183  50.0  -82.3309  8.1790  50.0  -83.0757  8.6491  50.0
                        </gml:posList>
                    </gml:LineString>
                </faultTopEdge>
                <faultBottomEdge>
                    <gml:LineString>
                        <gml:posList>
                            -78.5432  8.0225  100.0  -79.9205  7.8804  100.0  -82.3527  8.5431  100.0  -83.0757  8.9323  100.0
                        </gml:posList>
                    </gml:LineString>
                </faultBottomEdge>
            </complexFaultGeometry>
            <magScaleRel>
                WC1994
            </magScaleRel>
            <ruptAspectRatio>
                1.0
            </ruptAspectRatio>
            <truncGutenbergRichterMFD aValue="1.810" bValue="0.590" maxMag="7.100" minMag="4.5"/>
            <rake>
                90.0
            </rake>
        </complexFaultSource>
        <complexFaultSource
        id="55"
        name="CHsi1"
        tectonicRegion="Subduction Interface"
        >
            <complexFaultGeometry>
                <faultTopEdge>
                    <gml:LineString>
                        <gml:posList>
                            -92.25 13.4 25.0 -95.0 15.0 25.0
                        </gml:posList>
                    </gml:LineString>
                </faultTopEdge>
                <faultBottomEdge>
                    <gml:LineString>
                        <gml:posList>
                            -92.25 15.28 120.0 -95.0 16.0 120.0
                        </gml:posList>
                    </gml:LineString>
                </faultBottomEdge>
            </complexFaultGeometry>
            <magScaleRel>
                WC1994
            </magScaleRel>
            <ruptAspectRatio>
                1.0
            </ruptAspectRatio>
            <truncGutenbergRichterMFD aValue="5.300" bValue="0.890" maxMag="7.000" minMag="4.5"/>
            <rake>
                90.0
            </rake>
        </complexFaultSource>
    </sourceModel>
</nrml>
