<?xml version="1.0" encoding="UTF-8"?>
<!--

OpenQuake-engine PSHA input model for Central America
Version v1.0.0, 2015-01-21

Copyright (C) 2015 GEM Foundation 
 
THE WORK IS PROTECTED BY COPYRIGHT AND/OR OTHER APPLICABLE LAW. INSOFAR AS THIS
WORK IS PROTECTED BY LAWS THAT NEIGHBOUR OR ARE SIMILARLY RELATED TO COPYRIGHT, 
SUCH AS DATABASE RIGHTS AS INTRODUCED IN EUROPE BY THE  DIRECTIVE 96/9/EC, YOU
ALSO MAY USE THIS WORK UNDER THE TERMS OF CC BY-NC-SA 3.0 (unported).

ANY USE OF THE WORK OTHER THAN AS AUTHORIZED UNDER THIS LICENSE OR
DIRECTLY ALLOWED BY THE APPLICABLE LAW IS PROHIBITED.

If you have any questions or if you wish to seek permission to use this data
beyond what is offered by CC BY-NC-SA 3.0 (unported), including use in
commercial/for-profit contexts, please contact the GEM Foundation at 
licensing@globalquakemodel.org

DISCLAIMER:
 
The MODEL provided herein represents GEM's interpretation of the original model
proposed by Benito et al. (2010, 2012)  (hereafter indicated as the ORIGINAL
MODEL). It was created by GEM, in the attempt of reproducing in the most
faithful way possible the ORIGINAL MODEL but IT IS NOT intended to be an
alternative nor a replacement implementation of the ORIGINAL MODEL. 
 
The MODEL is released as an OpenQuake-engine tailored implementation on behalf
of scientists and engineers working within the GEM Foundation (Global
Earthquake Model).
 
GEM provides it recognizing importance, authoritativeness and, transparency of
the ORIGINAL MODEL, for the purpose of open collaboration and in the hope that
it will be useful to the scientific, engineering, disaster risk and software
design communities.
 
The MODEL is therefore provided WITHOUT ANY WARRANTY; without even the implied
warranty of MERCHANTABILITY or FITNESS FOR A PARTICULAR PURPOSE. 
The GEM Foundation, and the authors of the MODEL, assume no liability for  its
use.

For additional information, material and documentation about the ORIGINAL MODEL
we warmly invite the user to consult the main publications describing this
model:
  
 - Benito, B., C. Lindholm, E. Camacho, Á. Climent, G. Marroquín, E. Molina,
 W. Rojas, E. Talavera, J. J. Escobar, G. Alvarado, Y. Torres, and M. Perez-
 Escalante (2010). Amenaza sísmica en América Central, Benito Oterino, M. B.,
 and Y. Torres Fernández (Editors), Entimema, Madrid, Spain, 371 pp.(in Spanish).
   
 - Benito M.B., Lindholm C., Camacho E., Climent Á., Marroquín G., Molina E.,
 Rojas W., Escobar J.J., Talavera E., Alvarado G.E., Torres Y., 2012. A New 
 Evaluation of Seismic Hazard for the Central America Region. Bulletin of the
 Seismological Society of America, 102, 2, 504-523, doi:10.1785/0120110015 

-->

<nrml xmlns:gml="http://www.opengis.net/gml"
      xmlns="http://openquake.org/xmlns/nrml/0.4">
    <logicTree logicTreeID="lt1">
        <logicTreeBranchingLevel branchingLevelID="bl1">
            <logicTreeBranchSet uncertaintyType="sourceModel"
                                branchSetID="bs1">
                <logicTreeBranch branchID="b1">
			    <uncertaintyModel>Central_America_resis2_v0.1.xml</uncertaintyModel>
                    <uncertaintyWeight>1.0</uncertaintyWeight>
                </logicTreeBranch>
            </logicTreeBranchSet>
        </logicTreeBranchingLevel>
    </logicTree>
</nrml>
