id,Region,Taxonomy,Dwellings,Buildings,Repl_cost_USD/bdg,No_of_storeys,Dwl_per_storey,Dwl_area_m2,Population
AREA # 00,Nacional,"CR/LFINF/DNO/H:1,3",12470.8,3117.7,112000.0,2.0,2,70,46435.4
AREA # 00,Nacional,"CR/LFM/DNO/H:1,3",17255.2,4313.8,112000.0,2.0,2,70,64250.3
AREA # 00,Nacional,ER+ETR/H:1,39097.9,39097.9,14000.0,1.0,1,70,145582.2
AREA # 00,Nacional,"ER+ETR/H:1,2",30385.8,24308.6,17500.0,1.25,1,70,113142.5
AREA # 00,Nacional,"MCF/DNO/H:1,3",143995.6,95997.1,42000.0,1.5,1,70,536172.0
AREA # 00,Nacional,MUR+ADO/H:1,11743.2,11743.2,14000.0,1.0,1,70,43726.2
AREA # 00,Nacional,"MUR+ADO/H:1,2",107331.2,85865.0,17500.0,1.25,1,70,399651.0
AREA # 00,Nacional,MUR/H:1,11902.8,11902.8,14000.0,1.0,1,70,44320.4
AREA # 00,Nacional,"MUR/H:1,3",267944.0,178629.4,21000.0,1.5,1,70,997697.7
AREA # 00,Nacional,UNK,98253.5,98253.5,14000.0,1.0,1,70,365849.9
AREA # 00,Nacional,"W+WLI/H:1,3",7890.3,5260.2,42000.0,1.5,1,70,29379.8
AREA # 00,Nacional,W+WWD/H:1,39097.9,39097.9,14000.0,1.0,1,70,145582.2
AREA # 00,Nacional,"W+WWD/H:1,2",30385.8,24308.6,17500.0,1.25,1,70,113142.5
