<csw:GetRecordByIdResponse xmlns:csw="http://www.opengis.net/cat/csw/2.0.2" xmlns:dc="http://purl.org/dc/elements/1.1/" xmlns:dct="http://purl.org/dc/terms/" xmlns:gco="http://www.isotc211.org/2005/gco" xmlns:gmd="http://www.isotc211.org/2005/gmd" xmlns:gml="http://www.opengis.net/gml" xmlns:ows="http://www.opengis.net/ows" xmlns:xlink="http://www.w3.org/1999/xlink" xmlns:xs="http://www.w3.org/2001/XMLSchema" xmlns:xsi="http://www.w3.org/2001/XMLSchema-instance" xsi:schemaLocation="http://www.opengis.net/cat/csw/2.0.2 http://schemas.opengis.net/csw/2.0.2/CSW-discovery.xsd">
<gmd:MD_Metadata xsi:schemaLocation="http://www.isotc211.org/2005/gmd http://www.isotc211.org/2005/gmd/gmd.xsd">
<gmd:fileIdentifier>
<gco:CharacterString>68398ed0-6af1-11e7-a945-00163e841958</gco:CharacterString>
</gmd:fileIdentifier>
<gmd:language>
<gco:CharacterString>eng</gco:CharacterString>
</gmd:language>
<gmd:characterSet>
<gmd:MD_CharacterSetCode codeSpace="ISOTC211/19115" codeList="http://www.isotc211.org/2005/resources/Codelist/gmxCodelists.xml#MD_CharacterSetCode" codeListValue="utf8">utf8</gmd:MD_CharacterSetCode>
</gmd:characterSet>
<gmd:hierarchyLevel>
<gmd:MD_ScopeCode codeSpace="ISOTC211/19115" codeList="http://www.isotc211.org/2005/resources/Codelist/gmxCodelists.xml#MD_ScopeCode" codeListValue="dataset">dataset</gmd:MD_ScopeCode>
</gmd:hierarchyLevel>
<gmd:contact>
<gmd:CI_ResponsibleParty>
<gmd:individualName gco:nilReason="missing"></gmd:individualName>
<gmd:organisationName gco:nilReason="missing"></gmd:organisationName>
<gmd:positionName gco:nilReason="missing"></gmd:positionName>
<gmd:contactInfo>
<gmd:CI_Contact>
<gmd:phone>
<gmd:CI_Telephone>
<gmd:voice gco:nilReason="missing"></gmd:voice>
<gmd:facsimile gco:nilReason="missing"></gmd:facsimile>
</gmd:CI_Telephone>
</gmd:phone>
<gmd:address>
<gmd:CI_Address>
<gmd:deliveryPoint gco:nilReason="missing"></gmd:deliveryPoint>
<gmd:city gco:nilReason="missing"></gmd:city>
<gmd:administrativeArea gco:nilReason="missing"></gmd:administrativeArea>
<gmd:postalCode gco:nilReason="missing"></gmd:postalCode>
<gmd:country gco:nilReason="missing"></gmd:country>
<gmd:electronicMailAddress>
<gco:CharacterString>ad@m.in</gco:CharacterString>
</gmd:electronicMailAddress>
</gmd:CI_Address>
</gmd:address>
</gmd:CI_Contact>
</gmd:contactInfo>
<gmd:role>
<gmd:CI_RoleCode codeSpace="ISOTC211/19115" codeList="http://www.isotc211.org/2005/resources/Codelist/gmxCodelists.xml#CI_RoleCode" codeListValue="pointOfContact">pointOfContact</gmd:CI_RoleCode>
</gmd:role>
</gmd:CI_ResponsibleParty>
</gmd:contact>
<gmd:dateStamp>
<gco:DateTime>2017-07-17T08:11:13Z</gco:DateTime>
</gmd:dateStamp>
<gmd:metadataStandardName>
<gco:CharacterString>ISO 19115:2003 - Geographic information - Metadata</gco:CharacterString>
</gmd:metadataStandardName>
<gmd:metadataStandardVersion>
<gco:CharacterString>ISO 19115:2003</gco:CharacterString>
</gmd:metadataStandardVersion>
<gmd:spatialRepresentationInfo/>
<gmd:referenceSystemInfo>
<gmd:MD_ReferenceSystem>
<gmd:referenceSystemIdentifier>
<gmd:RS_Identifier>
<gmd:code>
<gco:CharacterString>4326</gco:CharacterString>
</gmd:code>
<gmd:codeSpace>
<gco:CharacterString>EPSG</gco:CharacterString>
</gmd:codeSpace>
<gmd:version>
<gco:CharacterString>6.11</gco:CharacterString>
</gmd:version>
</gmd:RS_Identifier>
</gmd:referenceSystemIdentifier>
</gmd:MD_ReferenceSystem>
</gmd:referenceSystemInfo>
<gmd:identificationInfo>
<gmd:MD_DataIdentification>
<gmd:citation>
<gmd:CI_Citation>
<gmd:title>
<gco:CharacterString>Global Historical Earthquake Catalogue</gco:CharacterString>
</gmd:title>
<gmd:date>
<gmd:CI_Date>
<gmd:date>
<gco:DateTime>2017-07-17T13:11:00Z</gco:DateTime>
</gmd:date>
<gmd:dateType>
<gmd:CI_DateTypeCode codeSpace="ISOTC211/19115" codeList="http://www.isotc211.org/2005/resources/Codelist/gmxCodelists.xml#CI_DateTypeCode" codeListValue="publication">publication</gmd:CI_DateTypeCode>
</gmd:dateType>
</gmd:CI_Date>
</gmd:date>
<gmd:edition gco:nilReason="missing"></gmd:edition>
<gmd:presentationForm>
<gmd:CI_PresentationFormCode codeSpace="ISOTC211/19115" codeList="http://www.isotc211.org/2005/resources/Codelist/gmxCodelists.xml#CI_PresentationFormCode" codeListValue="mapDigital">mapDigital</gmd:CI_PresentationFormCode>
</gmd:presentationForm>
</gmd:CI_Citation>
</gmd:citation>
<gmd:abstract>
<gco:CharacterString>
825 earthquakes of M >= 7 87 studies supplying the most reliable input datasets from the archive
</gco:CharacterString>
</gmd:abstract>
<gmd:purpose gco:nilReason="missing"></gmd:purpose>
<gmd:status>
<gmd:MD_ProgressCode codeSpace="ISOTC211/19115" codeList="http://www.isotc211.org/2005/resources/Codelist/gmxCodelists.xml#MD_ProgressCode" codeListValue="completed">completed</gmd:MD_ProgressCode>
</gmd:status>
<gmd:graphicOverview>
<gmd:MD_BrowseGraphic>
<gmd:fileName>
<gco:CharacterString>
http://10.0.3.228:8000/uploaded/thumbs/layer-68398ed0-6af1-11e7-a945-00163e841958-thumb.png
</gco:CharacterString>
</gmd:fileName>
<gmd:fileDescription>
<gco:CharacterString>
Thumbnail for 'Global Historical Earthquake Catalogue'
</gco:CharacterString>
</gmd:fileDescription>
<gmd:fileType>
<gco:CharacterString>image/png</gco:CharacterString>
</gmd:fileType>
</gmd:MD_BrowseGraphic>
</gmd:graphicOverview>
<gmd:resourceFormat>
<gmd:MD_Format>
<gmd:name>
<gco:CharacterString>ESRI Shapefile</gco:CharacterString>
</gmd:name>
<gmd:version>
<gco:CharacterString>1.0</gco:CharacterString>
</gmd:version>
</gmd:MD_Format>
</gmd:resourceFormat>
<gmd:descriptiveKeywords>
<gmd:MD_Keywords>
<gmd:keyword>
<gco:CharacterString>catalogue</gco:CharacterString>
</gmd:keyword>
<gmd:keyword>
<gco:CharacterString>component</gco:CharacterString>
</gmd:keyword>
<gmd:keyword>
<gco:CharacterString>event</gco:CharacterString>
</gmd:keyword>
<gmd:keyword>
<gco:CharacterString>GC</gco:CharacterString>
</gmd:keyword>
<gmd:keyword>
<gco:CharacterString>global</gco:CharacterString>
</gmd:keyword>
<gmd:keyword>
<gco:CharacterString>historical</gco:CharacterString>
</gmd:keyword>
<gmd:type>
<gmd:MD_KeywordTypeCode codeSpace="ISOTC211/19115" codeList="http://www.isotc211.org/2005/resources/Codelist/gmxCodelists.xml#MD_KeywordTypeCode" codeListValue="theme">theme</gmd:MD_KeywordTypeCode>
</gmd:type>
</gmd:MD_Keywords>
</gmd:descriptiveKeywords>
<gmd:resourceConstraints>
<gmd:MD_LegalConstraints>
<gmd:useConstraints>
<gmd:MD_RestrictionCode codeSpace="ISOTC211/19115" codeList="http://www.isotc211.org/2005/resources/Codelist/gmxCodelists.xml#MD_RestrictionCode" codeListValue=""/>
</gmd:useConstraints>
<gmd:otherConstraints>
<gco:CharacterString/>
</gmd:otherConstraints>
</gmd:MD_LegalConstraints>
</gmd:resourceConstraints>
<gmd:spatialRepresentationType>
<gmd:MD_SpatialRepresentationTypeCode codeSpace="ISOTC211/19115" codeList="http://www.isotc211.org/2005/resources/Codelist/gmxCodelists.xml#MD_SpatialRepresentationTypeCode" codeListValue=""/>
</gmd:spatialRepresentationType>
<gmd:language>
<gco:CharacterString>eng</gco:CharacterString>
</gmd:language>
<gmd:characterSet>
<gmd:MD_CharacterSetCode codeSpace="ISOTC211/19115" codeList="http://www.isotc211.org/2005/resources/Codelist/gmxCodelists.xml#MD_CharacterSetCode" codeListValue="utf8">utf8</gmd:MD_CharacterSetCode>
</gmd:characterSet>
<gmd:topicCategory>
<gmd:MD_TopicCategoryCode>hazard</gmd:MD_TopicCategoryCode>
</gmd:topicCategory>
<gmd:extent>
<gmd:EX_Extent>
<gmd:geographicElement>
<gmd:EX_GeographicBoundingBox>
<gmd:westBoundLongitude>
<gco:Decimal>-177.0</gco:Decimal>
</gmd:westBoundLongitude>
<gmd:eastBoundLongitude>
<gco:Decimal>176.5</gco:Decimal>
</gmd:eastBoundLongitude>
<gmd:southBoundLatitude>
<gco:Decimal>-53.0</gco:Decimal>
</gmd:southBoundLatitude>
<gmd:northBoundLatitude>
<gco:Decimal>64.0</gco:Decimal>
</gmd:northBoundLatitude>
</gmd:EX_GeographicBoundingBox>
</gmd:geographicElement>
</gmd:EX_Extent>
</gmd:extent>
<gmd:supplementalInformation>
<gco:CharacterString>
http://www.globalquakemodel.org/what/seismic-hazard/historical-catalogue/
</gco:CharacterString>
</gmd:supplementalInformation>
</gmd:MD_DataIdentification>
</gmd:identificationInfo>
<gmd:contentInfo>
<gmd:includedWithDataset>
<gco:Boolean>0</gco:Boolean>
</gmd:includedWithDataset>
<gmd:MD_FeatureCatalogueDescription>
<gmd:featureCatalogueCitation xlink:href="http://10.0.3.228:800/layers/geonode:ghec_data_sh/feature_catalogue"/>
</gmd:MD_FeatureCatalogueDescription>
</gmd:contentInfo>
<gmd:distributionInfo>
<gmd:MD_Distribution>
<gmd:transferOptions>
<gmd:MD_DigitalTransferOptions>
<gmd:onLine>
<gmd:CI_OnlineResource>
<gmd:linkage>
<gmd:URL>http://10.0.3.228:800/layers/geonode:ghec_data_sh</gmd:URL>
</gmd:linkage>
<gmd:protocol>
<gco:CharacterString>WWW:LINK-1.0-http--link</gco:CharacterString>
</gmd:protocol>
<gmd:description>
<gco:CharacterString>
Online link to the 'Global Historical Earthquake Catalogue' description on GeoNode
</gco:CharacterString>
</gmd:description>
</gmd:CI_OnlineResource>
</gmd:onLine>
<gmd:onLine>
<gmd:CI_OnlineResource>
<gmd:linkage>
<gmd:URL>
</gmd:URL>
</gmd:linkage>
<gmd:protocol>
<gco:CharacterString>WWW:DOWNLOAD-1.0-http--download</gco:CharacterString>
</gmd:protocol>
<gmd:name>
<gco:CharacterString>ghec_data_sh.jpg</gco:CharacterString>
</gmd:name>
<gmd:description>
<gco:CharacterString>
Global Historical Earthquake Catalogue (JPEG Format)
</gco:CharacterString>
</gmd:description>
</gmd:CI_OnlineResource>
</gmd:onLine>
<gmd:onLine>
<gmd:CI_OnlineResource>
<gmd:linkage>
<gmd:URL>
</gmd:URL>
</gmd:linkage>
<gmd:protocol>
<gco:CharacterString>WWW:DOWNLOAD-1.0-http--download</gco:CharacterString>
</gmd:protocol>
<gmd:name>
<gco:CharacterString>ghec_data_sh.pdf</gco:CharacterString>
</gmd:name>
<gmd:description>
<gco:CharacterString>
Global Historical Earthquake Catalogue (PDF Format)
</gco:CharacterString>
</gmd:description>
</gmd:CI_OnlineResource>
</gmd:onLine>
<gmd:onLine>
<gmd:CI_OnlineResource>
<gmd:linkage>
<gmd:URL>
</gmd:URL>
</gmd:linkage>
<gmd:protocol>
<gco:CharacterString>WWW:DOWNLOAD-1.0-http--download</gco:CharacterString>
</gmd:protocol>
<gmd:name>
<gco:CharacterString>ghec_data_sh.png</gco:CharacterString>
</gmd:name>
<gmd:description>
<gco:CharacterString>
Global Historical Earthquake Catalogue (PNG Format)
</gco:CharacterString>
</gmd:description>
</gmd:CI_OnlineResource>
</gmd:onLine>
<gmd:onLine>
<gmd:CI_OnlineResource>
<gmd:linkage>
<gmd:URL>
</gmd:URL>
</gmd:linkage>
<gmd:protocol>
<gco:CharacterString>WWW:DOWNLOAD-1.0-http--download</gco:CharacterString>
</gmd:protocol>
<gmd:name>
<gco:CharacterString>ghec_data_sh.zip</gco:CharacterString>
</gmd:name>
<gmd:description>
<gco:CharacterString>
Global Historical Earthquake Catalogue (Zipped Shapefile Format)
</gco:CharacterString>
</gmd:description>
</gmd:CI_OnlineResource>
</gmd:onLine>
<gmd:onLine>
<gmd:CI_OnlineResource>
<gmd:linkage>
<gmd:URL>
</gmd:URL>
</gmd:linkage>
<gmd:protocol>
<gco:CharacterString>WWW:DOWNLOAD-1.0-http--download</gco:CharacterString>
</gmd:protocol>
<gmd:name>
<gco:CharacterString>ghec_data_sh.gml</gco:CharacterString>
</gmd:name>
<gmd:description>
<gco:CharacterString>
Global Historical Earthquake Catalogue (GML 2.0 Format)
</gco:CharacterString>
</gmd:description>
</gmd:CI_OnlineResource>
</gmd:onLine>
<gmd:onLine>
<gmd:CI_OnlineResource>
<gmd:linkage>
<gmd:URL>
</gmd:URL>
</gmd:linkage>
<gmd:protocol>
<gco:CharacterString>WWW:DOWNLOAD-1.0-http--download</gco:CharacterString>
</gmd:protocol>
<gmd:name>
<gco:CharacterString>ghec_data_sh.gml</gco:CharacterString>
</gmd:name>
<gmd:description>
<gco:CharacterString>
Global Historical Earthquake Catalogue (GML 3.1.1 Format)
</gco:CharacterString>
</gmd:description>
</gmd:CI_OnlineResource>
</gmd:onLine>
<gmd:onLine>
<gmd:CI_OnlineResource>
<gmd:linkage>
<gmd:URL>
</gmd:URL>
</gmd:linkage>
<gmd:protocol>
<gco:CharacterString>WWW:DOWNLOAD-1.0-http--download</gco:CharacterString>
</gmd:protocol>
<gmd:name>
<gco:CharacterString>ghec_data_sh.csv</gco:CharacterString>
</gmd:name>
<gmd:description>
<gco:CharacterString>
Global Historical Earthquake Catalogue (CSV Format)
</gco:CharacterString>
</gmd:description>
</gmd:CI_OnlineResource>
</gmd:onLine>
<gmd:onLine>
<gmd:CI_OnlineResource>
<gmd:linkage>
<gmd:URL>
</gmd:URL>
</gmd:linkage>
<gmd:protocol>
<gco:CharacterString>WWW:DOWNLOAD-1.0-http--download</gco:CharacterString>
</gmd:protocol>
<gmd:name>
<gco:CharacterString>ghec_data_sh.excel</gco:CharacterString>
</gmd:name>
<gmd:description>
<gco:CharacterString>
Global Historical Earthquake Catalogue (Excel Format)
</gco:CharacterString>
</gmd:description>
</gmd:CI_OnlineResource>
</gmd:onLine>
<gmd:onLine>
<gmd:CI_OnlineResource>
<gmd:linkage>
<gmd:URL>
</gmd:URL>
</gmd:linkage>
<gmd:protocol>
<gco:CharacterString>WWW:DOWNLOAD-1.0-http--download</gco:CharacterString>
</gmd:protocol>
<gmd:name>
<gco:CharacterString>ghec_data_sh.json</gco:CharacterString>
</gmd:name>
<gmd:description>
<gco:CharacterString>
Global Historical Earthquake Catalogue (GeoJSON Format)
</gco:CharacterString>
</gmd:description>
</gmd:CI_OnlineResource>
</gmd:onLine>
<gmd:onLine>
<gmd:CI_OnlineResource>
<gmd:linkage>
<gmd:URL>
</gmd:URL>
</gmd:linkage>
<gmd:protocol>
<gco:CharacterString>WWW:DOWNLOAD-1.0-http--download</gco:CharacterString>
</gmd:protocol>
<gmd:name>
<gco:CharacterString>ghec_data_sh.kml</gco:CharacterString>
</gmd:name>
<gmd:description>
<gco:CharacterString>
Global Historical Earthquake Catalogue (KML Format)
</gco:CharacterString>
</gmd:description>
</gmd:CI_OnlineResource>
</gmd:onLine>
<gmd:onLine>
<gmd:CI_OnlineResource>
<gmd:linkage>
<gmd:URL>
</gmd:URL>
</gmd:linkage>
<gmd:protocol>
<gco:CharacterString>WWW:DOWNLOAD-1.0-http--download</gco:CharacterString>
</gmd:protocol>
<gmd:name>
<gco:CharacterString>ghec_data_sh.kml</gco:CharacterString>
</gmd:name>
<gmd:description>
<gco:CharacterString>
Global Historical Earthquake Catalogue (View in Google Earth Format)
</gco:CharacterString>
</gmd:description>
</gmd:CI_OnlineResource>
</gmd:onLine>
<gmd:onLine>
<gmd:CI_OnlineResource>
<gmd:linkage>
<gmd:URL>
</gmd:URL>
</gmd:linkage>
<gmd:protocol>
<gco:CharacterString>WWW:DOWNLOAD-1.0-http--download</gco:CharacterString>
</gmd:protocol>
<gmd:name>
<gco:CharacterString>ghec_data_sh.png</gco:CharacterString>
</gmd:name>
<gmd:description>
<gco:CharacterString>
Global Historical Earthquake Catalogue (Remote Thumbnail Format)
</gco:CharacterString>
</gmd:description>
</gmd:CI_OnlineResource>
</gmd:onLine>
<gmd:onLine>
<gmd:CI_OnlineResource>
<gmd:linkage>
<gmd:URL>
http://10.0.3.228:8000/uploaded/thumbs/layer-68398ed0-6af1-11e7-a945-00163e841958-thumb.png
</gmd:URL>
</gmd:linkage>
<gmd:protocol>
<gco:CharacterString>WWW:DOWNLOAD-1.0-http--download</gco:CharacterString>
</gmd:protocol>
<gmd:name>
<gco:CharacterString>ghec_data_sh.png</gco:CharacterString>
</gmd:name>
<gmd:description>
<gco:CharacterString>
Global Historical Earthquake Catalogue (Thumbnail Format)
</gco:CharacterString>
</gmd:description>
</gmd:CI_OnlineResource>
</gmd:onLine>
<gmd:onLine>
<gmd:CI_OnlineResource>
<gmd:linkage>
<gmd:URL>
</gmd:URL>
</gmd:linkage>
<gmd:protocol>
<gco:CharacterString>WWW:DOWNLOAD-1.0-http--download</gco:CharacterString>
</gmd:protocol>
<gmd:name>
<gco:CharacterString>ghec_data_sh.png</gco:CharacterString>
</gmd:name>
<gmd:description>
<gco:CharacterString>
Global Historical Earthquake Catalogue (Legend Format)
</gco:CharacterString>
</gmd:description>
</gmd:CI_OnlineResource>
</gmd:onLine>
<gmd:onLine>
<gmd:CI_OnlineResource>
<gmd:linkage>
<gmd:URL>
</gmd:URL>
</gmd:linkage>
<gmd:protocol>
<gco:CharacterString>WWW:DOWNLOAD-1.0-http--download</gco:CharacterString>
</gmd:protocol>
<gmd:name>
<gco:CharacterString>ghec_data_sh.tiles</gco:CharacterString>
</gmd:name>
<gmd:description>
<gco:CharacterString>
Global Historical Earthquake Catalogue (Tiles Format)
</gco:CharacterString>
</gmd:description>
</gmd:CI_OnlineResource>
</gmd:onLine>
<gmd:onLine>
<gmd:CI_OnlineResource>
<gmd:linkage>
<gmd:URL>http://10.0.3.228:8080/geoserver/geonode/wms</gmd:URL>
</gmd:linkage>
<gmd:protocol>
<gco:CharacterString>OGC:WMS</gco:CharacterString>
</gmd:protocol>
<gmd:name>
<gco:CharacterString>Global Historical Earthquake Catalogue</gco:CharacterString>
</gmd:name>
<gmd:description>
<gco:CharacterString>
geonode Service - Provides Layer: Global Historical Earthquake Catalogue
</gco:CharacterString>
</gmd:description>
</gmd:CI_OnlineResource>
</gmd:onLine>
<gmd:onLine>
<gmd:CI_OnlineResource>
<gmd:linkage>
<gmd:URL>http://10.0.3.228:8080/geoserver/geonode/wfs</gmd:URL>
</gmd:linkage>
<gmd:protocol>
<gco:CharacterString>OGC:WFS</gco:CharacterString>
</gmd:protocol>
<gmd:name>
<gco:CharacterString>Global Historical Earthquake Catalogue</gco:CharacterString>
</gmd:name>
<gmd:description>
<gco:CharacterString>
geonode Service - Provides Layer: Global Historical Earthquake Catalogue
</gco:CharacterString>
</gmd:description>
</gmd:CI_OnlineResource>
</gmd:onLine>
</gmd:MD_DigitalTransferOptions>
</gmd:transferOptions>
</gmd:MD_Distribution>
</gmd:distributionInfo>
<gmd:dataQualityInfo>
<gmd:DQ_DataQuality>
<gmd:scope>
<gmd:DQ_Scope>
<gmd:level>
<gmd:MD_ScopeCode codeSpace="ISOTC211/19115" codeList="http://www.isotc211.org/2005/resources/Codelist/gmxCodelists.xml#MD_ScopeCode" codeListValue="dataset">dataset</gmd:MD_ScopeCode>
</gmd:level>
</gmd:DQ_Scope>
</gmd:scope>
<gmd:lineage>
<gmd:LI_Lineage>
<gmd:statement gco:nilReason="missing"/>
</gmd:LI_Lineage>
</gmd:lineage>
</gmd:DQ_DataQuality>
</gmd:dataQualityInfo>
</gmd:MD_Metadata>
</csw:GetRecordByIdResponse>