<layer>
  <name>aftershocks_iris_20150429_geojson</name>
  <type>VECTOR</type>
  <defaultStyle>
    <name>aftershocks_iris_20150429_geojson</name>
    <atom:link xmlns:atom="http://www.w3.org/2005/Atom" rel="alternate" href="https://platform.openquake.org/geoserver/rest/styles/aftershocks_iris_20150429_geojson.xml" type="application/xml"/>
  </defaultStyle>
  <resource class="featureType">
    <name>aftershocks_iris_20150429_geojson</name>
    <atom:link xmlns:atom="http://www.w3.org/2005/Atom" rel="alternate" href="https://platform.openquake.org/geoserver/rest/workspaces/oqplatform/datastores/datastore/featuretypes/aftershocks_iris_20150429_geojson.xml" type="application/xml"/>
  </resource>
  <queryable>true</queryable>
  <attribution>
    <title>marco.pagani</title>
    <logoWidth>0</logoWidth>
    <logoHeight>0</logoHeight>
  </attribution>
</layer>