<layer>
  <name>assumpcao2014</name>
  <type>VECTOR</type>
  <defaultStyle>
    <name>assumpcao2014</name>
    <atom:link xmlns:atom="http://www.w3.org/2005/Atom" rel="alternate" href="https://platform.openquake.org/geoserver/rest/styles/assumpcao2014.xml" type="application/xml"/>
  </defaultStyle>
  <resource class="featureType">
    <name>assumpcao2014</name>
    <atom:link xmlns:atom="http://www.w3.org/2005/Atom" rel="alternate" href="https://platform.openquake.org/geoserver/rest/workspaces/oqplatform/datastores/datastore/featuretypes/assumpcao2014.xml" type="application/xml"/>
  </resource>
  <queryable>true</queryable>
  <attribution>
    <title>preinh</title>
    <logoWidth>0</logoWidth>
    <logoHeight>0</logoHeight>
  </attribution>
</layer>