<layer>
  <name>catfocus_sichuan_2008</name>
  <type>VECTOR</type>
  <defaultStyle>
    <name>catfocus_sichuan_2008</name>
    <atom:link xmlns:atom="http://www.w3.org/2005/Atom" rel="alternate" href="https://platform.openquake.org/geoserver/rest/styles/catfocus_sichuan_2008.xml" type="application/xml"/>
  </defaultStyle>
  <resource class="featureType">
    <name>catfocus_sichuan_2008</name>
    <atom:link xmlns:atom="http://www.w3.org/2005/Atom" rel="alternate" href="https://platform.openquake.org/geoserver/rest/workspaces/oqplatform/datastores/datastore/featuretypes/catfocus_sichuan_2008.xml" type="application/xml"/>
  </resource>
  <queryable>true</queryable>
  <attribution>
    <title>mewald</title>
    <logoWidth>0</logoWidth>
    <logoHeight>0</logoHeight>
  </attribution>
</layer>