<layer>
  <name>faulted_earth_faultsource</name>
  <type>VECTOR</type>
  <defaultStyle>
    <name>faulted_earth_faultsource</name>
    <atom:link xmlns:atom="http://www.w3.org/2005/Atom" rel="alternate" href="https://platform.openquake.org/geoserver/rest/styles/faulted_earth_faultsource.xml" type="application/xml"/>
  </defaultStyle>
  <styles class="linked-hash-set">
    <style>
      <name>faulted_earth_faultsource_875819f3</name>
      <atom:link xmlns:atom="http://www.w3.org/2005/Atom" rel="alternate" href="https://platform.openquake.org/geoserver/rest/styles/faulted_earth_faultsource_875819f3.xml" type="application/xml"/>
    </style>
    <style>
      <name>faulted_earth_faultsource_52eb529c</name>
      <atom:link xmlns:atom="http://www.w3.org/2005/Atom" rel="alternate" href="https://platform.openquake.org/geoserver/rest/styles/faulted_earth_faultsource_52eb529c.xml" type="application/xml"/>
    </style>
  </styles>
  <resource class="featureType">
    <name>faulted_earth_faultsource</name>
    <atom:link xmlns:atom="http://www.w3.org/2005/Atom" rel="alternate" href="https://platform.openquake.org/geoserver/rest/workspaces/oqplatform/datastores/oqplatform/featuretypes/faulted_earth_faultsource.xml" type="application/xml"/>
  </resource>
  <queryable>true</queryable>
  <attribution>
    <title>GEM</title>
    <logoWidth>0</logoWidth>
    <logoHeight>0</logoHeight>
  </attribution>
</layer>