<layer>
  <name>finite_rupture_nepal_1</name>
  <type>VECTOR</type>
  <defaultStyle>
    <name>finite_rupture_nepal_1</name>
    <atom:link xmlns:atom="http://www.w3.org/2005/Atom" rel="alternate" href="https://platform.openquake.org/geoserver/rest/styles/finite_rupture_nepal_1.xml" type="application/xml"/>
  </defaultStyle>
  <resource class="featureType">
    <name>finite_rupture_nepal_1</name>
    <atom:link xmlns:atom="http://www.w3.org/2005/Atom" rel="alternate" href="https://platform.openquake.org/geoserver/rest/workspaces/oqplatform/datastores/datastore/featuretypes/finite_rupture_nepal_1.xml" type="application/xml"/>
  </resource>
  <queryable>true</queryable>
  <attribution>
    <title>marco.pagani</title>
    <logoWidth>0</logoWidth>
    <logoHeight>0</logoHeight>
  </attribution>
</layer>