<layer>
  <name>gaf_viewer_faulttrace</name>
  <type>VECTOR</type>
  <defaultStyle>
    <name>gaf_viewer__ns_net_slip_rate</name>
    <atom:link xmlns:atom="http://www.w3.org/2005/Atom" rel="alternate" href="https://platform.openquake.org/geoserver/rest/styles/gaf_viewer__ns_net_slip_rate.xml" type="application/xml"/>
  </defaultStyle>
  <styles class="linked-hash-set">
    <style>
      <name>gaf_viewer_faulttrace_4cb13104</name>
      <atom:link xmlns:atom="http://www.w3.org/2005/Atom" rel="alternate" href="https://platform.openquake.org/geoserver/rest/styles/gaf_viewer_faulttrace_4cb13104.xml" type="application/xml"/>
    </style>
    <style>
      <name>gaf_viewer_faulttrace_fce5fad3</name>
      <atom:link xmlns:atom="http://www.w3.org/2005/Atom" rel="alternate" href="https://platform.openquake.org/geoserver/rest/styles/gaf_viewer_faulttrace_fce5fad3.xml" type="application/xml"/>
    </style>
    <style>
      <name>gaf_viewer_faulttrace_226b2702</name>
      <atom:link xmlns:atom="http://www.w3.org/2005/Atom" rel="alternate" href="https://platform.openquake.org/geoserver/rest/styles/gaf_viewer_faulttrace_226b2702.xml" type="application/xml"/>
    </style>
  </styles>
  <resource class="featureType">
    <name>gaf_viewer_faulttrace</name>
    <atom:link xmlns:atom="http://www.w3.org/2005/Atom" rel="alternate" href="https://platform.openquake.org/geoserver/rest/workspaces/oqplatform/datastores/oqplatform/featuretypes/gaf_viewer_faulttrace.xml" type="application/xml"/>
  </resource>
  <queryable>true</queryable>
  <attribution>
    <title>GEM</title>
    <logoWidth>0</logoWidth>
    <logoHeight>0</logoHeight>
  </attribution>
</layer>