<layer>
  <name>gemecdfilterwithsocioeconomic</name>
  <type>VECTOR</type>
  <defaultStyle>
    <name>point</name>
    <atom:link xmlns:atom="http://www.w3.org/2005/Atom" rel="alternate" href="https://platform.openquake.org/geoserver/rest/styles/point.xml" type="application/xml"/>
  </defaultStyle>
  <resource class="featureType">
    <name>gemecdfilterwithsocioeconomic</name>
    <atom:link xmlns:atom="http://www.w3.org/2005/Atom" rel="alternate" href="https://platform.openquake.org/geoserver/rest/workspaces/oqplatform/datastores/oqplatform/featuretypes/gemecdfilterwithsocioeconomic.xml" type="application/xml"/>
  </resource>
  <queryable>true</queryable>
  <metadata>
    <entry key="GWC.metaTilingX">4</entry>
    <entry key="GWC.autoCacheStyles">true</entry>
    <entry key="GWC.metaTilingY">4</entry>
    <entry key="GWC.gutter">0</entry>
    <entry key="GWC.enabled">true</entry>
    <entry key="GWC.gridSets">EPSG:4326,EPSG:900913</entry>
    <entry key="GWC.cacheFormats">image/jpeg,image/png</entry>
  </metadata>
  <attribution>
    <title>GEM</title>
    <logoWidth>0</logoWidth>
    <logoHeight>0</logoHeight>
  </attribution>
</layer>