<layer>
  <name>geobase_gadm_indonesia_2</name>
  <type>VECTOR</type>
  <defaultStyle>
    <name>point</name>
    <atom:link xmlns:atom="http://www.w3.org/2005/Atom" rel="alternate" href="https://platform.openquake.org/geoserver/rest/styles/point.xml" type="application/xml"/>
  </defaultStyle>
  <resource class="featureType">
    <name>geobase_gadm_indonesia_2</name>
    <atom:link xmlns:atom="http://www.w3.org/2005/Atom" rel="alternate" href="https://platform.openquake.org/geoserver/rest/workspaces/oqplatform/datastores/oqplatform/featuretypes/geobase_gadm_indonesia_2.xml" type="application/xml"/>
  </resource>
  <queryable>true</queryable>
  <attribution>
    <title>GEM</title>
    <logoWidth>0</logoWidth>
    <logoHeight>0</logoHeight>
  </attribution>
</layer>