<layer>
  <name>qgis_irmt_3b256b21_d838_4965_b8e3_a6e691f7c03f</name>
  <type>VECTOR</type>
  <defaultStyle>
    <name>qgis_irmt_3b256b21_d838_4965_b8e3_a6e691f7c03f</name>
    <atom:link xmlns:atom="http://www.w3.org/2005/Atom" rel="alternate" href="https://platform.openquake.org/geoserver/rest/styles/qgis_irmt_3b256b21_d838_4965_b8e3_a6e691f7c03f.xml" type="application/xml"/>
  </defaultStyle>
  <resource class="featureType">
    <name>qgis_irmt_3b256b21_d838_4965_b8e3_a6e691f7c03f</name>
    <atom:link xmlns:atom="http://www.w3.org/2005/Atom" rel="alternate" href="https://platform.openquake.org/geoserver/rest/workspaces/oqplatform/datastores/datastore/featuretypes/qgis_irmt_3b256b21_d838_4965_b8e3_a6e691f7c03f.xml" type="application/xml"/>
  </resource>
  <queryable>true</queryable>
  <attribution>
    <title>dvigano</title>
    <logoWidth>0</logoWidth>
    <logoHeight>0</logoHeight>
  </attribution>
</layer>