<layer>
  <name>qgis_irmt_4a95a169_fdec_4fb2_be2c_4b77fe4994af</name>
  <type>VECTOR</type>
  <defaultStyle>
    <name>qgis_irmt_4a95a169_fdec_4fb2_be2c_4b77fe4994af</name>
    <atom:link xmlns:atom="http://www.w3.org/2005/Atom" rel="alternate" href="https://platform.openquake.org/geoserver/rest/styles/qgis_irmt_4a95a169_fdec_4fb2_be2c_4b77fe4994af.xml" type="application/xml"/>
  </defaultStyle>
  <resource class="featureType">
    <name>qgis_irmt_4a95a169_fdec_4fb2_be2c_4b77fe4994af</name>
    <atom:link xmlns:atom="http://www.w3.org/2005/Atom" rel="alternate" href="https://platform.openquake.org/geoserver/rest/workspaces/oqplatform/datastores/datastore/featuretypes/qgis_irmt_4a95a169_fdec_4fb2_be2c_4b77fe4994af.xml" type="application/xml"/>
  </resource>
  <queryable>true</queryable>
  <attribution>
    <title>hascar</title>
    <logoWidth>0</logoWidth>
    <logoHeight>0</logoHeight>
  </attribution>
</layer>