<layer>
  <name>qgis_irmt_5a92c817_46c7_4fce_8aa8_c893a3178f24</name>
  <type>VECTOR</type>
  <defaultStyle>
    <name>qgis_irmt_5a92c817_46c7_4fce_8aa8_c893a3178f24</name>
    <atom:link xmlns:atom="http://www.w3.org/2005/Atom" rel="alternate" href="https://platform.openquake.org/geoserver/rest/styles/qgis_irmt_5a92c817_46c7_4fce_8aa8_c893a3178f24.xml" type="application/xml"/>
  </defaultStyle>
  <resource class="featureType">
    <name>qgis_irmt_5a92c817_46c7_4fce_8aa8_c893a3178f24</name>
    <atom:link xmlns:atom="http://www.w3.org/2005/Atom" rel="alternate" href="https://platform.openquake.org/geoserver/rest/workspaces/oqplatform/datastores/datastore/featuretypes/qgis_irmt_5a92c817_46c7_4fce_8aa8_c893a3178f24.xml" type="application/xml"/>
  </resource>
  <queryable>true</queryable>
  <attribution>
    <title>christopher.burton</title>
    <logoWidth>0</logoWidth>
    <logoHeight>0</logoHeight>
  </attribution>
</layer>