<layer>
  <name>qgis_irmt_c9c544ea_1616_488f_a72d_33501f2ec6da</name>
  <type>VECTOR</type>
  <defaultStyle>
    <name>qgis_irmt_c9c544ea_1616_488f_a72d_33501f2ec6da</name>
    <atom:link xmlns:atom="http://www.w3.org/2005/Atom" rel="alternate" href="https://platform.openquake.org/geoserver/rest/styles/qgis_irmt_c9c544ea_1616_488f_a72d_33501f2ec6da.xml" type="application/xml"/>
  </defaultStyle>
  <resource class="featureType">
    <name>qgis_irmt_c9c544ea_1616_488f_a72d_33501f2ec6da</name>
    <atom:link xmlns:atom="http://www.w3.org/2005/Atom" rel="alternate" href="https://platform.openquake.org/geoserver/rest/workspaces/oqplatform/datastores/datastore/featuretypes/qgis_irmt_c9c544ea_1616_488f_a72d_33501f2ec6da.xml" type="application/xml"/>
  </resource>
  <queryable>true</queryable>
  <attribution>
    <title>Michael</title>
    <logoWidth>0</logoWidth>
    <logoHeight>0</logoHeight>
  </attribution>
</layer>