<layer>
  <name>qgis_irmt_f71cec28_3a42_471f_bb6f_d506d1b8e54f</name>
  <type>VECTOR</type>
  <defaultStyle>
    <name>qgis_irmt_f71cec28_3a42_471f_bb6f_d506d1b8e54f</name>
    <atom:link xmlns:atom="http://www.w3.org/2005/Atom" rel="alternate" href="https://platform.openquake.org/geoserver/rest/styles/qgis_irmt_f71cec28_3a42_471f_bb6f_d506d1b8e54f.xml" type="application/xml"/>
  </defaultStyle>
  <resource class="featureType">
    <name>qgis_irmt_f71cec28_3a42_471f_bb6f_d506d1b8e54f</name>
    <atom:link xmlns:atom="http://www.w3.org/2005/Atom" rel="alternate" href="https://platform.openquake.org/geoserver/rest/workspaces/oqplatform/datastores/datastore/featuretypes/qgis_irmt_f71cec28_3a42_471f_bb6f_d506d1b8e54f.xml" type="application/xml"/>
  </resource>
  <queryable>true</queryable>
  <attribution>
    <title>essam</title>
    <logoWidth>0</logoWidth>
    <logoHeight>0</logoHeight>
  </attribution>
</layer>