<layer>
  <name>qgis_irmt_08d72351_762b_4b0f_9e82_66d558a90f7c</name>
  <type>VECTOR</type>
  <defaultStyle>
    <name>qgis_irmt_08d72351_762b_4b0f_9e82_66d558a90f7c</name>
    <atom:link xmlns:atom="http://www.w3.org/2005/Atom" rel="alternate" href="https://platform.openquake.org/geoserver/rest/styles/qgis_irmt_08d72351_762b_4b0f_9e82_66d558a90f7c.xml" type="application/xml"/>
  </defaultStyle>
  <resource class="featureType">
    <name>qgis_irmt_08d72351_762b_4b0f_9e82_66d558a90f7c</name>
    <atom:link xmlns:atom="http://www.w3.org/2005/Atom" rel="alternate" href="https://platform.openquake.org/geoserver/rest/workspaces/oqplatform/datastores/datastore/featuretypes/qgis_irmt_08d72351_762b_4b0f_9e82_66d558a90f7c.xml" type="application/xml"/>
  </resource>
  <queryable>true</queryable>
  <attribution>
    <title>essam</title>
    <logoWidth>0</logoWidth>
    <logoHeight>0</logoHeight>
  </attribution>
</layer>