<layer>
  <name>qgis_irmt_e8fb6d03_5ba9_4aca_923d_0033f6921e9a</name>
  <type>VECTOR</type>
  <defaultStyle>
    <name>qgis_irmt_e8fb6d03_5ba9_4aca_923d_0033f6921e9a</name>
    <atom:link xmlns:atom="http://www.w3.org/2005/Atom" rel="alternate" href="https://platform.openquake.org/geoserver/rest/styles/qgis_irmt_e8fb6d03_5ba9_4aca_923d_0033f6921e9a.xml" type="application/xml"/>
  </defaultStyle>
  <resource class="featureType">
    <name>qgis_irmt_e8fb6d03_5ba9_4aca_923d_0033f6921e9a</name>
    <atom:link xmlns:atom="http://www.w3.org/2005/Atom" rel="alternate" href="https://platform.openquake.org/geoserver/rest/workspaces/oqplatform/datastores/datastore/featuretypes/qgis_irmt_e8fb6d03_5ba9_4aca_923d_0033f6921e9a.xml" type="application/xml"/>
  </resource>
  <queryable>true</queryable>
  <attribution>
    <title>christopher.burton</title>
    <logoWidth>0</logoWidth>
    <logoHeight>0</logoHeight>
  </attribution>
</layer>