<layer>
  <name>qgis_irmt_4cc581b8_3338_4e36_b3c1_ef01a4255939</name>
  <type>VECTOR</type>
  <defaultStyle>
    <name>qgis_irmt_4cc581b8_3338_4e36_b3c1_ef01a4255939</name>
    <atom:link xmlns:atom="http://www.w3.org/2005/Atom" rel="alternate" href="https://platform.openquake.org/geoserver/rest/styles/qgis_irmt_4cc581b8_3338_4e36_b3c1_ef01a4255939.xml" type="application/xml"/>
  </defaultStyle>
  <resource class="featureType">
    <name>qgis_irmt_4cc581b8_3338_4e36_b3c1_ef01a4255939</name>
    <atom:link xmlns:atom="http://www.w3.org/2005/Atom" rel="alternate" href="https://platform.openquake.org/geoserver/rest/workspaces/oqplatform/datastores/datastore/featuretypes/qgis_irmt_4cc581b8_3338_4e36_b3c1_ef01a4255939.xml" type="application/xml"/>
  </resource>
  <queryable>true</queryable>
  <attribution>
    <title>hascar</title>
    <logoWidth>0</logoWidth>
    <logoHeight>0</logoHeight>
  </attribution>
</layer>