<layer>
  <name>qgis_irmt_31c71b17_d62b_441a_8ae6_1d726c1c2982</name>
  <type>VECTOR</type>
  <defaultStyle>
    <name>qgis_irmt_31c71b17_d62b_441a_8ae6_1d726c1c2982</name>
    <atom:link xmlns:atom="http://www.w3.org/2005/Atom" rel="alternate" href="https://platform.openquake.org/geoserver/rest/styles/qgis_irmt_31c71b17_d62b_441a_8ae6_1d726c1c2982.xml" type="application/xml"/>
  </defaultStyle>
  <resource class="featureType">
    <name>qgis_irmt_31c71b17_d62b_441a_8ae6_1d726c1c2982</name>
    <atom:link xmlns:atom="http://www.w3.org/2005/Atom" rel="alternate" href="https://platform.openquake.org/geoserver/rest/workspaces/oqplatform/datastores/datastore/featuretypes/qgis_irmt_31c71b17_d62b_441a_8ae6_1d726c1c2982.xml" type="application/xml"/>
  </resource>
  <queryable>true</queryable>
  <attribution>
    <title>pslh</title>
    <logoWidth>0</logoWidth>
    <logoHeight>0</logoHeight>
  </attribution>
</layer>