<layer>
  <name>qgis_irmt_cddaabaf_4e1c_444e_b6d7_a71530625ed6</name>
  <type>VECTOR</type>
  <defaultStyle>
    <name>qgis_irmt_cddaabaf_4e1c_444e_b6d7_a71530625ed6</name>
    <atom:link xmlns:atom="http://www.w3.org/2005/Atom" rel="alternate" href="https://platform.openquake.org/geoserver/rest/styles/qgis_irmt_cddaabaf_4e1c_444e_b6d7_a71530625ed6.xml" type="application/xml"/>
  </defaultStyle>
  <resource class="featureType">
    <name>qgis_irmt_cddaabaf_4e1c_444e_b6d7_a71530625ed6</name>
    <atom:link xmlns:atom="http://www.w3.org/2005/Atom" rel="alternate" href="https://platform.openquake.org/geoserver/rest/workspaces/oqplatform/datastores/datastore/featuretypes/qgis_irmt_cddaabaf_4e1c_444e_b6d7_a71530625ed6.xml" type="application/xml"/>
  </resource>
  <queryable>true</queryable>
  <attribution>
    <title>Michael</title>
    <logoWidth>0</logoWidth>
    <logoHeight>0</logoHeight>
  </attribution>
</layer>