<layer>
  <name>qgis_irmt_ad7d6592_121b_4e48_a9ea_6df6132fe41e</name>
  <type>VECTOR</type>
  <defaultStyle>
    <name>qgis_irmt_ad7d6592_121b_4e48_a9ea_6df6132fe41e</name>
    <atom:link xmlns:atom="http://www.w3.org/2005/Atom" rel="alternate" href="https://platform.openquake.org/geoserver/rest/styles/qgis_irmt_ad7d6592_121b_4e48_a9ea_6df6132fe41e.xml" type="application/xml"/>
  </defaultStyle>
  <resource class="featureType">
    <name>qgis_irmt_ad7d6592_121b_4e48_a9ea_6df6132fe41e</name>
    <atom:link xmlns:atom="http://www.w3.org/2005/Atom" rel="alternate" href="https://platform.openquake.org/geoserver/rest/workspaces/oqplatform/datastores/datastore/featuretypes/qgis_irmt_ad7d6592_121b_4e48_a9ea_6df6132fe41e.xml" type="application/xml"/>
  </resource>
  <queryable>true</queryable>
  <attribution>
    <title>christopher.burton</title>
    <logoWidth>0</logoWidth>
    <logoHeight>0</logoHeight>
  </attribution>
</layer>