<layer>
  <name>qgis_irmt_f8d45e45_ac02_4f6b_b9bb_18f9f1293686</name>
  <type>VECTOR</type>
  <defaultStyle>
    <name>qgis_irmt_f8d45e45_ac02_4f6b_b9bb_18f9f1293686</name>
    <atom:link xmlns:atom="http://www.w3.org/2005/Atom" rel="alternate" href="https://platform.openquake.org/geoserver/rest/styles/qgis_irmt_f8d45e45_ac02_4f6b_b9bb_18f9f1293686.xml" type="application/xml"/>
  </defaultStyle>
  <resource class="featureType">
    <name>qgis_irmt_f8d45e45_ac02_4f6b_b9bb_18f9f1293686</name>
    <atom:link xmlns:atom="http://www.w3.org/2005/Atom" rel="alternate" href="https://platform.openquake.org/geoserver/rest/workspaces/oqplatform/datastores/datastore/featuretypes/qgis_irmt_f8d45e45_ac02_4f6b_b9bb_18f9f1293686.xml" type="application/xml"/>
  </resource>
  <queryable>true</queryable>
  <attribution>
    <title>pslh</title>
    <logoWidth>0</logoWidth>
    <logoHeight>0</logoHeight>
  </attribution>
</layer>