<layer>
  <name>qgis_irmt_a2652230_11b4_467f_bb6b_68d7c2f6256d</name>
  <type>VECTOR</type>
  <defaultStyle>
    <name>qgis_irmt_a2652230_11b4_467f_bb6b_68d7c2f6256d</name>
    <atom:link xmlns:atom="http://www.w3.org/2005/Atom" rel="alternate" href="https://platform.openquake.org/geoserver/rest/styles/qgis_irmt_a2652230_11b4_467f_bb6b_68d7c2f6256d.xml" type="application/xml"/>
  </defaultStyle>
  <resource class="featureType">
    <name>qgis_irmt_a2652230_11b4_467f_bb6b_68d7c2f6256d</name>
    <atom:link xmlns:atom="http://www.w3.org/2005/Atom" rel="alternate" href="https://platform.openquake.org/geoserver/rest/workspaces/oqplatform/datastores/datastore/featuretypes/qgis_irmt_a2652230_11b4_467f_bb6b_68d7c2f6256d.xml" type="application/xml"/>
  </resource>
  <queryable>true</queryable>
  <attribution>
    <title>christopher.burton</title>
    <logoWidth>0</logoWidth>
    <logoHeight>0</logoHeight>
  </attribution>
</layer>