<layer>
  <name>qgis_irmt_4ea29a95_f5e3_4a57_9c35_a3045cceebb8</name>
  <type>VECTOR</type>
  <defaultStyle>
    <name>qgis_irmt_4ea29a95_f5e3_4a57_9c35_a3045cceebb8</name>
    <atom:link xmlns:atom="http://www.w3.org/2005/Atom" rel="alternate" href="https://platform.openquake.org/geoserver/rest/styles/qgis_irmt_4ea29a95_f5e3_4a57_9c35_a3045cceebb8.xml" type="application/xml"/>
  </defaultStyle>
  <resource class="featureType">
    <name>qgis_irmt_4ea29a95_f5e3_4a57_9c35_a3045cceebb8</name>
    <atom:link xmlns:atom="http://www.w3.org/2005/Atom" rel="alternate" href="https://platform.openquake.org/geoserver/rest/workspaces/oqplatform/datastores/datastore/featuretypes/qgis_irmt_4ea29a95_f5e3_4a57_9c35_a3045cceebb8.xml" type="application/xml"/>
  </resource>
  <queryable>true</queryable>
  <attribution>
    <title>essam</title>
    <logoWidth>0</logoWidth>
    <logoHeight>0</logoHeight>
  </attribution>
</layer>