<layer>
  <name>qgis_irmt_408758d8_e6b5_482e_99c4_677c4f4649fe</name>
  <type>VECTOR</type>
  <defaultStyle>
    <name>qgis_irmt_408758d8_e6b5_482e_99c4_677c4f4649fe</name>
    <atom:link xmlns:atom="http://www.w3.org/2005/Atom" rel="alternate" href="https://platform.openquake.org/geoserver/rest/styles/qgis_irmt_408758d8_e6b5_482e_99c4_677c4f4649fe.xml" type="application/xml"/>
  </defaultStyle>
  <resource class="featureType">
    <name>qgis_irmt_408758d8_e6b5_482e_99c4_677c4f4649fe</name>
    <atom:link xmlns:atom="http://www.w3.org/2005/Atom" rel="alternate" href="https://platform.openquake.org/geoserver/rest/workspaces/oqplatform/datastores/datastore/featuretypes/qgis_irmt_408758d8_e6b5_482e_99c4_677c4f4649fe.xml" type="application/xml"/>
  </resource>
  <queryable>true</queryable>
  <attribution>
    <title>ptormene</title>
    <logoWidth>0</logoWidth>
    <logoHeight>0</logoHeight>
  </attribution>
</layer>