<layer>
  <name>qgis_irmt_db85bd6d_5d70_4e89_a2c9_a7122dae3f15</name>
  <type>VECTOR</type>
  <defaultStyle>
    <name>qgis_irmt_db85bd6d_5d70_4e89_a2c9_a7122dae3f15</name>
    <atom:link xmlns:atom="http://www.w3.org/2005/Atom" rel="alternate" href="https://platform.openquake.org/geoserver/rest/styles/qgis_irmt_db85bd6d_5d70_4e89_a2c9_a7122dae3f15.xml" type="application/xml"/>
  </defaultStyle>
  <styles class="linked-hash-set">
    <style>
      <name>qgis_irmt_db85bd6d_5d70_4e89_a2c9_a7122dae3f15_4343c4c6</name>
      <atom:link xmlns:atom="http://www.w3.org/2005/Atom" rel="alternate" href="https://platform.openquake.org/geoserver/rest/styles/qgis_irmt_db85bd6d_5d70_4e89_a2c9_a7122dae3f15_4343c4c6.xml" type="application/xml"/>
    </style>
  </styles>
  <resource class="featureType">
    <name>qgis_irmt_db85bd6d_5d70_4e89_a2c9_a7122dae3f15</name>
    <atom:link xmlns:atom="http://www.w3.org/2005/Atom" rel="alternate" href="https://platform.openquake.org/geoserver/rest/workspaces/oqplatform/datastores/datastore/featuretypes/qgis_irmt_db85bd6d_5d70_4e89_a2c9_a7122dae3f15.xml" type="application/xml"/>
  </resource>
  <queryable>true</queryable>
  <attribution>
    <title>Michael</title>
    <logoWidth>0</logoWidth>
    <logoHeight>0</logoHeight>
  </attribution>
</layer>