<layer>
  <name>qgis_irmt_f1690d92_76df_4cac_95e0_e43fcad729e9</name>
  <type>VECTOR</type>
  <defaultStyle>
    <name>qgis_irmt_f1690d92_76df_4cac_95e0_e43fcad729e9</name>
    <atom:link xmlns:atom="http://www.w3.org/2005/Atom" rel="alternate" href="https://platform.openquake.org/geoserver/rest/styles/qgis_irmt_f1690d92_76df_4cac_95e0_e43fcad729e9.xml" type="application/xml"/>
  </defaultStyle>
  <resource class="featureType">
    <name>qgis_irmt_f1690d92_76df_4cac_95e0_e43fcad729e9</name>
    <atom:link xmlns:atom="http://www.w3.org/2005/Atom" rel="alternate" href="https://platform.openquake.org/geoserver/rest/workspaces/oqplatform/datastores/datastore/featuretypes/qgis_irmt_f1690d92_76df_4cac_95e0_e43fcad729e9.xml" type="application/xml"/>
  </resource>
  <queryable>true</queryable>
  <attribution>
    <title>mjourneay</title>
    <logoWidth>0</logoWidth>
    <logoHeight>0</logoHeight>
  </attribution>
</layer>