<layer>
  <name>qgis_irmt_164b486c_ed2f_440d_939a_50e8b09c328d</name>
  <type>VECTOR</type>
  <defaultStyle>
    <name>qgis_irmt_164b486c_ed2f_440d_939a_50e8b09c328d</name>
    <atom:link xmlns:atom="http://www.w3.org/2005/Atom" rel="alternate" href="https://platform.openquake.org/geoserver/rest/styles/qgis_irmt_164b486c_ed2f_440d_939a_50e8b09c328d.xml" type="application/xml"/>
  </defaultStyle>
  <resource class="featureType">
    <name>qgis_irmt_164b486c_ed2f_440d_939a_50e8b09c328d</name>
    <atom:link xmlns:atom="http://www.w3.org/2005/Atom" rel="alternate" href="https://platform.openquake.org/geoserver/rest/workspaces/oqplatform/datastores/datastore/featuretypes/qgis_irmt_164b486c_ed2f_440d_939a_50e8b09c328d.xml" type="application/xml"/>
  </resource>
  <queryable>true</queryable>
  <attribution>
    <title>Michael</title>
    <logoWidth>0</logoWidth>
    <logoHeight>0</logoHeight>
  </attribution>
</layer>