<layer>
  <name>qgis_irmt_90ba4e01_f839_4486_8b81_28bed271e8a3</name>
  <type>VECTOR</type>
  <defaultStyle>
    <name>qgis_irmt_90ba4e01_f839_4486_8b81_28bed271e8a3</name>
    <atom:link xmlns:atom="http://www.w3.org/2005/Atom" rel="alternate" href="https://platform.openquake.org/geoserver/rest/styles/qgis_irmt_90ba4e01_f839_4486_8b81_28bed271e8a3.xml" type="application/xml"/>
  </defaultStyle>
  <resource class="featureType">
    <name>qgis_irmt_90ba4e01_f839_4486_8b81_28bed271e8a3</name>
    <atom:link xmlns:atom="http://www.w3.org/2005/Atom" rel="alternate" href="https://platform.openquake.org/geoserver/rest/workspaces/oqplatform/datastores/datastore/featuretypes/qgis_irmt_90ba4e01_f839_4486_8b81_28bed271e8a3.xml" type="application/xml"/>
  </resource>
  <queryable>true</queryable>
  <attribution>
    <title>ptormene</title>
    <logoWidth>0</logoWidth>
    <logoHeight>0</logoHeight>
  </attribution>
</layer>