<layer>
  <name>qgis_irmt_ed408641_fc50_4836_8311_7a439b4bf664</name>
  <type>VECTOR</type>
  <defaultStyle>
    <name>qgis_irmt_ed408641_fc50_4836_8311_7a439b4bf664</name>
    <atom:link xmlns:atom="http://www.w3.org/2005/Atom" rel="alternate" href="https://platform.openquake.org/geoserver/rest/styles/qgis_irmt_ed408641_fc50_4836_8311_7a439b4bf664.xml" type="application/xml"/>
  </defaultStyle>
  <resource class="featureType">
    <name>qgis_irmt_ed408641_fc50_4836_8311_7a439b4bf664</name>
    <atom:link xmlns:atom="http://www.w3.org/2005/Atom" rel="alternate" href="https://platform.openquake.org/geoserver/rest/workspaces/oqplatform/datastores/datastore/featuretypes/qgis_irmt_ed408641_fc50_4836_8311_7a439b4bf664.xml" type="application/xml"/>
  </resource>
  <queryable>true</queryable>
  <attribution>
    <title>MTOQUICA</title>
    <logoWidth>0</logoWidth>
    <logoHeight>0</logoHeight>
  </attribution>
</layer>