<?xml version='1.0' encoding='UTF-8'?>
<!--

OpenQuake-engine PSHA input model for Cuba
Version v1.0.0, 2015-01-21

Copyright (C) 2015 GEM Foundation 
 
THE WORK IS PROTECTED BY COPYRIGHT AND/OR OTHER APPLICABLE LAW. INSOFAR AS THIS
WORK IS PROTECTED BY LAWS THAT NEIGHBOUR OR ARE SIMILARLY RELATED TO COPYRIGHT, 
SUCH AS DATABASE RIGHTS AS INTRODUCED IN EUROPE BY THE  DIRECTIVE 96/9/EC, YOU
ALSO MAY USE THIS WORK UNDER THE TERMS OF CC BY-NC-SA 3.0 (unported).

ANY USE OF THE WORK OTHER THAN AS AUTHORIZED UNDER THIS LICENSE OR
DIRECTLY ALLOWED BY THE APPLICABLE LAW IS PROHIBITED.

If you have any questions or if you wish to seek permission to use this data
beyond what is offered by CC BY-NC-SA 3.0 (unported), including use in
commercial/for-profit contexts, please contact the GEM Foundation at
licensing@globalquakemodel.org

DISCLAIMER:
 
The MODEL provided herein represents GEM's interpretation of the original model
proposed by Garcia et al. (2003, 2007)  (hereafter indicated as the ORIGINAL MODEL).
It was created by GEM, in the attempt of reproducing in the most faithful way
possible the ORIGINAL MODEL but IT IS NOT intended to be an alternative nor a
replacement implementation of the ORIGINAL MODEL. 
 
The MODEL is released as an OpenQuake-engine tailored implementation on behalf
of scientists and engineers working within the GEM Foundation (Global
Earthquake Model).
 
GEM provides it recognizing importance, authoritativeness and, transparency of
the ORIGINAL MODEL, for the purpose of open collaboration and in the hope that
it will be useful to the scientific, engineering, disaster risk and software
design communities.
 
The MODEL is therefore provided WITHOUT ANY WARRANTY; without even the implied 
warranty of MERCHANTABILITY or FITNESS FOR A PARTICULAR PURPOSE. 
The GEM Foundation, and the authors of the MODEL, assume no liability for  its use.

For additional information, material and documentation about the ORIGINAL MODEL 
we warmly invite the user to consult publications or the authors 
julio.garcia@globalquakemodel.org
  
-->

<nrml xmlns:gml="http://www.opengis.net/gml" xmlns="http://openquake.org/xmlns/nrml/0.4">
  <sourceModel name="Source Model">
    <areaSource id="1" name="ZB01" tectonicRegion="Active Shallow Crust">
      <areaGeometry>
        <gml:Polygon>
          <gml:exterior>
            <gml:LinearRing>
              <gml:posList>-83.035 22.903002 -82.516464 23.123007 -82.414999 23.167002 -82.532999 23.308001 -83.288 22.958002 -83.991999 22.655001 -84.27 22.480001 -84.451 22.316 -84.286999 22.273001 -83.493999 22.682001</gml:posList>
            </gml:LinearRing>
          </gml:exterior>
        </gml:Polygon>
        <upperSeismoDepth>0.0</upperSeismoDepth>
        <lowerSeismoDepth>50.0</lowerSeismoDepth>
      </areaGeometry>
      <magScaleRel>WC1994</magScaleRel>
      <ruptAspectRatio>1.0</ruptAspectRatio>
      <truncGutenbergRichterMFD aValue="1.12" bValue="0.69" maxMag="6.75" minMag="5.0"/>
      <nodalPlaneDist>
        <nodalPlane dip="45.0" probability="1.0" rake="90.0" strike="0.0"/>
      </nodalPlaneDist>
      <hypoDepthDist>
        <hypoDepth depth=" 10." probability="1.0"/>
      </hypoDepthDist>
    </areaSource>
    <areaSource id="2" name="ZB03" tectonicRegion="Active Shallow Crust">
      <areaGeometry>
        <gml:Polygon>
          <gml:exterior>
            <gml:LinearRing>
              <gml:posList>-81.747 23.358 -82.164 23.358 -82.532999 23.308001 -82.414999 23.167002 -82.132 23.219 -81.782999 23.215002 -81.459999 23.180002 -81.202999 23.287001</gml:posList>
            </gml:LinearRing>
          </gml:exterior>
        </gml:Polygon>
        <upperSeismoDepth>0.0</upperSeismoDepth>
        <lowerSeismoDepth>50.0</lowerSeismoDepth>
      </areaGeometry>
      <magScaleRel>WC1994</magScaleRel>
      <ruptAspectRatio>1.0</ruptAspectRatio>
      <truncGutenbergRichterMFD aValue="0.85" bValue="0.94" maxMag="6.25" minMag="5.0"/>
      <nodalPlaneDist>
        <nodalPlane dip="45.0" probability="1.0" rake="90.0" strike="0.0"/>
      </nodalPlaneDist>
      <hypoDepthDist>
        <hypoDepth depth=" 10." probability="1.0"/>
      </hypoDepthDist>
    </areaSource>
    <areaSource id="3" name="ZB04" tectonicRegion="Active Shallow Crust">
      <areaGeometry>
        <gml:Polygon>
          <gml:exterior>
            <gml:LinearRing>
              <gml:posList>-80.918377 23.281534 -81.07929 23.207882 -80.066177 22.898603 -79.58 22.702002 -79.447075 22.859907 -79.933514 23.064432 -80.574726 23.252375</gml:posList>
            </gml:LinearRing>
          </gml:exterior>
        </gml:Polygon>
        <upperSeismoDepth>0.0</upperSeismoDepth>
        <lowerSeismoDepth>50.0</lowerSeismoDepth>
      </areaGeometry>
      <magScaleRel>WC1994</magScaleRel>
      <ruptAspectRatio>1.0</ruptAspectRatio>
      <truncGutenbergRichterMFD aValue="2.24" bValue="1.04" maxMag="6.5" minMag="5.0"/>
      <nodalPlaneDist>
        <nodalPlane dip="45.0" probability="1.0" rake="90.0" strike="0.0"/>
      </nodalPlaneDist>
      <hypoDepthDist>
        <hypoDepth depth=" 10." probability="1.0"/>
      </hypoDepthDist>
    </areaSource>
    <areaSource id="4" name="ZB05" tectonicRegion="Active Shallow Crust">
      <areaGeometry>
        <gml:Polygon>
          <gml:exterior>
            <gml:LinearRing>
              <gml:posList>-79.021444 22.727243 -79.447075 22.859907 -79.58 22.702002 -79.165163 22.539301 -78.394094 22.360258 -78.122717 22.50202</gml:posList>
            </gml:LinearRing>
          </gml:exterior>
        </gml:Polygon>
        <upperSeismoDepth>0.0</upperSeismoDepth>
        <lowerSeismoDepth>50.0</lowerSeismoDepth>
      </areaGeometry>
      <magScaleRel>WC1994</magScaleRel>
      <ruptAspectRatio>1.0</ruptAspectRatio>
      <truncGutenbergRichterMFD aValue="1.7" bValue="0.89" maxMag="6.75" minMag="5.0"/>
      <nodalPlaneDist>
        <nodalPlane dip="45.0" probability="1.0" rake="90.0" strike="0.0"/>
      </nodalPlaneDist>
      <hypoDepthDist>
        <hypoDepth depth=" 10." probability="1.0"/>
      </hypoDepthDist>
    </areaSource>
    <areaSource id="5" name="ZB06" tectonicRegion="Active Shallow Crust">
      <areaGeometry>
        <gml:Polygon>
          <gml:exterior>
            <gml:LinearRing>
              <gml:posList>-78.015402 22.246332 -76.6777 21.417181 -75.975683 21.08552 -75.435051 21.076082 -75.236851 21.237577 -75.982667 21.310738 -76.55648 21.592381 -77.838516 22.345835</gml:posList>
            </gml:LinearRing>
          </gml:exterior>
        </gml:Polygon>
        <upperSeismoDepth>0.0</upperSeismoDepth>
        <lowerSeismoDepth>50.0</lowerSeismoDepth>
      </areaGeometry>
      <magScaleRel>WC1994</magScaleRel>
      <ruptAspectRatio>1.0</ruptAspectRatio>
      <truncGutenbergRichterMFD aValue="2.11" bValue="0.86" maxMag="6.25" minMag="5.0"/>
      <nodalPlaneDist>
        <nodalPlane dip="45.0" probability="1.0" rake="90.0" strike="0.0"/>
      </nodalPlaneDist>
      <hypoDepthDist>
        <hypoDepth depth=" 10." probability="1.0"/>
      </hypoDepthDist>
    </areaSource>
    <areaSource id="6" name="ZB07" tectonicRegion="Active Shallow Crust">
      <areaGeometry>
        <gml:Polygon>
          <gml:exterior>
            <gml:LinearRing>
              <gml:posList>-73.786716 20.549334 -74.593758 21.068933 -74.968565 21.19945 -75.131969 20.980715 -74.776173 20.831244 -73.953045 20.285593 -73.56646 20.185198 -73.264833 20.374037</gml:posList>
            </gml:LinearRing>
          </gml:exterior>
        </gml:Polygon>
        <upperSeismoDepth>0.0</upperSeismoDepth>
        <lowerSeismoDepth>50.0</lowerSeismoDepth>
      </areaGeometry>
      <magScaleRel>WC1994</magScaleRel>
      <ruptAspectRatio>1.0</ruptAspectRatio>
      <truncGutenbergRichterMFD aValue="2.79" bValue="1.14" maxMag="6.75" minMag="5.0"/>
      <nodalPlaneDist>
        <nodalPlane dip="45.0" probability="1.0" rake="90.0" strike="0.0"/>
      </nodalPlaneDist>
      <hypoDepthDist>
        <hypoDepth depth=" 10." probability="1.0"/>
      </hypoDepthDist>
    </areaSource>
    <areaSource id="7" name="ZB08" tectonicRegion="Active Shallow Crust">
      <areaGeometry>
        <gml:Polygon>
          <gml:exterior>
            <gml:LinearRing>
              <gml:posList>-82.512974 22.988928 -82.7528 23.010042 -83.134937 22.753183 -83.614687 22.492067 -83.124905 22.447218 -82.688282 22.708963</gml:posList>
            </gml:LinearRing>
          </gml:exterior>
        </gml:Polygon>
        <upperSeismoDepth>0.0</upperSeismoDepth>
        <lowerSeismoDepth>50.0</lowerSeismoDepth>
      </areaGeometry>
      <magScaleRel>WC1994</magScaleRel>
      <ruptAspectRatio>1.0</ruptAspectRatio>
      <truncGutenbergRichterMFD aValue="1.04" bValue="0.7" maxMag="6.75" minMag="5.0"/>
      <nodalPlaneDist>
        <nodalPlane dip="90.0" probability="1.0" rake="0.0" strike="0.0"/>
      </nodalPlaneDist>
      <hypoDepthDist>
        <hypoDepth depth=" 10." probability="1.0"/>
      </hypoDepthDist>
    </areaSource>
    <areaSource id="8" name="ZB09" tectonicRegion="Active Shallow Crust">
      <areaGeometry>
        <gml:Polygon>
          <gml:exterior>
            <gml:LinearRing>
              <gml:posList>-83.124905 22.447218 -83.611441 22.492361 -84.471092 21.979925 -84.051733 21.921862 -83.572161 22.177778</gml:posList>
            </gml:LinearRing>
          </gml:exterior>
        </gml:Polygon>
        <upperSeismoDepth>0.0</upperSeismoDepth>
        <lowerSeismoDepth>50.0</lowerSeismoDepth>
      </areaGeometry>
      <magScaleRel>WC1994</magScaleRel>
      <ruptAspectRatio>1.0</ruptAspectRatio>
      <truncGutenbergRichterMFD aValue="1.37" bValue="0.75" maxMag="6.25" minMag="5.0"/>
      <nodalPlaneDist>
        <nodalPlane dip="90.0" probability="1.0" rake="0.0" strike="0.0"/>
      </nodalPlaneDist>
      <hypoDepthDist>
        <hypoDepth depth=" 10." probability="1.0"/>
      </hypoDepthDist>
    </areaSource>
    <areaSource id="9" name="ZB10" tectonicRegion="Active Shallow Crust">
      <areaGeometry>
        <gml:Polygon>
          <gml:exterior>
            <gml:LinearRing>
              <gml:posList>-82.154955 23.06465 -82.305 23.187212 -82.40778 23.156588 -82.516464 23.123007 -82.404999 22.985003 -82.178522 22.841711 -81.959 22.955</gml:posList>
            </gml:LinearRing>
          </gml:exterior>
        </gml:Polygon>
        <upperSeismoDepth>0.0</upperSeismoDepth>
        <lowerSeismoDepth>50.0</lowerSeismoDepth>
      </areaGeometry>
      <magScaleRel>WC1994</magScaleRel>
      <ruptAspectRatio>1.0</ruptAspectRatio>
      <truncGutenbergRichterMFD aValue="1.52" bValue="0.92" maxMag="6.75" minMag="5.0"/>
      <nodalPlaneDist>
        <nodalPlane dip="45.0" probability="1.0" rake="90.0" strike="0.0"/>
      </nodalPlaneDist>
      <hypoDepthDist>
        <hypoDepth depth=" 10." probability="1.0"/>
      </hypoDepthDist>
    </areaSource>
    <areaSource id="10" name="ZB11" tectonicRegion="Active Shallow Crust">
      <areaGeometry>
        <gml:Polygon>
          <gml:exterior>
            <gml:LinearRing>
              <gml:posList>-81.784599 22.884436 -82.035334 22.766901 -81.286 22.482 -80.523087 21.993799 -80.241009 22.121782 -81.155149 22.756453</gml:posList>
            </gml:LinearRing>
          </gml:exterior>
        </gml:Polygon>
        <upperSeismoDepth>0.0</upperSeismoDepth>
        <lowerSeismoDepth>50.0</lowerSeismoDepth>
      </areaGeometry>
      <magScaleRel>WC1994</magScaleRel>
      <ruptAspectRatio>1.0</ruptAspectRatio>
      <truncGutenbergRichterMFD aValue="1.11" bValue="0.67" maxMag="6.25" minMag="5.0"/>
      <nodalPlaneDist>
        <nodalPlane dip="45.0" probability="1.0" rake="90.0" strike="0.0"/>
      </nodalPlaneDist>
      <hypoDepthDist>
        <hypoDepth depth=" 10." probability="1.0"/>
      </hypoDepthDist>
    </areaSource>
    <areaSource id="11" name="ZB12" tectonicRegion="Active Shallow Crust">
      <areaGeometry>
        <gml:Polygon>
          <gml:exterior>
            <gml:LinearRing>
              <gml:posList>-80.918875 23.281906 -81.207386 23.289267 -81.633999 23.108 -82.232864 22.819651 -82.607325 22.680712 -82.393154 22.646757 -82.035334 22.766901</gml:posList>
            </gml:LinearRing>
          </gml:exterior>
        </gml:Polygon>
        <upperSeismoDepth>0.0</upperSeismoDepth>
        <lowerSeismoDepth>50.0</lowerSeismoDepth>
      </areaGeometry>
      <magScaleRel>WC1994</magScaleRel>
      <ruptAspectRatio>1.0</ruptAspectRatio>
      <truncGutenbergRichterMFD aValue="1.41" bValue="0.86" maxMag="6.25" minMag="5.0"/>
      <nodalPlaneDist>
        <nodalPlane dip="90.0" probability="1.0" rake="0.0" strike="0.0"/>
      </nodalPlaneDist>
      <hypoDepthDist>
        <hypoDepth depth=" 10." probability="1.0"/>
      </hypoDepthDist>
    </areaSource>
    <areaSource id="12" name="ZB13" tectonicRegion="Active Shallow Crust">
      <areaGeometry>
        <gml:Polygon>
          <gml:exterior>
            <gml:LinearRing>
              <gml:posList>-80.709999 23.066 -80.889999 22.938002 -79.906696 22.432589 -79.658726 22.627554</gml:posList>
            </gml:LinearRing>
          </gml:exterior>
        </gml:Polygon>
        <upperSeismoDepth>0.0</upperSeismoDepth>
        <lowerSeismoDepth>50.0</lowerSeismoDepth>
      </areaGeometry>
      <magScaleRel>WC1994</magScaleRel>
      <ruptAspectRatio>1.0</ruptAspectRatio>
      <truncGutenbergRichterMFD aValue="1.66" bValue="0.85" maxMag="5.75" minMag="5.0"/>
      <nodalPlaneDist>
        <nodalPlane dip="45.0" probability="1.0" rake="90.0" strike="0.0"/>
      </nodalPlaneDist>
      <hypoDepthDist>
        <hypoDepth depth=" 10." probability="1.0"/>
      </hypoDepthDist>
    </areaSource>
    <areaSource id="13" name="ZB14" tectonicRegion="Active Shallow Crust">
      <areaGeometry>
        <gml:Polygon>
          <gml:exterior>
            <gml:LinearRing>
              <gml:posList>-79.656897 22.627825 -79.907999 22.432001 -78.971731 22.035181 -78.639151 22.217726</gml:posList>
            </gml:LinearRing>
          </gml:exterior>
        </gml:Polygon>
        <upperSeismoDepth>0.0</upperSeismoDepth>
        <lowerSeismoDepth>50.0</lowerSeismoDepth>
      </areaGeometry>
      <magScaleRel>WC1994</magScaleRel>
      <ruptAspectRatio>1.0</ruptAspectRatio>
      <truncGutenbergRichterMFD aValue="1.77" bValue="0.8" maxMag="6.75" minMag="5.0"/>
      <nodalPlaneDist>
        <nodalPlane dip="45.0" probability="1.0" rake="90.0" strike="0.0"/>
      </nodalPlaneDist>
      <hypoDepthDist>
        <hypoDepth depth=" 10." probability="1.0"/>
      </hypoDepthDist>
    </areaSource>
    <areaSource id="14" name="ZB15" tectonicRegion="Active Shallow Crust">
      <areaGeometry>
        <gml:Polygon>
          <gml:exterior>
            <gml:LinearRing>
              <gml:posList>-78.257185 22.1127 -78.557257 21.940786 -77.891472 21.462545 -77.607029 21.678221</gml:posList>
            </gml:LinearRing>
          </gml:exterior>
        </gml:Polygon>
        <upperSeismoDepth>0.0</upperSeismoDepth>
        <lowerSeismoDepth>50.0</lowerSeismoDepth>
      </areaGeometry>
      <magScaleRel>WC1994</magScaleRel>
      <ruptAspectRatio>1.0</ruptAspectRatio>
      <truncGutenbergRichterMFD aValue="2.32" bValue="0.9" maxMag="5.75" minMag="5.0"/>
      <nodalPlaneDist>
        <nodalPlane dip="45.0" probability="1.0" rake="90.0" strike="0.0"/>
      </nodalPlaneDist>
      <hypoDepthDist>
        <hypoDepth depth=" 10." probability="1.0"/>
      </hypoDepthDist>
    </areaSource>
    <areaSource id="15" name="ZB16" tectonicRegion="Active Shallow Crust">
      <areaGeometry>
        <gml:Polygon>
          <gml:exterior>
            <gml:LinearRing>
              <gml:posList>-77.841461 22.353384 -78.113401 22.509672 -79.809433 21.585073 -79.560623 21.371897 -78.021143 22.252077</gml:posList>
            </gml:LinearRing>
          </gml:exterior>
        </gml:Polygon>
        <upperSeismoDepth>0.0</upperSeismoDepth>
        <lowerSeismoDepth>50.0</lowerSeismoDepth>
      </areaGeometry>
      <magScaleRel>WC1994</magScaleRel>
      <ruptAspectRatio>1.0</ruptAspectRatio>
      <truncGutenbergRichterMFD aValue="1.31" bValue="0.76" maxMag="5.75" minMag="5.0"/>
      <nodalPlaneDist>
        <nodalPlane dip="90.0" probability="1.0" rake="0.0" strike="0.0"/>
      </nodalPlaneDist>
      <hypoDepthDist>
        <hypoDepth depth=" 10." probability="1.0"/>
      </hypoDepthDist>
    </areaSource>
    <areaSource id="16" name="ZB17" tectonicRegion="Active Shallow Crust">
      <areaGeometry>
        <gml:Polygon>
          <gml:exterior>
            <gml:LinearRing>
              <gml:posList>-77.215696 21.583563 -77.50388 21.756365 -78.285318 21.162474 -78.579138 20.834269 -78.260311 20.652975 -77.997749 20.94367</gml:posList>
            </gml:LinearRing>
          </gml:exterior>
        </gml:Polygon>
        <upperSeismoDepth>0.0</upperSeismoDepth>
        <lowerSeismoDepth>50.0</lowerSeismoDepth>
      </areaGeometry>
      <magScaleRel>WC1994</magScaleRel>
      <ruptAspectRatio>1.0</ruptAspectRatio>
      <truncGutenbergRichterMFD aValue="2.06" bValue="1.02" maxMag="6.25" minMag="5.0"/>
      <nodalPlaneDist>
        <nodalPlane dip="90.0" probability="1.0" rake="0.0" strike="0.0"/>
      </nodalPlaneDist>
      <hypoDepthDist>
        <hypoDepth depth=" 10." probability="1.0"/>
      </hypoDepthDist>
    </areaSource>
    <areaSource id="17" name="ZB18" tectonicRegion="Active Shallow Crust">
      <areaGeometry>
        <gml:Polygon>
          <gml:exterior>
            <gml:LinearRing>
              <gml:posList>-77.445843 21.397257 -76.597404 20.836042 -76.438075 20.759729 -76.143973 20.809382 -75.651257 20.893411 -75.682983 21.08206 -76.201266 21.088206 -76.47627 21.130221 -77.218435 21.584932</gml:posList>
            </gml:LinearRing>
          </gml:exterior>
        </gml:Polygon>
        <upperSeismoDepth>0.0</upperSeismoDepth>
        <lowerSeismoDepth>50.0</lowerSeismoDepth>
      </areaGeometry>
      <magScaleRel>WC1994</magScaleRel>
      <ruptAspectRatio>1.0</ruptAspectRatio>
      <truncGutenbergRichterMFD aValue="1.48" bValue="0.82" maxMag="6.25" minMag="5.0"/>
      <nodalPlaneDist>
        <nodalPlane dip="45.0" probability="1.0" rake="90.0" strike="0.0"/>
      </nodalPlaneDist>
      <hypoDepthDist>
        <hypoDepth depth=" 10." probability="1.0"/>
      </hypoDepthDist>
    </areaSource>
    <areaSource id="18" name="ZB19" tectonicRegion="Active Shallow Crust">
      <areaGeometry>
        <gml:Polygon>
          <gml:exterior>
            <gml:LinearRing>
              <gml:posList>-75.658896 20.889592 -77.214809 20.628321 -78.097172 19.864664 -77.528557 19.89356 -76.097328 20.433245 -75.241489 20.834417 -74.979389 21.192801 -75.236851 21.237577</gml:posList>
            </gml:LinearRing>
          </gml:exterior>
        </gml:Polygon>
        <upperSeismoDepth>0.0</upperSeismoDepth>
        <lowerSeismoDepth>50.0</lowerSeismoDepth>
      </areaGeometry>
      <magScaleRel>WC1994</magScaleRel>
      <ruptAspectRatio>1.0</ruptAspectRatio>
      <truncGutenbergRichterMFD aValue="2.13" bValue="0.82" maxMag="6.75" minMag="5.0"/>
      <nodalPlaneDist>
        <nodalPlane dip="45.0" probability="1.0" rake="-90.0" strike="0.0"/>
      </nodalPlaneDist>
      <hypoDepthDist>
        <hypoDepth depth=" 10." probability="1.0"/>
      </hypoDepthDist>
    </areaSource>
    <areaSource id="19" name="ZB20" tectonicRegion="Active Shallow Crust">
      <areaGeometry>
        <gml:Polygon>
          <gml:exterior>
            <gml:LinearRing>
              <gml:posList>-76.147879 20.41437 -76.37101 20.329367 -75.677994 19.999647 -75.532791 19.87335 -75.230713 19.886686 -75.494619 20.123625</gml:posList>
            </gml:LinearRing>
          </gml:exterior>
        </gml:Polygon>
        <upperSeismoDepth>0.0</upperSeismoDepth>
        <lowerSeismoDepth>50.0</lowerSeismoDepth>
      </areaGeometry>
      <magScaleRel>WC1994</magScaleRel>
      <ruptAspectRatio>1.0</ruptAspectRatio>
      <truncGutenbergRichterMFD aValue="3.0" bValue="0.98" maxMag="6.75" minMag="5.0"/>
      <nodalPlaneDist>
        <nodalPlane dip="90.0" probability="1.0" rake="0.0" strike="0.0"/>
      </nodalPlaneDist>
      <hypoDepthDist>
        <hypoDepth depth=" 10." probability="1.0"/>
      </hypoDepthDist>
    </areaSource>
    <areaSource id="20" name="ZB21" tectonicRegion="Active Shallow Crust">
      <areaGeometry>
        <gml:Polygon>
          <gml:exterior>
            <gml:LinearRing>
              <gml:posList>-74.792017 20.412966 -75.022875 20.753084 -75.296028 20.753084 -75.06517 20.330141 -74.709192 19.95125 -74.425465 20.009405</gml:posList>
            </gml:LinearRing>
          </gml:exterior>
        </gml:Polygon>
        <upperSeismoDepth>0.0</upperSeismoDepth>
        <lowerSeismoDepth>50.0</lowerSeismoDepth>
      </areaGeometry>
      <magScaleRel>WC1994</magScaleRel>
      <ruptAspectRatio>1.0</ruptAspectRatio>
      <truncGutenbergRichterMFD aValue="2.76" bValue="1.19" maxMag="5.75" minMag="5.0"/>
      <nodalPlaneDist>
        <nodalPlane dip="90.0" probability="1.0" rake="90.0" strike="0.0"/>
      </nodalPlaneDist>
      <hypoDepthDist>
        <hypoDepth depth=" 10." probability="1.0"/>
      </hypoDepthDist>
    </areaSource>
    <areaSource id="21" name="ZB22" tectonicRegion="Active Shallow Crust">
      <areaGeometry>
        <gml:Polygon>
          <gml:exterior>
            <gml:LinearRing>
              <gml:posList>-79.816086 21.926958 -80.24114 22.121527 -80.522631 21.993682 -80.267969 21.795927 -79.809629 21.58526 -79.592279 21.70447</gml:posList>
            </gml:LinearRing>
          </gml:exterior>
        </gml:Polygon>
        <upperSeismoDepth>0.0</upperSeismoDepth>
        <lowerSeismoDepth>50.0</lowerSeismoDepth>
      </areaGeometry>
      <magScaleRel>WC1994</magScaleRel>
      <ruptAspectRatio>1.0</ruptAspectRatio>
      <truncGutenbergRichterMFD aValue="1.4" bValue="0.8" maxMag="6.25" minMag="5.0"/>
      <nodalPlaneDist>
        <nodalPlane dip="90.0" probability="1.0" rake="90.0" strike="0.0"/>
      </nodalPlaneDist>
      <hypoDepthDist>
        <hypoDepth depth=" 10." probability="1.0"/>
      </hypoDepthDist>
    </areaSource>
    <areaSource id="22" name="ZB23" tectonicRegion="Active Shallow Crust">
      <areaGeometry>
        <gml:Polygon>
          <gml:exterior>
            <gml:LinearRing>
              <gml:posList>-81.610895 17.600145 -82.424204 17.767969 -86.032448 17.025663 -86.008007 16.346151 -82.34029 17.283857</gml:posList>
            </gml:LinearRing>
          </gml:exterior>
        </gml:Polygon>
        <upperSeismoDepth>0.0</upperSeismoDepth>
        <lowerSeismoDepth>50.0</lowerSeismoDepth>
      </areaGeometry>
      <magScaleRel>WC1994</magScaleRel>
      <ruptAspectRatio>1.0</ruptAspectRatio>
      <truncGutenbergRichterMFD aValue="3.47" bValue="0.9" maxMag="7.75" minMag="5.0"/>
      <nodalPlaneDist>
        <nodalPlane dip="90.0" probability="1.0" rake="0.0" strike="0.0"/>
      </nodalPlaneDist>
      <hypoDepthDist>
        <hypoDepth depth=" 10." probability="1.0"/>
      </hypoDepthDist>
    </areaSource>
    <areaSource id="23" name="ZB24" tectonicRegion="Active Shallow Crust">
      <areaGeometry>
        <gml:Polygon>
          <gml:exterior>
            <gml:LinearRing>
              <gml:posList>-81.798086 18.968569 -82.411293 17.774424 -81.619061 17.595427 -81.267948 18.65605</gml:posList>
            </gml:LinearRing>
          </gml:exterior>
        </gml:Polygon>
        <upperSeismoDepth>0.0</upperSeismoDepth>
        <lowerSeismoDepth>50.0</lowerSeismoDepth>
      </areaGeometry>
      <magScaleRel>WC1994</magScaleRel>
      <ruptAspectRatio>1.0</ruptAspectRatio>
      <truncGutenbergRichterMFD aValue="3.17" bValue="0.98" maxMag="7.75" minMag="5.0"/>
      <nodalPlaneDist>
        <nodalPlane dip="45.0" probability="1.0" rake="-90.0" strike="0.0"/>
      </nodalPlaneDist>
      <hypoDepthDist>
        <hypoDepth depth=" 10." probability="1.0"/>
      </hypoDepthDist>
    </areaSource>
    <areaSource id="24" name="ZB25" tectonicRegion="Active Shallow Crust">
      <areaGeometry>
        <gml:Polygon>
          <gml:exterior>
            <gml:LinearRing>
              <gml:posList>-78.404766 19.847868 -80.752405 19.652777 -81.798086 18.968569 -81.275246 18.658735 -80.400278 19.18861 -78.260843 19.349401</gml:posList>
            </gml:LinearRing>
          </gml:exterior>
        </gml:Polygon>
        <upperSeismoDepth>0.0</upperSeismoDepth>
        <lowerSeismoDepth>50.0</lowerSeismoDepth>
      </areaGeometry>
      <magScaleRel>WC1994</magScaleRel>
      <ruptAspectRatio>1.0</ruptAspectRatio>
      <truncGutenbergRichterMFD aValue="1.71" bValue="0.59" maxMag="7.75" minMag="5.0"/>
      <nodalPlaneDist>
        <nodalPlane dip="90.0" probability="1.0" rake="0.0" strike="0.0"/>
      </nodalPlaneDist>
      <hypoDepthDist>
        <hypoDepth depth=" 10." probability="1.0"/>
      </hypoDepthDist>
    </areaSource>
    <areaSource id="25" name="ZB26" tectonicRegion="Active Shallow Crust">
      <areaGeometry>
        <gml:Polygon>
          <gml:exterior>
            <gml:LinearRing>
              <gml:posList>-77.369442 19.901178 -78.404766 19.847868 -78.25993 19.348188 -77.338367 19.418081</gml:posList>
            </gml:LinearRing>
          </gml:exterior>
        </gml:Polygon>
        <upperSeismoDepth>0.0</upperSeismoDepth>
        <lowerSeismoDepth>50.0</lowerSeismoDepth>
      </areaGeometry>
      <magScaleRel>WC1994</magScaleRel>
      <ruptAspectRatio>1.0</ruptAspectRatio>
      <truncGutenbergRichterMFD aValue="4.01" bValue="1.13" maxMag="7.25" minMag="5.0"/>
      <nodalPlaneDist>
        <nodalPlane dip="90.0" probability="1.0" rake="0.0" strike="0.0"/>
      </nodalPlaneDist>
      <hypoDepthDist>
        <hypoDepth depth=" 10." probability="1.0"/>
      </hypoDepthDist>
    </areaSource>
    <areaSource id="26" name="ZB27" tectonicRegion="Active Shallow Crust">
      <areaGeometry>
        <gml:Polygon>
          <gml:exterior>
            <gml:LinearRing>
              <gml:posList>-76.830519 19.939177 -77.369442 19.901178 -77.338367 19.416189 -76.789923 19.446543</gml:posList>
            </gml:LinearRing>
          </gml:exterior>
        </gml:Polygon>
        <upperSeismoDepth>0.0</upperSeismoDepth>
        <lowerSeismoDepth>50.0</lowerSeismoDepth>
      </areaGeometry>
      <magScaleRel>WC1994</magScaleRel>
      <ruptAspectRatio>1.0</ruptAspectRatio>
      <truncGutenbergRichterMFD aValue="2.63" bValue="1.03" maxMag="6.75" minMag="5.0"/>
      <nodalPlaneDist>
        <nodalPlane dip="90.0" probability="1.0" rake="0.0" strike="0.0"/>
      </nodalPlaneDist>
      <hypoDepthDist>
        <hypoDepth depth=" 10." probability="1.0"/>
      </hypoDepthDist>
    </areaSource>
    <areaSource id="27" name="ZB28" tectonicRegion="Active Shallow Crust">
      <areaGeometry>
        <gml:Polygon>
          <gml:exterior>
            <gml:LinearRing>
              <gml:posList>-76.134064 19.959051 -76.8305 19.94005 -76.790041 19.446444 -76.086435 19.452757</gml:posList>
            </gml:LinearRing>
          </gml:exterior>
        </gml:Polygon>
        <upperSeismoDepth>0.0</upperSeismoDepth>
        <lowerSeismoDepth>50.0</lowerSeismoDepth>
      </areaGeometry>
      <magScaleRel>WC1994</magScaleRel>
      <ruptAspectRatio>1.0</ruptAspectRatio>
      <truncGutenbergRichterMFD aValue="2.97" bValue="0.9" maxMag="6.75" minMag="5.0"/>
      <nodalPlaneDist>
        <nodalPlane dip="90.0" probability="1.0" rake="0.0" strike="0.0"/>
      </nodalPlaneDist>
      <hypoDepthDist>
        <hypoDepth depth=" 10." probability="1.0"/>
      </hypoDepthDist>
    </areaSource>
    <areaSource id="28" name="ZB29" tectonicRegion="Active Shallow Crust">
      <areaGeometry>
        <gml:Polygon>
          <gml:exterior>
            <gml:LinearRing>
              <gml:posList>-76.086435 19.452757 -75.52705 19.381311 -75.006483 19.3585 -75.024752 19.882227 -75.53356 19.874506 -76.134096 19.959127</gml:posList>
            </gml:LinearRing>
          </gml:exterior>
        </gml:Polygon>
        <upperSeismoDepth>0.0</upperSeismoDepth>
        <lowerSeismoDepth>50.0</lowerSeismoDepth>
      </areaGeometry>
      <magScaleRel>WC1994</magScaleRel>
      <ruptAspectRatio>1.0</ruptAspectRatio>
      <truncGutenbergRichterMFD aValue="3.18" bValue="0.77" maxMag="7.75" minMag="5.0"/>
      <nodalPlaneDist>
        <nodalPlane dip="90.0" probability="1.0" rake="0.0" strike="0.0"/>
      </nodalPlaneDist>
      <hypoDepthDist>
        <hypoDepth depth=" 10." probability="1.0"/>
      </hypoDepthDist>
    </areaSource>
    <areaSource id="29" name="ZB30" tectonicRegion="Active Shallow Crust">
      <areaGeometry>
        <gml:Polygon>
          <gml:exterior>
            <gml:LinearRing>
              <gml:posList>-73.677376 19.778124 -73.567883 20.184984 -74.668495 19.924856 -75.021708 19.879183 -75.003437 19.3585 -74.635002 19.416353</gml:posList>
            </gml:LinearRing>
          </gml:exterior>
        </gml:Polygon>
        <upperSeismoDepth>0.0</upperSeismoDepth>
        <lowerSeismoDepth>50.0</lowerSeismoDepth>
      </areaGeometry>
      <magScaleRel>WC1994</magScaleRel>
      <ruptAspectRatio>1.0</ruptAspectRatio>
      <truncGutenbergRichterMFD aValue="2.68" bValue="0.82" maxMag="7.25" minMag="5.0"/>
      <nodalPlaneDist>
        <nodalPlane dip="90.0" probability="1.0" rake="0.0" strike="0.0"/>
      </nodalPlaneDist>
      <hypoDepthDist>
        <hypoDepth depth=" 10." probability="1.0"/>
      </hypoDepthDist>
    </areaSource>
    <areaSource id="30" name="ZB31" tectonicRegion="Active Shallow Crust">
      <areaGeometry>
        <gml:Polygon>
          <gml:exterior>
            <gml:LinearRing>
              <gml:posList>-72.4 20.149244 -73.567368 20.184072 -73.675976 19.777967 -70.507429 19.367144 -70.512152 20.113241</gml:posList>
            </gml:LinearRing>
          </gml:exterior>
        </gml:Polygon>
        <upperSeismoDepth>0.0</upperSeismoDepth>
        <lowerSeismoDepth>50.0</lowerSeismoDepth>
      </areaGeometry>
      <magScaleRel>WC1994</magScaleRel>
      <ruptAspectRatio>1.0</ruptAspectRatio>
      <truncGutenbergRichterMFD aValue="2.5" bValue="0.73" maxMag="8.0" minMag="5.0"/>
      <nodalPlaneDist>
        <nodalPlane dip="90.0" probability="1.0" rake="0.0" strike="0.0"/>
      </nodalPlaneDist>
      <hypoDepthDist>
        <hypoDepth depth=" 10." probability="1.0"/>
      </hypoDepthDist>
    </areaSource>
    <areaSource id="31" name="ZB32" tectonicRegion="Active Shallow Crust">
      <areaGeometry>
        <gml:Polygon>
          <gml:exterior>
            <gml:LinearRing>
              <gml:posList>-70.502707 20.117964 -70.516874 19.371866 -68.418074 18.583509 -68.424971 19.258535</gml:posList>
            </gml:LinearRing>
          </gml:exterior>
        </gml:Polygon>
        <upperSeismoDepth>0.0</upperSeismoDepth>
        <lowerSeismoDepth>50.0</lowerSeismoDepth>
      </areaGeometry>
      <magScaleRel>WC1994</magScaleRel>
      <ruptAspectRatio>1.0</ruptAspectRatio>
      <truncGutenbergRichterMFD aValue="3.07" bValue="0.76" maxMag="8.25" minMag="5.0"/>
      <nodalPlaneDist>
        <nodalPlane dip="90.0" probability="1.0" rake="0.0" strike="0.0"/>
      </nodalPlaneDist>
      <hypoDepthDist>
        <hypoDepth depth=" 10." probability="1.0"/>
      </hypoDepthDist>
    </areaSource>
    <areaSource id="32" name="ZB33" tectonicRegion="Active Shallow Crust">
      <areaGeometry>
        <gml:Polygon>
          <gml:exterior>
            <gml:LinearRing>
              <gml:posList>-74.390583 18.769911 -74.247818 18.182653 -71.71212 18.166719 -72.86179 18.702314</gml:posList>
            </gml:LinearRing>
          </gml:exterior>
        </gml:Polygon>
        <upperSeismoDepth>0.0</upperSeismoDepth>
        <lowerSeismoDepth>50.0</lowerSeismoDepth>
      </areaGeometry>
      <magScaleRel>WC1994</magScaleRel>
      <ruptAspectRatio>1.0</ruptAspectRatio>
      <truncGutenbergRichterMFD aValue="1.91" bValue="0.7" maxMag="7.75" minMag="5.0"/>
      <nodalPlaneDist>
        <nodalPlane dip="90.0" probability="1.0" rake="0.0" strike="0.0"/>
      </nodalPlaneDist>
      <hypoDepthDist>
        <hypoDepth depth=" 10." probability="1.0"/>
      </hypoDepthDist>
    </areaSource>
    <areaSource id="33" name="ZB34" tectonicRegion="Active Shallow Crust">
      <areaGeometry>
        <gml:Polygon>
          <gml:exterior>
            <gml:LinearRing>
              <gml:posList>-72.709366 19.13426 -73.490118 19.576685 -73.745163 19.264383 -72.877937 18.710768 -71.913 18.273001 -70.970198 17.846621 -70.972954 18.430559</gml:posList>
            </gml:LinearRing>
          </gml:exterior>
        </gml:Polygon>
        <upperSeismoDepth>0.0</upperSeismoDepth>
        <lowerSeismoDepth>50.0</lowerSeismoDepth>
      </areaGeometry>
      <magScaleRel>WC1994</magScaleRel>
      <ruptAspectRatio>1.0</ruptAspectRatio>
      <truncGutenbergRichterMFD aValue="2.37" bValue="0.79" maxMag="7.75" minMag="5.0"/>
      <nodalPlaneDist>
        <nodalPlane dip="90.0" probability="1.0" rake="0.0" strike="0.0"/>
      </nodalPlaneDist>
      <hypoDepthDist>
        <hypoDepth depth=" 10." probability="1.0"/>
      </hypoDepthDist>
    </areaSource>
    <areaSource id="34" name="ZB35" tectonicRegion="Active Shallow Crust">
      <areaGeometry>
        <gml:Polygon>
          <gml:exterior>
            <gml:LinearRing>
              <gml:posList>-70.205214 18.281054 -70.966263 18.430559 -70.970198 17.841898 -68.478733 17.18342 -68.498333 17.908651</gml:posList>
            </gml:LinearRing>
          </gml:exterior>
        </gml:Polygon>
        <upperSeismoDepth>0.0</upperSeismoDepth>
        <lowerSeismoDepth>50.0</lowerSeismoDepth>
      </areaGeometry>
      <magScaleRel>WC1994</magScaleRel>
      <ruptAspectRatio>1.0</ruptAspectRatio>
      <truncGutenbergRichterMFD aValue="2.04" bValue="0.66" maxMag="7.75" minMag="5.0"/>
      <nodalPlaneDist>
        <nodalPlane dip="90.0" probability="1.0" rake="90.0" strike="0.0"/>
      </nodalPlaneDist>
      <hypoDepthDist>
        <hypoDepth depth=" 10." probability="1.0"/>
      </hypoDepthDist>
    </areaSource>
    <areaSource id="35" name="ZB36" tectonicRegion="Active Shallow Crust">
      <areaGeometry>
        <gml:Polygon>
          <gml:exterior>
            <gml:LinearRing>
              <gml:posList>-71.546297 19.480474 -71.914623 19.168814 -70.261755 18.283789 -69.695669 18.795935</gml:posList>
            </gml:LinearRing>
          </gml:exterior>
        </gml:Polygon>
        <upperSeismoDepth>0.0</upperSeismoDepth>
        <lowerSeismoDepth>50.0</lowerSeismoDepth>
      </areaGeometry>
      <magScaleRel>WC1994</magScaleRel>
      <ruptAspectRatio>1.0</ruptAspectRatio>
      <truncGutenbergRichterMFD aValue="2.04" bValue="0.66" maxMag="7.25" minMag="5.0"/>
      <nodalPlaneDist>
        <nodalPlane dip="90.0" probability="1.0" rake="90.0" strike="0.0"/>
      </nodalPlaneDist>
      <hypoDepthDist>
        <hypoDepth depth=" 10." probability="1.0"/>
      </hypoDepthDist>
    </areaSource>
    <areaSource id="36" name="ZB37" tectonicRegion="Active Shallow Crust">
      <areaGeometry>
        <gml:Polygon>
          <gml:exterior>
            <gml:LinearRing>
              <gml:posList>-69.680248 18.794527 -70.261755 18.288057 -68.006956 17.806986 -67.993631 18.509867</gml:posList>
            </gml:LinearRing>
          </gml:exterior>
        </gml:Polygon>
        <upperSeismoDepth>0.0</upperSeismoDepth>
        <lowerSeismoDepth>50.0</lowerSeismoDepth>
      </areaGeometry>
      <magScaleRel>WC1994</magScaleRel>
      <ruptAspectRatio>1.0</ruptAspectRatio>
      <truncGutenbergRichterMFD aValue="2.06" bValue="0.71" maxMag="7.75" minMag="5.0"/>
      <nodalPlaneDist>
        <nodalPlane dip="90.0" probability="1.0" rake="90.0" strike="0.0"/>
      </nodalPlaneDist>
      <hypoDepthDist>
        <hypoDepth depth=" 10." probability="1.0"/>
      </hypoDepthDist>
    </areaSource>
    <areaSource id="37" name="ZB38" tectonicRegion="Active Shallow Crust">
      <areaGeometry>
        <gml:Polygon>
          <gml:exterior>
            <gml:LinearRing>
              <gml:posList>-78.516594 18.578901 -81.490433 17.978888 -81.61558 17.60961 -78.45299 18.346136</gml:posList>
            </gml:LinearRing>
          </gml:exterior>
        </gml:Polygon>
        <upperSeismoDepth>0.0</upperSeismoDepth>
        <lowerSeismoDepth>50.0</lowerSeismoDepth>
      </areaGeometry>
      <magScaleRel>WC1994</magScaleRel>
      <ruptAspectRatio>1.0</ruptAspectRatio>
      <truncGutenbergRichterMFD aValue="2.37" bValue="1.08" maxMag="7.25" minMag="5.0"/>
      <nodalPlaneDist>
        <nodalPlane dip="90.0" probability="1.0" rake="0.0" strike="0.0"/>
      </nodalPlaneDist>
      <hypoDepthDist>
        <hypoDepth depth=" 10." probability="1.0"/>
      </hypoDepthDist>
    </areaSource>
    <areaSource id="38" name="ZB39" tectonicRegion="Active Shallow Crust">
      <areaGeometry>
        <gml:Polygon>
          <gml:exterior>
            <gml:LinearRing>
              <gml:posList>-76.691324 18.497213 -77.691816 18.747213 -78.516096 18.578501 -78.452452 18.348211 -77.71947 18.418979 -76.883335 18.168055 -76.32497 17.912527 -76.323761 18.332632</gml:posList>
            </gml:LinearRing>
          </gml:exterior>
        </gml:Polygon>
        <upperSeismoDepth>0.0</upperSeismoDepth>
        <lowerSeismoDepth>50.0</lowerSeismoDepth>
      </areaGeometry>
      <magScaleRel>WC1994</magScaleRel>
      <ruptAspectRatio>1.0</ruptAspectRatio>
      <truncGutenbergRichterMFD aValue="2.72" bValue="0.86" maxMag="8.0" minMag="5.0"/>
      <nodalPlaneDist>
        <nodalPlane dip="90.0" probability="1.0" rake="0.0" strike="0.0"/>
      </nodalPlaneDist>
      <hypoDepthDist>
        <hypoDepth depth=" 10." probability="1.0"/>
      </hypoDepthDist>
    </areaSource>
    <areaSource id="39" name="ZB40" tectonicRegion="Active Shallow Crust">
      <areaGeometry>
        <gml:Polygon>
          <gml:exterior>
            <gml:LinearRing>
              <gml:posList>-77.563341 18.180464 -77.854546 18.404196 -78.195467 18.372232 -77.827133 18.112055 -77.712494 17.899912 -77.428392 17.921221</gml:posList>
            </gml:LinearRing>
          </gml:exterior>
        </gml:Polygon>
        <upperSeismoDepth>0.0</upperSeismoDepth>
        <lowerSeismoDepth>50.0</lowerSeismoDepth>
      </areaGeometry>
      <magScaleRel>WC1994</magScaleRel>
      <ruptAspectRatio>1.0</ruptAspectRatio>
      <truncGutenbergRichterMFD aValue="1.05" bValue="0.7" maxMag="6.75" minMag="5.0"/>
      <nodalPlaneDist>
        <nodalPlane dip="90.0" probability="1.0" rake="90.0" strike="0.0"/>
      </nodalPlaneDist>
      <hypoDepthDist>
        <hypoDepth depth=" 10." probability="1.0"/>
      </hypoDepthDist>
    </areaSource>
    <areaSource id="40" name="ZB41" tectonicRegion="Active Shallow Crust">
      <areaGeometry>
        <gml:Polygon>
          <gml:exterior>
            <gml:LinearRing>
              <gml:posList>-76.316843 17.917669 -76.671701 18.07232 -76.91625 17.987013 -77.582895 17.9 -78.944319 17.885435 -78.995281 17.557821 -77.574574 17.52619 -76.799995 17.64187</gml:posList>
            </gml:LinearRing>
          </gml:exterior>
        </gml:Polygon>
        <upperSeismoDepth>0.0</upperSeismoDepth>
        <lowerSeismoDepth>50.0</lowerSeismoDepth>
      </areaGeometry>
      <magScaleRel>WC1994</magScaleRel>
      <ruptAspectRatio>1.0</ruptAspectRatio>
      <truncGutenbergRichterMFD aValue="1.46" bValue="0.54" maxMag="7.75" minMag="5.0"/>
      <nodalPlaneDist>
        <nodalPlane dip="90.0" probability="1.0" rake="90.0" strike="0.0"/>
      </nodalPlaneDist>
      <hypoDepthDist>
        <hypoDepth depth=" 10." probability="1.0"/>
      </hypoDepthDist>
    </areaSource>
    <areaSource id="41" name="ZB42" tectonicRegion="Active Shallow Crust">
      <areaGeometry>
        <gml:Polygon>
          <gml:exterior>
            <gml:LinearRing>
              <gml:posList>-74.245861 18.180716 -74.390005 18.768545 -75.194721 18.567659 -76.329247 18.338121 -76.325609 17.912954 -75.012623 18.042181</gml:posList>
            </gml:LinearRing>
          </gml:exterior>
        </gml:Polygon>
        <upperSeismoDepth>0.0</upperSeismoDepth>
        <lowerSeismoDepth>50.0</lowerSeismoDepth>
      </areaGeometry>
      <magScaleRel>WC1994</magScaleRel>
      <ruptAspectRatio>1.0</ruptAspectRatio>
      <truncGutenbergRichterMFD aValue="1.35" bValue="0.72" maxMag="7.75" minMag="5.0"/>
      <nodalPlaneDist>
        <nodalPlane dip="90.0" probability="1.0" rake="0.0" strike="0.0"/>
      </nodalPlaneDist>
      <hypoDepthDist>
        <hypoDepth depth=" 10." probability="1.0"/>
      </hypoDepthDist>
    </areaSource>
    <areaSource id="42" name="ZB43" tectonicRegion="Active Shallow Crust">
      <areaGeometry>
        <gml:Polygon>
          <gml:exterior>
            <gml:LinearRing>
              <gml:posList>-66.980392 19.283201 -68.425888 19.258902 -68.418411 18.586 -67.997223 18.511232 -66.982281 18.547159</gml:posList>
            </gml:LinearRing>
          </gml:exterior>
        </gml:Polygon>
        <upperSeismoDepth>0.0</upperSeismoDepth>
        <lowerSeismoDepth>50.0</lowerSeismoDepth>
      </areaGeometry>
      <magScaleRel>WC1994</magScaleRel>
      <ruptAspectRatio>1.0</ruptAspectRatio>
      <truncGutenbergRichterMFD aValue="3.73" bValue="0.93" maxMag="7.75" minMag="5.0"/>
      <nodalPlaneDist>
        <nodalPlane dip="90.0" probability="1.0" rake="90.0" strike="0.0"/>
      </nodalPlaneDist>
      <hypoDepthDist>
        <hypoDepth depth=" 10." probability="1.0"/>
      </hypoDepthDist>
    </areaSource>
    <areaSource id="43" name="ZB44" tectonicRegion="Active Shallow Crust">
      <areaGeometry>
        <gml:Polygon>
          <gml:exterior>
            <gml:LinearRing>
              <gml:posList>-67.993473 18.510183 -68.002207 17.812784 -66.982281 17.621737 -66.983509 18.547995</gml:posList>
            </gml:LinearRing>
          </gml:exterior>
        </gml:Polygon>
        <upperSeismoDepth>0.0</upperSeismoDepth>
        <lowerSeismoDepth>50.0</lowerSeismoDepth>
      </areaGeometry>
      <magScaleRel>WC1994</magScaleRel>
      <ruptAspectRatio>1.0</ruptAspectRatio>
      <truncGutenbergRichterMFD aValue="5.43" bValue="1.56" maxMag="7.25" minMag="5.0"/>
      <nodalPlaneDist>
        <nodalPlane dip="90.0" probability="1.0" rake="90.0" strike="0.0"/>
      </nodalPlaneDist>
      <hypoDepthDist>
        <hypoDepth depth=" 10." probability="1.0"/>
      </hypoDepthDist>
    </areaSource>
  </sourceModel>
</nrml>
