id,Region,Taxonomy,Dwellings,Buildings,Repl_cost_USD/bdg,Population
AREA # 01,Dpto. Amazonas,"CR/LDUAL/DUC/H:4,7",18.9,1.3,1080000.0,75.8
AREA # 01,Dpto. Amazonas,"CR/LDUAL/DUC/H:8,19",6.3,0.1,3456000.0,25.3
AREA # 01,Dpto. Amazonas,"CR/LFINF/DNO/H:1,3",105.3,26.3,126000.0,422.5
AREA # 01,Dpto. Amazonas,"CR/LFINF/DUC/H:1,3",102.8,25.7,288000.0,412.5
AREA # 01,Dpto. Amazonas,"CR/LWAL/DNO/H:4,7",3.2,0.2,472500.0,12.8
AREA # 01,Dpto. Amazonas,"CR/LWAL/DUC/H:4,7",3.2,0.2,1080000.0,12.8
AREA # 01,Dpto. Amazonas,"CR/LWAL/DUC/H:8,19",3.2,0.1,3456000.0,12.8
AREA # 01,Dpto. Amazonas,ER+ETR/H:1,10358.6,10358.6,12000.0,43752.8
AREA # 01,Dpto. Amazonas,"ER+ETR/H:1,2",3067.4,2453.8999999999996,15000.0,12956.099999999999
AREA # 01,Dpto. Amazonas,MCF/DNO/H:1,804.8,804.8,12000.0,3399.3
AREA # 01,Dpto. Amazonas,"MCF/DNO/H:1,3",1817.6,1211.7,40500.0,7677.200000000001
AREA # 01,Dpto. Amazonas,"MCF/DUC/H:1,3",1613.1,403.3,126000.0,6813.5
AREA # 01,Dpto. Amazonas,"MR/DUC/H:1,3",14.2,2.8,360000.0,57.0
AREA # 01,Dpto. Amazonas,MUR+ADO/H:1,24171.4,24171.4,12000.0,102095.6
AREA # 01,Dpto. Amazonas,"MUR+ADO/H:1,2",12290.6,9832.5,15000.0,51913.3
AREA # 01,Dpto. Amazonas,"MUR+STDRE/H:1,2",352.2,281.8,15000.0,1487.6
AREA # 01,Dpto. Amazonas,"MUR+STRUB/H:1,2",677.8,542.2,15000.0,2862.9
AREA # 01,Dpto. Amazonas,MUR/H:1,2362.6,2362.6,12000.0,9979.2
AREA # 01,Dpto. Amazonas,"MUR/H:1,3",3456.0,2304.0,18000.0,14597.5
AREA # 01,Dpto. Amazonas,UNK,8442.1,8442.1,12000.0,35657.899999999994
AREA # 01,Dpto. Amazonas,W+WBB/H:1,168.0,168.0,12000.0,709.7
AREA # 01,Dpto. Amazonas,"W+WHE/H:1,3",163.0,108.6,47250.0,688.5
AREA # 01,Dpto. Amazonas,W+WLI/H:1,2913.4,2913.4,31500.0,12305.6
AREA # 01,Dpto. Amazonas,W+WS/H:1,11675.5,11675.5,12000.0,49315.2
AREA # 01,Dpto. Amazonas,"W+WWD/H:1,2",4439.0,3551.2,15000.0,18749.5
AREA # 02,Dpto. Ancash,"CR/LDUAL/DUC/H:4,7",247.8,16.5,1080000.0,1077.0
AREA # 02,Dpto. Ancash,"CR/LDUAL/DUC/H:8,19",82.6,1.7,3456000.0,359.0
AREA # 02,Dpto. Ancash,"CR/LFINF/DNO/H:1,3",1588.8,397.2,126000.0,6905.2
AREA # 02,Dpto. Ancash,"CR/LFINF/DUC/H:1,3",1585.8,396.4,288000.0,6892.2
AREA # 02,Dpto. Ancash,"CR/LWAL/DNO/H:4,7",41.3,2.8,472500.0,179.5
AREA # 02,Dpto. Ancash,"CR/LWAL/DUC/H:4,7",41.3,2.8,1080000.0,179.5
AREA # 02,Dpto. Ancash,"CR/LWAL/DUC/H:8,19",41.3,0.9,3456000.0,179.5
AREA # 02,Dpto. Ancash,ER+ETR/H:1,35928.8,35928.8,12000.0,153785.40000000002
AREA # 02,Dpto. Ancash,"ER+ETR/H:1,2",4545.6,3636.5,15000.0,19456.4
AREA # 02,Dpto. Ancash,MCF/DNO/H:1,5526.700000000001,5526.700000000001,12000.0,23655.8
AREA # 02,Dpto. Ancash,"MCF/DNO/H:1,3",12839.099999999999,8559.4,40500.0,54955.0
AREA # 02,Dpto. Ancash,"MCF/DUC/H:1,3",11832.3,2958.1,126000.0,50645.600000000006
AREA # 02,Dpto. Ancash,"MR/DUC/H:1,3",88.7,17.7,360000.0,385.5
AREA # 02,Dpto. Ancash,MUR+ADO/H:1,83842.2,83842.2,12000.0,358868.2
AREA # 02,Dpto. Ancash,"MUR+ADO/H:1,2",18244.4,14595.5,15000.0,78091.20000000001
AREA # 02,Dpto. Ancash,"MUR+STDRE/H:1,2",616.8,493.4,15000.0,2640.1
AREA # 02,Dpto. Ancash,"MUR+STRUB/H:1,2",1171.2,937.0,15000.0,5013.1
AREA # 02,Dpto. Ancash,MUR/H:1,19211.8,19211.8,12000.0,82232.0
AREA # 02,Dpto. Ancash,"MUR/H:1,3",26345.0,17563.3,18000.0,112764.0
AREA # 02,Dpto. Ancash,UNK,4800.1,4800.1,12000.0,20545.800000000003
AREA # 02,Dpto. Ancash,W+WBB/H:1,15150.0,15150.0,12000.0,64846.3
AREA # 02,Dpto. Ancash,"W+WHE/H:1,3",186.9,124.6,47250.0,800.0
AREA # 02,Dpto. Ancash,W+WLI/H:1,800.9,800.9,31500.0,3428.1
AREA # 02,Dpto. Ancash,W+WS/H:1,1458.3,1458.3,12000.0,6242.0
AREA # 02,Dpto. Ancash,"W+WWD/H:1,2",2180.4,1744.3000000000002,15000.0,9332.7
AREA # 03,Dpto. Apurimac,"CR/LDUAL/DUC/H:4,7",48.0,3.2,1080000.0,186.5
AREA # 03,Dpto. Apurimac,"CR/LDUAL/DUC/H:8,19",16.0,0.3,3456000.0,62.2
AREA # 03,Dpto. Apurimac,"CR/LFINF/DNO/H:1,3",140.7,35.2,126000.0,546.6
AREA # 03,Dpto. Apurimac,"CR/LFINF/DUC/H:1,3",138.6,34.6,288000.0,538.4
AREA # 03,Dpto. Apurimac,"CR/LWAL/DNO/H:4,7",8.0,0.5,472500.0,31.1
AREA # 03,Dpto. Apurimac,"CR/LWAL/DUC/H:4,7",8.0,0.5,1080000.0,31.1
AREA # 03,Dpto. Apurimac,"CR/LWAL/DUC/H:8,19",8.0,0.2,3456000.0,31.1
AREA # 03,Dpto. Apurimac,ER+ETR/H:1,24041.8,24041.8,12000.0,92732.9
AREA # 03,Dpto. Apurimac,"ER+ETR/H:1,2",2293.0,1834.4,15000.0,8844.4
AREA # 03,Dpto. Apurimac,MCF/DNO/H:1,605.8,605.8,12000.0,2336.7
AREA # 03,Dpto. Apurimac,"MCF/DNO/H:1,3",1327.6,885.0999999999999,40500.0,5120.799999999999
AREA # 03,Dpto. Apurimac,"MCF/DUC/H:1,3",1193.3,298.4,126000.0,4602.7
AREA # 03,Dpto. Apurimac,"MR/DUC/H:1,3",24.1,4.8,360000.0,93.6
AREA # 03,Dpto. Apurimac,MUR+ADO/H:1,56101.2,56101.2,12000.0,216390.8
AREA # 03,Dpto. Apurimac,"MUR+ADO/H:1,2",9250.0,7400.0,15000.0,35678.600000000006
AREA # 03,Dpto. Apurimac,"MUR+STDRE/H:1,2",966.8,773.4,15000.0,3729.1000000000004
AREA # 03,Dpto. Apurimac,"MUR+STRUB/H:1,2",2177.2,1741.8,15000.0,8397.8
AREA # 03,Dpto. Apurimac,MUR/H:1,2233.6000000000004,2233.6000000000004,12000.0,8615.3
AREA # 03,Dpto. Apurimac,"MUR/H:1,3",2567.5,1711.6,18000.0,9903.2
AREA # 03,Dpto. Apurimac,UNK,907.9000000000001,907.9000000000001,12000.0,3501.8999999999996
AREA # 03,Dpto. Apurimac,W+WBB/H:1,159.0,159.0,12000.0,613.3
AREA # 03,Dpto. Apurimac,"W+WHE/H:1,3",8.100000000000001,5.4,47250.0,31.299999999999997
AREA # 03,Dpto. Apurimac,W+WLI/H:1,55.5,55.5,31500.0,214.10000000000002
AREA # 03,Dpto. Apurimac,W+WS/H:1,243.89999999999998,243.89999999999998,12000.0,940.7
AREA # 03,Dpto. Apurimac,"W+WWD/H:1,2",263.4,210.7,15000.0,1016.0
AREA # 04,Dpto. Arequipa,"CR/LDUAL/DUC/H:4,7",1487.7,99.2,1080000.0,6094.3
AREA # 04,Dpto. Arequipa,"CR/LDUAL/DUC/H:8,19",495.9,10.3,3456000.0,2031.4
AREA # 04,Dpto. Arequipa,"CR/LFINF/DNO/H:1,3",3872.6,968.1,126000.0,15864.0
AREA # 04,Dpto. Arequipa,"CR/LFINF/DUC/H:1,3",3860.1,965.0,288000.0,15812.8
AREA # 04,Dpto. Arequipa,"CR/LWAL/DNO/H:4,7",248.0,16.5,472500.0,1015.9
AREA # 04,Dpto. Arequipa,"CR/LWAL/DUC/H:4,7",248.0,16.5,1080000.0,1015.9
AREA # 04,Dpto. Arequipa,"CR/LWAL/DUC/H:8,19",248.0,5.2,3456000.0,1015.9
AREA # 04,Dpto. Arequipa,ER+ETR/H:1,4649.3,4649.3,12000.0,18700.0
AREA # 04,Dpto. Arequipa,"ER+ETR/H:1,2",1388.2,1110.6000000000001,15000.0,5583.5
AREA # 04,Dpto. Arequipa,MCF/DNO/H:1,13676.5,13676.5,12000.0,55008.299999999996
AREA # 04,Dpto. Arequipa,"MCF/DNO/H:1,3",31964.5,21309.7,40500.0,128564.5
AREA # 04,Dpto. Arequipa,"MCF/DUC/H:1,3",28804.5,7201.1,126000.0,115854.70000000001
AREA # 04,Dpto. Arequipa,"MR/DUC/H:1,3",433.4,86.7,360000.0,1775.4
AREA # 04,Dpto. Arequipa,MUR+ADO/H:1,10869.7,10869.7,12000.0,43719.1
AREA # 04,Dpto. Arequipa,"MUR+ADO/H:1,2",5572.8,4458.3,15000.0,22414.399999999998
AREA # 04,Dpto. Arequipa,"MUR+STDRE/H:1,2",21010.3,16808.3,15000.0,84505.6
AREA # 04,Dpto. Arequipa,"MUR+STRUB/H:1,2",14878.699999999999,11902.9,15000.0,59843.7
AREA # 04,Dpto. Arequipa,MUR/H:1,46245.0,46245.0,12000.0,186002.1
AREA # 04,Dpto. Arequipa,"MUR/H:1,3",63600.2,42400.1,18000.0,255806.6
AREA # 04,Dpto. Arequipa,UNK,11816.3,11816.3,12000.0,47526.399999999994
AREA # 04,Dpto. Arequipa,W+WBB/H:1,12843.0,12843.0,12000.0,51655.9
AREA # 04,Dpto. Arequipa,"W+WHE/H:1,3",216.4,144.2,47250.0,870.4000000000001
AREA # 04,Dpto. Arequipa,W+WLI/H:1,802.8,802.8,31500.0,3228.8999999999996
AREA # 04,Dpto. Arequipa,W+WS/H:1,1209.5,1209.5,12000.0,4864.8
AREA # 04,Dpto. Arequipa,"W+WWD/H:1,2",5849.8,4679.8,15000.0,23528.5
AREA # 05,Dpto. Ayacucho,"CR/LDUAL/DUC/H:4,7",102.9,6.9,1080000.0,419.3
AREA # 05,Dpto. Ayacucho,"CR/LDUAL/DUC/H:8,19",34.3,0.7,3456000.0,139.8
AREA # 05,Dpto. Ayacucho,"CR/LFINF/DNO/H:1,3",367.7,91.9,126000.0,1498.3
AREA # 05,Dpto. Ayacucho,"CR/LFINF/DUC/H:1,3",364.2,91.0,288000.0,1484.1
AREA # 05,Dpto. Ayacucho,"CR/LWAL/DNO/H:4,7",17.2,1.1,472500.0,70.1
AREA # 05,Dpto. Ayacucho,"CR/LWAL/DUC/H:4,7",17.2,1.1,1080000.0,70.1
AREA # 05,Dpto. Ayacucho,"CR/LWAL/DUC/H:8,19",17.2,0.4,3456000.0,70.1
AREA # 05,Dpto. Ayacucho,ER+ETR/H:1,29000.800000000003,29000.800000000003,12000.0,112200.20000000001
AREA # 05,Dpto. Ayacucho,"ER+ETR/H:1,2",2380.3999999999996,1904.3000000000002,15000.0,9209.5
AREA # 05,Dpto. Ayacucho,MCF/DNO/H:1,1645.0,1645.0,12000.0,6364.299999999999
AREA # 05,Dpto. Ayacucho,"MCF/DNO/H:1,3",3901.6000000000004,2601.0,40500.0,15094.8
AREA # 05,Dpto. Ayacucho,"MCF/DUC/H:1,3",3686.8999999999996,921.7,126000.0,14264.099999999999
AREA # 05,Dpto. Ayacucho,"MR/DUC/H:1,3",38.8,7.8,360000.0,158.1
AREA # 05,Dpto. Ayacucho,MUR+ADO/H:1,67677.2,67677.2,12000.0,261834.1
AREA # 05,Dpto. Ayacucho,"MUR+ADO/H:1,2",9550.599999999999,7640.5,15000.0,36950.0
AREA # 05,Dpto. Ayacucho,"MUR+STDRE/H:1,2",3788.4,3030.7,15000.0,14656.8
AREA # 05,Dpto. Ayacucho,"MUR+STRUB/H:1,2",8307.6,6646.1,15000.0,32141.0
AREA # 05,Dpto. Ayacucho,MUR/H:1,6126.0,6126.0,12000.0,23700.7
AREA # 05,Dpto. Ayacucho,"MUR/H:1,3",7547.299999999999,5031.6,18000.0,29199.5
AREA # 05,Dpto. Ayacucho,UNK,4424.6,4424.6,12000.0,17118.2
AREA # 05,Dpto. Ayacucho,W+WBB/H:1,1579.0,1579.0,12000.0,6108.9
AREA # 05,Dpto. Ayacucho,"W+WHE/H:1,3",108.3,72.2,47250.0,419.0
AREA # 05,Dpto. Ayacucho,W+WLI/H:1,1152.5,1152.5,31500.0,4458.9
AREA # 05,Dpto. Ayacucho,W+WS/H:1,5295.0,5295.0,12000.0,20485.6
AREA # 05,Dpto. Ayacucho,"W+WWD/H:1,2",1130.4,904.4,15000.0,4373.3
AREA # 06,Dpto. Cajamarca,"CR/LDUAL/DUC/H:4,7",325.2,21.7,1080000.0,1394.4
AREA # 06,Dpto. Cajamarca,"CR/LDUAL/DUC/H:8,19",108.4,2.3,3456000.0,464.8
AREA # 06,Dpto. Cajamarca,"CR/LFINF/DNO/H:1,3",975.0,243.8,126000.0,4180.8
AREA # 06,Dpto. Cajamarca,"CR/LFINF/DUC/H:1,3",969.6,242.4,288000.0,4157.6
AREA # 06,Dpto. Cajamarca,"CR/LWAL/DNO/H:4,7",54.2,3.6,472500.0,232.4
AREA # 06,Dpto. Cajamarca,"CR/LWAL/DUC/H:4,7",54.2,3.6,1080000.0,232.4
AREA # 06,Dpto. Cajamarca,"CR/LWAL/DUC/H:8,19",54.2,1.1,3456000.0,232.4
AREA # 06,Dpto. Cajamarca,ER+ETR/H:1,62814.6,62814.6,12000.0,267888.8
AREA # 06,Dpto. Cajamarca,"ER+ETR/H:1,2",7974.0,6379.200000000001,15000.0,34007.2
AREA # 06,Dpto. Cajamarca,MCF/DNO/H:1,3004.7,3004.7,12000.0,12814.3
AREA # 06,Dpto. Cajamarca,"MCF/DNO/H:1,3",7723.0,5148.700000000001,40500.0,32936.7
AREA # 06,Dpto. Cajamarca,"MCF/DUC/H:1,3",8022.400000000001,2005.6,126000.0,34213.5
AREA # 06,Dpto. Cajamarca,"MR/DUC/H:1,3",134.8,27.0,360000.0,578.0
AREA # 06,Dpto. Cajamarca,MUR+ADO/H:1,146637.4,146637.4,12000.0,625372.3999999999
AREA # 06,Dpto. Cajamarca,"MUR+ADO/H:1,2",32102.0,25681.6,15000.0,136907.1
AREA # 06,Dpto. Cajamarca,"MUR+STDRE/H:1,2",3184.0,2547.2,15000.0,13579.0
AREA # 06,Dpto. Cajamarca,"MUR+STRUB/H:1,2",7220.0,5776.0,15000.0,30791.5
AREA # 06,Dpto. Cajamarca,MUR/H:1,9795.6,9795.6,12000.0,41775.8
AREA # 06,Dpto. Cajamarca,"MUR/H:1,3",14467.599999999999,9645.099999999999,18000.0,61700.8
AREA # 06,Dpto. Cajamarca,UNK,5399.0,5399.0,12000.0,23025.4
AREA # 06,Dpto. Cajamarca,W+WBB/H:1,438.0,438.0,12000.0,1867.9
AREA # 06,Dpto. Cajamarca,"W+WHE/H:1,3",43.5,29.0,47250.0,185.5
AREA # 06,Dpto. Cajamarca,W+WLI/H:1,619.2,619.2,31500.0,2640.7
AREA # 06,Dpto. Cajamarca,W+WS/H:1,3415.8999999999996,3415.8999999999996,12000.0,14568.0
AREA # 06,Dpto. Cajamarca,"W+WWD/H:1,2",9862.599999999999,7890.1,15000.0,42061.6
AREA # 07,Prov. Constitucional del Callao,"CR/LDUAL/DUC/H:4,7",2843.1,189.5,1080000.0,12547.9
AREA # 07,Prov. Constitucional del Callao,"CR/LDUAL/DUC/H:8,19",947.7,19.7,3456000.0,4182.6
AREA # 07,Prov. Constitucional del Callao,"CR/LFINF/DNO/H:1,3",5705.2,1426.3,126000.0,25179.7
AREA # 07,Prov. Constitucional del Callao,"CR/LFINF/DUC/H:1,3",5691.4,1422.8,288000.0,25118.8
AREA # 07,Prov. Constitucional del Callao,"CR/LWAL/DNO/H:4,7",473.8,31.6,472500.0,2091.1
AREA # 07,Prov. Constitucional del Callao,"CR/LWAL/DUC/H:4,7",473.8,31.6,1080000.0,2091.1
AREA # 07,Prov. Constitucional del Callao,"CR/LWAL/DUC/H:8,19",473.8,9.9,3456000.0,2091.1
AREA # 07,Prov. Constitucional del Callao,ER+ETR/H:1,649.8,649.8,12000.0,2867.9
AREA # 07,Prov. Constitucional del Callao,"ER+ETR/H:1,2",905.2,724.2,15000.0,3995.1
AREA # 07,Prov. Constitucional del Callao,MCF/DNO/H:1,7241.8,7241.8,12000.0,31961.5
AREA # 07,Prov. Constitucional del Callao,"MCF/DNO/H:1,3",21511.4,14340.9,40500.0,94939.9
AREA # 07,Prov. Constitucional del Callao,"MCF/DUC/H:1,3",27451.6,6862.9,126000.0,121156.8
AREA # 07,Prov. Constitucional del Callao,"MR/DUC/H:1,3",798.4,159.7,360000.0,3523.7
AREA # 07,Prov. Constitucional del Callao,MUR+ADO/H:1,1516.2,1516.2,12000.0,6691.7
AREA # 07,Prov. Constitucional del Callao,"MUR+ADO/H:1,2",3685.8,2948.6,15000.0,16267.2
AREA # 07,Prov. Constitucional del Callao,"MUR+STDRE/H:1,2",206.6,165.3,15000.0,911.8
AREA # 07,Prov. Constitucional del Callao,"MUR+STRUB/H:1,2",143.4,114.7,15000.0,632.9
AREA # 07,Prov. Constitucional del Callao,MUR/H:1,19640.6,19640.6,12000.0,86683.2
AREA # 07,Prov. Constitucional del Callao,"MUR/H:1,3",41528.4,27685.6,18000.0,183284.3
AREA # 07,Prov. Constitucional del Callao,UNK,14049.9,14049.9,12000.0,62008.8
AREA # 07,Prov. Constitucional del Callao,W+WBB/H:1,3383.0,3383.0,12000.0,14930.8
AREA # 07,Prov. Constitucional del Callao,"W+WHE/H:1,3",2623.0,1748.7,47250.0,11576.5
AREA # 07,Prov. Constitucional del Callao,W+WLI/H:1,11078.0,11078.0,31500.0,48892.4
AREA # 07,Prov. Constitucional del Callao,W+WS/H:1,22339.3,22339.3,12000.0,98593.8
AREA # 07,Prov. Constitucional del Callao,"W+WWD/H:1,2",3320.8,2656.6,15000.0,14656.3
AREA # 08,Dpto. Cusco,"CR/LDUAL/DUC/H:4,7",1126.8,75.1,1080000.0,4558.7
AREA # 08,Dpto. Cusco,"CR/LDUAL/DUC/H:8,19",375.6,7.8,3456000.0,1519.6
AREA # 08,Dpto. Cusco,"CR/LFINF/DNO/H:1,3",1502.7,375.7,126000.0,6079.4
AREA # 08,Dpto. Cusco,"CR/LFINF/DUC/H:1,3",1479.3,369.8,288000.0,5984.8
AREA # 08,Dpto. Cusco,"CR/LWAL/DNO/H:4,7",187.8,12.5,472500.0,759.8
AREA # 08,Dpto. Cusco,"CR/LWAL/DUC/H:4,7",187.8,12.5,1080000.0,759.8
AREA # 08,Dpto. Cusco,"CR/LWAL/DUC/H:8,19",187.8,3.9,3456000.0,759.8
AREA # 08,Dpto. Cusco,ER+ETR/H:1,49916.100000000006,49916.100000000006,12000.0,199114.09999999998
AREA # 08,Dpto. Cusco,"ER+ETR/H:1,2",11306.8,9045.400000000001,15000.0,45102.600000000006
AREA # 08,Dpto. Cusco,MCF/DNO/H:1,2049.0,2049.0,12000.0,8173.4
AREA # 08,Dpto. Cusco,"MCF/DNO/H:1,3",5831.5,3887.6,40500.0,23261.7
AREA # 08,Dpto. Cusco,"MCF/DUC/H:1,3",7848.8,1962.2,126000.0,31308.699999999997
AREA # 08,Dpto. Cusco,"MR/DUC/H:1,3",306.4,61.3,360000.0,1239.6
AREA # 08,Dpto. Cusco,MUR+ADO/H:1,116506.9,116506.9,12000.0,464743.19999999995
AREA # 08,Dpto. Cusco,"MUR+ADO/H:1,2",45760.2,36608.2,15000.0,182536.3
AREA # 08,Dpto. Cusco,"MUR+STDRE/H:1,2",4718.3,3774.6000000000004,15000.0,18821.199999999997
AREA # 08,Dpto. Cusco,"MUR+STRUB/H:1,2",9346.7,7477.3,15000.0,37283.7
AREA # 08,Dpto. Cusco,MUR/H:1,5855.4,5855.4,12000.0,23357.0
AREA # 08,Dpto. Cusco,"MUR/H:1,3",10488.1,6992.1,18000.0,41836.8
AREA # 08,Dpto. Cusco,UNK,6110.0,6110.0,12000.0,24372.6
AREA # 08,Dpto. Cusco,W+WBB/H:1,517.0,517.0,12000.0,2062.3
AREA # 08,Dpto. Cusco,"W+WHE/H:1,3",388.20000000000005,258.8,47250.0,1548.5
AREA # 08,Dpto. Cusco,W+WLI/H:1,2620.5,2620.5,31500.0,10453.2
AREA # 08,Dpto. Cusco,W+WS/H:1,8156.900000000001,8156.900000000001,12000.0,32537.7
AREA # 08,Dpto. Cusco,"W+WWD/H:1,2",809.4,647.6,15000.0,3228.7
AREA # 09,Dpto. Huancavelica,"CR/LDUAL/DUC/H:4,7",10.2,0.7,1080000.0,41.1
AREA # 09,Dpto. Huancavelica,"CR/LDUAL/DUC/H:8,19",3.4,0.1,3456000.0,13.7
AREA # 09,Dpto. Huancavelica,"CR/LFINF/DNO/H:1,3",54.2,13.6,126000.0,218.4
AREA # 09,Dpto. Huancavelica,"CR/LFINF/DUC/H:1,3",51.9,13.0,288000.0,209.1
AREA # 09,Dpto. Huancavelica,"CR/LWAL/DNO/H:4,7",1.7,0.1,472500.0,6.8
AREA # 09,Dpto. Huancavelica,"CR/LWAL/DUC/H:4,7",1.7,0.1,1080000.0,6.8
AREA # 09,Dpto. Huancavelica,"CR/LWAL/DUC/H:8,19",1.7,0.0,3456000.0,6.8
AREA # 09,Dpto. Huancavelica,ER+ETR/H:1,26461.9,26461.9,12000.0,108155.4
AREA # 09,Dpto. Huancavelica,"ER+ETR/H:1,2",1598.4,1278.7,15000.0,6533.0
AREA # 09,Dpto. Huancavelica,MCF/DNO/H:1,427.4,427.4,12000.0,1746.9
AREA # 09,Dpto. Huancavelica,"MCF/DNO/H:1,3",900.0,600.0,40500.0,3678.4
AREA # 09,Dpto. Huancavelica,"MCF/DUC/H:1,3",933.4,233.39999999999998,126000.0,3815.0
AREA # 09,Dpto. Huancavelica,"MR/DUC/H:1,3",7.7,1.5,360000.0,31.0
AREA # 09,Dpto. Huancavelica,MUR+ADO/H:1,61749.100000000006,61749.100000000006,12000.0,252381.7
AREA # 09,Dpto. Huancavelica,"MUR+ADO/H:1,2",6426.599999999999,5141.2,15000.0,26266.9
AREA # 09,Dpto. Huancavelica,"MUR+STDRE/H:1,2",2403.4,1922.8000000000002,15000.0,9823.2
AREA # 09,Dpto. Huancavelica,"MUR+STRUB/H:1,2",5390.6,4312.5,15000.0,22032.6
AREA # 09,Dpto. Huancavelica,MUR/H:1,1495.8,1495.8,12000.0,6113.599999999999
AREA # 09,Dpto. Huancavelica,"MUR/H:1,3",1715.7,1143.8,18000.0,7012.4
AREA # 09,Dpto. Huancavelica,UNK,912.3,912.3,12000.0,3728.8
AREA # 09,Dpto. Huancavelica,W+WBB/H:1,208.0,208.0,12000.0,850.0999999999999
AREA # 09,Dpto. Huancavelica,"W+WHE/H:1,3",24.400000000000002,16.3,47250.0,99.69999999999999
AREA # 09,Dpto. Huancavelica,W+WLI/H:1,78.2,78.2,31500.0,319.6
AREA # 09,Dpto. Huancavelica,W+WS/H:1,166.10000000000002,166.10000000000002,12000.0,678.9
AREA # 09,Dpto. Huancavelica,"W+WWD/H:1,2",251.2,201.0,15000.0,1026.8
AREA # 10,Dpto. Huanuco,"CR/LDUAL/DUC/H:4,7",242.1,16.1,1080000.0,1055.3
AREA # 10,Dpto. Huanuco,"CR/LDUAL/DUC/H:8,19",80.7,1.7,3456000.0,351.8
AREA # 10,Dpto. Huanuco,"CR/LFINF/DNO/H:1,3",686.2,171.6,126000.0,2991.2
AREA # 10,Dpto. Huanuco,"CR/LFINF/DUC/H:1,3",682.0,170.5,288000.0,2972.9
AREA # 10,Dpto. Huanuco,"CR/LWAL/DNO/H:4,7",40.4,2.7,472500.0,176.1
AREA # 10,Dpto. Huanuco,"CR/LWAL/DUC/H:4,7",40.4,2.7,1080000.0,176.1
AREA # 10,Dpto. Huanuco,"CR/LWAL/DUC/H:8,19",40.4,0.8,3456000.0,176.1
AREA # 10,Dpto. Huanuco,ER+ETR/H:1,28388.6,28388.6,12000.0,123266.70000000001
AREA # 10,Dpto. Huanuco,"ER+ETR/H:1,2",2608.2,2086.5,15000.0,11325.1
AREA # 10,Dpto. Huanuco,MCF/DNO/H:1,2480.3999999999996,2480.3999999999996,12000.0,10770.2
AREA # 10,Dpto. Huanuco,"MCF/DNO/H:1,3",6105.799999999999,4070.5,40500.0,26512.199999999997
AREA # 10,Dpto. Huanuco,"MCF/DUC/H:1,3",5572.4,1393.1,126000.0,24196.0
AREA # 10,Dpto. Huanuco,"MR/DUC/H:1,3",123.0,24.6,360000.0,536.2
AREA # 10,Dpto. Huanuco,MUR+ADO/H:1,66258.4,66258.4,12000.0,287701.80000000005
AREA # 10,Dpto. Huanuco,"MUR+ADO/H:1,2",10480.8,8384.7,15000.0,45508.899999999994
AREA # 10,Dpto. Huanuco,"MUR+STDRE/H:1,2",859.3,687.4000000000001,15000.0,3731.1000000000004
AREA # 10,Dpto. Huanuco,"MUR+STRUB/H:1,2",1831.7,1465.3,15000.0,7953.4
AREA # 10,Dpto. Huanuco,MUR/H:1,7669.2,7669.2,12000.0,33300.6
AREA # 10,Dpto. Huanuco,"MUR/H:1,3",11351.8,7567.8,18000.0,49290.9
AREA # 10,Dpto. Huanuco,UNK,8172.099999999999,8172.099999999999,12000.0,35484.2
AREA # 10,Dpto. Huanuco,W+WBB/H:1,356.0,356.0,12000.0,1545.8
AREA # 10,Dpto. Huanuco,"W+WHE/H:1,3",831.4000000000001,554.3,47250.0,3610.0
AREA # 10,Dpto. Huanuco,W+WLI/H:1,6564.4,6564.4,31500.0,28503.399999999998
AREA # 10,Dpto. Huanuco,W+WS/H:1,12802.7,12802.7,12000.0,55590.899999999994
AREA # 10,Dpto. Huanuco,"W+WWD/H:1,2",1265.8000000000002,1012.5999999999999,15000.0,5496.3
AREA # 11,Dpto. Ica,"CR/LDUAL/DUC/H:4,7",313.8,20.9,1080000.0,1347.7
AREA # 11,Dpto. Ica,"CR/LDUAL/DUC/H:8,19",104.6,2.2,3456000.0,449.2
AREA # 11,Dpto. Ica,"CR/LFINF/DNO/H:1,3",1810.0,452.5,126000.0,7773.8
AREA # 11,Dpto. Ica,"CR/LFINF/DUC/H:1,3",1805.3,451.3,288000.0,7753.6
AREA # 11,Dpto. Ica,"CR/LWAL/DNO/H:4,7",52.3,3.5,472500.0,224.6
AREA # 11,Dpto. Ica,"CR/LWAL/DUC/H:4,7",52.3,3.5,1080000.0,224.6
AREA # 11,Dpto. Ica,"CR/LWAL/DUC/H:8,19",52.3,1.1,3456000.0,224.6
AREA # 11,Dpto. Ica,ER+ETR/H:1,6904.5,6904.5,12000.0,29262.5
AREA # 11,Dpto. Ica,"ER+ETR/H:1,2",5386.2,4309.0,15000.0,22827.7
AREA # 11,Dpto. Ica,MCF/DNO/H:1,4660.3,4660.3,12000.0,19751.199999999997
AREA # 11,Dpto. Ica,"MCF/DNO/H:1,3",11489.199999999999,7659.4,40500.0,48693.299999999996
AREA # 11,Dpto. Ica,"MCF/DUC/H:1,3",11977.0,2994.2,126000.0,50760.6
AREA # 11,Dpto. Ica,"MR/DUC/H:1,3",111.8,22.4,360000.0,480.2
AREA # 11,Dpto. Ica,MUR+ADO/H:1,16137.5,16137.5,12000.0,68393.59999999999
AREA # 11,Dpto. Ica,"MUR+ADO/H:1,2",21575.8,17260.7,15000.0,91442.2
AREA # 11,Dpto. Ica,"MUR+STDRE/H:1,2",118.3,94.7,15000.0,501.4
AREA # 11,Dpto. Ica,"MUR+STRUB/H:1,2",170.7,136.6,15000.0,723.4000000000001
AREA # 11,Dpto. Ica,MUR/H:1,16493.600000000002,16493.600000000002,12000.0,69902.8
AREA # 11,Dpto. Ica,"MUR/H:1,3",23546.7,15697.8,18000.0,99795.09999999999
AREA # 11,Dpto. Ica,UNK,11295.5,11295.5,12000.0,47872.299999999996
AREA # 11,Dpto. Ica,W+WBB/H:1,28439.0,28439.0,12000.0,120529.6
AREA # 11,Dpto. Ica,"W+WHE/H:1,3",86.7,57.8,47250.0,367.5
AREA # 11,Dpto. Ica,W+WLI/H:1,412.3,412.3,31500.0,1747.4
AREA # 11,Dpto. Ica,W+WS/H:1,1051.7,1051.7,12000.0,4457.2
AREA # 11,Dpto. Ica,"W+WWD/H:1,2",3875.6,3100.5,15000.0,16425.5
AREA # 12,Dpto. Junin,"CR/LDUAL/DUC/H:4,7",753.9,50.3,1080000.0,3267.3
AREA # 12,Dpto. Junin,"CR/LDUAL/DUC/H:8,19",251.3,5.2,3456000.0,1089.1
AREA # 12,Dpto. Junin,"CR/LFINF/DNO/H:1,3",1828.8,457.2,126000.0,7925.6
AREA # 12,Dpto. Junin,"CR/LFINF/DUC/H:1,3",1817.1,454.3,288000.0,7874.9
AREA # 12,Dpto. Junin,"CR/LWAL/DNO/H:4,7",125.6,8.4,472500.0,544.3
AREA # 12,Dpto. Junin,"CR/LWAL/DUC/H:4,7",125.6,8.4,1080000.0,544.3
AREA # 12,Dpto. Junin,"CR/LWAL/DUC/H:8,19",125.6,2.6,3456000.0,544.3
AREA # 12,Dpto. Junin,ER+ETR/H:1,26633.1,26633.1,12000.0,113675.59999999999
AREA # 12,Dpto. Junin,"ER+ETR/H:1,2",7281.8,5825.4,15000.0,31080.3
AREA # 12,Dpto. Junin,MCF/DNO/H:1,6760.5,6760.5,12000.0,28855.2
AREA # 12,Dpto. Junin,"MCF/DNO/H:1,3",16203.4,10802.2,40500.0,69159.4
AREA # 12,Dpto. Junin,"MCF/DUC/H:1,3",15276.0,3819.0,126000.0,65201.200000000004
AREA # 12,Dpto. Junin,"MR/DUC/H:1,3",304.9,61.0,360000.0,1321.4
AREA # 12,Dpto. Junin,MUR+ADO/H:1,62157.9,62157.9,12000.0,265302.8
AREA # 12,Dpto. Junin,"MUR+ADO/H:1,2",29396.2,23517.0,15000.0,125469.0
AREA # 12,Dpto. Junin,"MUR+STDRE/H:1,2",871.4000000000001,697.1,15000.0,3719.3
AREA # 12,Dpto. Junin,"MUR+STRUB/H:1,2",1618.6,1294.9,15000.0,6908.5
AREA # 12,Dpto. Junin,MUR/H:1,25989.4,25989.4,12000.0,110928.1
AREA # 12,Dpto. Junin,"MUR/H:1,3",30555.0,20370.0,18000.0,130415.1
AREA # 12,Dpto. Junin,UNK,18797.7,18797.7,12000.0,80232.4
AREA # 12,Dpto. Junin,W+WBB/H:1,442.0,442.0,12000.0,1886.5
AREA # 12,Dpto. Junin,"W+WHE/H:1,3",894.5,596.3,47250.0,3817.9
AREA # 12,Dpto. Junin,W+WLI/H:1,7184.5,7184.5,31500.0,30664.899999999998
AREA # 12,Dpto. Junin,W+WS/H:1,24244.300000000003,24244.300000000003,12000.0,103479.70000000001
AREA # 12,Dpto. Junin,"W+WWD/H:1,2",7395.799999999999,5916.6,15000.0,31566.800000000003
AREA # 13,Dpto. La Libertad,"CR/LDUAL/DUC/H:4,7",1911.9,127.5,1080000.0,8514.5
AREA # 13,Dpto. La Libertad,"CR/LDUAL/DUC/H:8,19",637.3,13.3,3456000.0,2838.2
AREA # 13,Dpto. La Libertad,"CR/LFINF/DNO/H:1,3",3915.1,978.8,126000.0,17435.7
AREA # 13,Dpto. La Libertad,"CR/LFINF/DUC/H:1,3",3908.5,977.1,288000.0,17406.3
AREA # 13,Dpto. La Libertad,"CR/LWAL/DNO/H:4,7",318.7,21.2,472500.0,1419.3
AREA # 13,Dpto. La Libertad,"CR/LWAL/DUC/H:4,7",318.7,21.2,1080000.0,1419.3
AREA # 13,Dpto. La Libertad,"CR/LWAL/DUC/H:8,19",318.7,6.6,3456000.0,1419.3
AREA # 13,Dpto. La Libertad,ER+ETR/H:1,47804.6,47804.6,12000.0,212215.3
AREA # 13,Dpto. La Libertad,"ER+ETR/H:1,2",13047.0,10437.6,15000.0,57918.5
AREA # 13,Dpto. La Libertad,MCF/DNO/H:1,7257.5,7257.5,12000.0,32217.699999999997
AREA # 13,Dpto. La Libertad,"MCF/DNO/H:1,3",19150.9,12767.3,40500.0,85015.2
AREA # 13,Dpto. La Libertad,"MCF/DUC/H:1,3",21274.7,5318.7,126000.0,94443.1
AREA # 13,Dpto. La Libertad,"MR/DUC/H:1,3",487.8,97.6,360000.0,2172.4
AREA # 13,Dpto. La Libertad,MUR+ADO/H:1,111562.4,111562.4,12000.0,495250.6
AREA # 13,Dpto. La Libertad,"MUR+ADO/H:1,2",52320.0,41856.0,15000.0,232260.30000000002
AREA # 13,Dpto. La Libertad,"MUR+STDRE/H:1,2",910.6999999999999,728.5,15000.0,4042.8
AREA # 13,Dpto. La Libertad,"MUR+STRUB/H:1,2",1606.3000000000002,1285.1,15000.0,7130.700000000001
AREA # 13,Dpto. La Libertad,MUR/H:1,27028.800000000003,27028.800000000003,12000.0,119986.9
AREA # 13,Dpto. La Libertad,"MUR/H:1,3",37974.6,25316.4,18000.0,168577.8
AREA # 13,Dpto. La Libertad,UNK,5264.6,5264.6,12000.0,23370.7
AREA # 13,Dpto. La Libertad,W+WBB/H:1,4452.0,4452.0,12000.0,19763.4
AREA # 13,Dpto. La Libertad,"W+WHE/H:1,3",99.5,66.3,47250.0,441.70000000000005
AREA # 13,Dpto. La Libertad,W+WLI/H:1,363.9,363.9,31500.0,1615.4
AREA # 13,Dpto. La Libertad,W+WS/H:1,653.8,653.8,12000.0,2902.3
AREA # 13,Dpto. La Libertad,"W+WWD/H:1,2",1638.2,1310.5,15000.0,7272.3
AREA # 14,Dpto. Lambayeque,"CR/LDUAL/DUC/H:4,7",1237.2,82.5,1080000.0,5663.8
AREA # 14,Dpto. Lambayeque,"CR/LDUAL/DUC/H:8,19",412.4,8.6,3456000.0,1887.9
AREA # 14,Dpto. Lambayeque,"CR/LFINF/DNO/H:1,3",3428.6,857.1,126000.0,15695.7
AREA # 14,Dpto. Lambayeque,"CR/LFINF/DUC/H:1,3",3417.4,854.4,288000.0,15644.5
AREA # 14,Dpto. Lambayeque,"CR/LWAL/DNO/H:4,7",206.2,13.7,472500.0,944.0
AREA # 14,Dpto. Lambayeque,"CR/LWAL/DUC/H:4,7",206.2,13.7,1080000.0,944.0
AREA # 14,Dpto. Lambayeque,"CR/LWAL/DUC/H:8,19",206.2,4.3,3456000.0,944.0
AREA # 14,Dpto. Lambayeque,ER+ETR/H:1,23914.3,23914.3,12000.0,110339.09999999999
AREA # 14,Dpto. Lambayeque,"ER+ETR/H:1,2",8334.2,6667.3,15000.0,38453.5
AREA # 14,Dpto. Lambayeque,MCF/DNO/H:1,6004.9,6004.9,12000.0,27706.3
AREA # 14,Dpto. Lambayeque,"MCF/DNO/H:1,3",15927.3,10618.2,40500.0,73487.59999999999
AREA # 14,Dpto. Lambayeque,"MCF/DUC/H:1,3",18578.5,4644.7,126000.0,85720.0
AREA # 14,Dpto. Lambayeque,"MR/DUC/H:1,3",357.5,71.5,360000.0,1636.6
AREA # 14,Dpto. Lambayeque,MUR+ADO/H:1,55837.7,55837.7,12000.0,257631.7
AREA # 14,Dpto. Lambayeque,"MUR+ADO/H:1,2",33499.8,26799.800000000003,15000.0,154566.0
AREA # 14,Dpto. Lambayeque,"MUR+STDRE/H:1,2",182.1,145.7,15000.0,840.2
AREA # 14,Dpto. Lambayeque,"MUR+STRUB/H:1,2",212.9,170.3,15000.0,982.3000000000001
AREA # 14,Dpto. Lambayeque,MUR/H:1,23413.0,23413.0,12000.0,108026.1
AREA # 14,Dpto. Lambayeque,"MUR/H:1,3",32115.800000000003,21410.6,18000.0,148180.3
AREA # 14,Dpto. Lambayeque,UNK,5280.0,5280.0,12000.0,24361.6
AREA # 14,Dpto. Lambayeque,W+WBB/H:1,2141.0,2141.0,12000.0,9878.4
AREA # 14,Dpto. Lambayeque,"W+WHE/H:1,3",43.0,28.6,47250.0,198.39999999999998
AREA # 14,Dpto. Lambayeque,W+WLI/H:1,176.0,176.0,31500.0,812.1
AREA # 14,Dpto. Lambayeque,W+WS/H:1,456.2,456.2,12000.0,2104.8
AREA # 14,Dpto. Lambayeque,"W+WWD/H:1,2",5682.6,4546.099999999999,15000.0,26219.2
AREA # 15,Dpto. Lima,"CR/LDUAL/DUC/H:4,7",49481.7,3298.8,1080000.0,218088.3
AREA # 15,Dpto. Lima,"CR/LDUAL/DUC/H:8,19",16493.9,343.6,3456000.0,72696.1
AREA # 15,Dpto. Lima,"CR/LFINF/DNO/H:1,3",66978.1,16744.5,126000.0,295202.8
AREA # 15,Dpto. Lima,"CR/LFINF/DUC/H:1,3",66843.0,16710.8,288000.0,294607.4
AREA # 15,Dpto. Lima,"CR/LWAL/DNO/H:4,7",8247.0,549.8,472500.0,36348.3
AREA # 15,Dpto. Lima,"CR/LWAL/DUC/H:4,7",8247.0,549.8,1080000.0,36348.3
AREA # 15,Dpto. Lima,"CR/LWAL/DUC/H:8,19",8247.0,171.8,3456000.0,36348.3
AREA # 15,Dpto. Lima,ER+ETR/H:1,23057.6,23057.6,12000.0,101273.59999999999
AREA # 15,Dpto. Lima,"ER+ETR/H:1,2",18651.399999999998,14921.1,15000.0,81920.70000000001
AREA # 15,Dpto. Lima,MCF/DNO/H:1,74235.0,74235.0,12000.0,326055.1
AREA # 15,Dpto. Lima,"MCF/DNO/H:1,3",232189.4,154793.0,40500.0,1019822.8999999999
AREA # 15,Dpto. Lima,"MCF/DUC/H:1,3",287913.4,71978.4,126000.0,1264574.0999999999
AREA # 15,Dpto. Lima,"MR/DUC/H:1,3",12837.4,2567.5,360000.0,56580.2
AREA # 15,Dpto. Lima,MUR+ADO/H:1,53836.4,53836.4,12000.0,236460.4
AREA # 15,Dpto. Lima,"MUR+ADO/H:1,2",75998.6,60798.8,15000.0,333801.2
AREA # 15,Dpto. Lima,"MUR+STDRE/H:1,2",2943.6000000000004,2354.9,15000.0,12928.9
AREA # 15,Dpto. Lima,"MUR+STRUB/H:1,2",3200.4,2560.3,15000.0,14056.8
AREA # 15,Dpto. Lima,MUR/H:1,227096.4,227096.4,12000.0,997453.5
AREA # 15,Dpto. Lima,"MUR/H:1,3",422846.6,281897.8,18000.0,1857228.0
AREA # 15,Dpto. Lima,UNK,91058.8,91058.8,12000.0,399948.7
AREA # 15,Dpto. Lima,W+WBB/H:1,41765.0,41765.0,12000.0,183440.4
AREA # 15,Dpto. Lima,"W+WHE/H:1,3",7241.900000000001,4828.0,47250.0,31807.899999999998
AREA # 15,Dpto. Lima,W+WLI/H:1,31842.699999999997,31842.699999999997,31500.0,139859.6
AREA # 15,Dpto. Lima,W+WS/H:1,77079.4,77079.4,12000.0,338548.3
AREA # 15,Dpto. Lima,"W+WWD/H:1,2",13617.599999999999,10894.0,15000.0,59811.200000000004
AREA # 16,Dpto. Loreto,"CR/LDUAL/DUC/H:4,7",72.6,4.8,1080000.0,376.1
AREA # 16,Dpto. Loreto,"CR/LDUAL/DUC/H:8,19",24.2,0.5,3456000.0,125.4
AREA # 16,Dpto. Loreto,"CR/LFINF/DNO/H:1,3",505.1,126.3,126000.0,2616.7
AREA # 16,Dpto. Loreto,"CR/LFINF/DUC/H:1,3",504.3,126.1,288000.0,2612.5
AREA # 16,Dpto. Loreto,"CR/LWAL/DNO/H:4,7",12.1,0.8,472500.0,62.7
AREA # 16,Dpto. Loreto,"CR/LWAL/DUC/H:4,7",12.1,0.8,1080000.0,62.7
AREA # 16,Dpto. Loreto,"CR/LWAL/DUC/H:8,19",12.1,0.3,3456000.0,62.7
AREA # 16,Dpto. Loreto,ER+ETR/H:1,212.0,212.0,12000.0,1106.6
AREA # 16,Dpto. Loreto,"ER+ETR/H:1,2",103.80000000000001,83.0,15000.0,541.8
AREA # 16,Dpto. Loreto,MCF/DNO/H:1,3465.1,3465.1,12000.0,18088.6
AREA # 16,Dpto. Loreto,"MCF/DNO/H:1,3",8265.1,5510.0,40500.0,43145.8
AREA # 16,Dpto. Loreto,"MCF/DUC/H:1,3",7020.1,1755.0,126000.0,36646.6
AREA # 16,Dpto. Loreto,"MR/DUC/H:1,3",28.2,5.6,360000.0,146.1
AREA # 16,Dpto. Loreto,MUR+ADO/H:1,508.0,508.0,12000.0,2651.8
AREA # 16,Dpto. Loreto,"MUR+ADO/H:1,2",417.2,333.7,15000.0,2177.9
AREA # 16,Dpto. Loreto,"MUR+STDRE/H:1,2",124.19999999999999,99.4,15000.0,648.3
AREA # 16,Dpto. Loreto,"MUR+STRUB/H:1,2",137.8,110.2,15000.0,719.3
AREA # 16,Dpto. Loreto,MUR/H:1,12101.0,12101.0,12000.0,63170.1
AREA # 16,Dpto. Loreto,"MUR/H:1,3",15965.0,10643.3,18000.0,83341.1
AREA # 16,Dpto. Loreto,UNK,29876.199999999997,29876.199999999997,12000.0,155960.90000000002
AREA # 16,Dpto. Loreto,W+WBB/H:1,1918.0,1918.0,12000.0,10012.4
AREA # 16,Dpto. Loreto,"W+WHE/H:1,3",5290.9,3527.3,47250.0,27619.8
AREA # 16,Dpto. Loreto,W+WLI/H:1,38927.5,38927.5,31500.0,203210.80000000002
AREA # 16,Dpto. Loreto,W+WS/H:1,44600.4,44600.4,12000.0,232824.8
AREA # 16,Dpto. Loreto,"W+WWD/H:1,2",728.0,582.4000000000001,15000.0,3800.3
AREA # 17,Dpto. Madre de Dios,"CR/LDUAL/DUC/H:4,7",11.4,0.8,1080000.0,46.9
AREA # 17,Dpto. Madre de Dios,"CR/LDUAL/DUC/H:8,19",3.8,0.1,3456000.0,15.6
AREA # 17,Dpto. Madre de Dios,"CR/LFINF/DNO/H:1,3",81.7,20.4,126000.0,336.4
AREA # 17,Dpto. Madre de Dios,"CR/LFINF/DUC/H:1,3",79.4,19.9,288000.0,326.9
AREA # 17,Dpto. Madre de Dios,"CR/LWAL/DNO/H:4,7",1.9,0.1,472500.0,7.8
AREA # 17,Dpto. Madre de Dios,"CR/LWAL/DUC/H:4,7",1.9,0.1,1080000.0,7.8
AREA # 17,Dpto. Madre de Dios,"CR/LWAL/DUC/H:8,19",1.9,0.0,3456000.0,7.8
AREA # 17,Dpto. Madre de Dios,ER+ETR/H:1,16.3,16.3,12000.0,67.3
AREA # 17,Dpto. Madre de Dios,"ER+ETR/H:1,2",19.4,15.5,15000.0,80.2
AREA # 17,Dpto. Madre de Dios,MCF/DNO/H:1,707.2,707.2,12000.0,2922.0
AREA # 17,Dpto. Madre de Dios,"MCF/DNO/H:1,3",1494.5,996.3,40500.0,6174.9
AREA # 17,Dpto. Madre de Dios,"MCF/DUC/H:1,3",1522.1999999999998,380.5,126000.0,6289.4
AREA # 17,Dpto. Madre de Dios,"MR/DUC/H:1,3",9.6,1.9,360000.0,39.5
AREA # 17,Dpto. Madre de Dios,MUR+ADO/H:1,40.7,40.7,12000.0,168.2
AREA # 17,Dpto. Madre de Dios,"MUR+ADO/H:1,2",78.6,62.8,15000.0,324.8
AREA # 17,Dpto. Madre de Dios,"MUR+STDRE/H:1,2",51.1,40.9,15000.0,211.10000000000002
AREA # 17,Dpto. Madre de Dios,"MUR+STRUB/H:1,2",25.9,20.7,15000.0,107.0
AREA # 17,Dpto. Madre de Dios,MUR/H:1,1610.3999999999999,1610.3999999999999,12000.0,6653.8
AREA # 17,Dpto. Madre de Dios,"MUR/H:1,3",2852.5,1901.6999999999998,18000.0,11785.800000000001
AREA # 17,Dpto. Madre de Dios,UNK,4680.2,4680.2,12000.0,19337.5
AREA # 17,Dpto. Madre de Dios,W+WBB/H:1,66.0,66.0,12000.0,272.70000000000005
AREA # 17,Dpto. Madre de Dios,"W+WHE/H:1,3",1374.4,916.3,47250.0,5678.7
AREA # 17,Dpto. Madre de Dios,W+WLI/H:1,5239.0,5239.0,31500.0,21646.3
AREA # 17,Dpto. Madre de Dios,W+WS/H:1,6485.799999999999,6485.799999999999,12000.0,26797.800000000003
AREA # 17,Dpto. Madre de Dios,"W+WWD/H:1,2",60.2,48.099999999999994,15000.0,248.8
AREA # 18,Dpto. Moquegua,"CR/LDUAL/DUC/H:4,7",249.3,16.6,1080000.0,860.4
AREA # 18,Dpto. Moquegua,"CR/LDUAL/DUC/H:8,19",83.1,1.7,3456000.0,286.8
AREA # 18,Dpto. Moquegua,"CR/LFINF/DNO/H:1,3",493.8,123.5,126000.0,1704.3
AREA # 18,Dpto. Moquegua,"CR/LFINF/DUC/H:1,3",493.4,123.3,288000.0,1702.9
AREA # 18,Dpto. Moquegua,"CR/LWAL/DNO/H:4,7",41.6,2.8,472500.0,143.6
AREA # 18,Dpto. Moquegua,"CR/LWAL/DUC/H:4,7",41.6,2.8,1080000.0,143.6
AREA # 18,Dpto. Moquegua,"CR/LWAL/DUC/H:8,19",41.6,0.9,3456000.0,143.6
AREA # 18,Dpto. Moquegua,ER+ETR/H:1,3333.5,3333.5,12000.0,11316.6
AREA # 18,Dpto. Moquegua,"ER+ETR/H:1,2",534.6,427.70000000000005,15000.0,1814.9
AREA # 18,Dpto. Moquegua,MCF/DNO/H:1,1823.0,1823.0,12000.0,6188.8
AREA # 18,Dpto. Moquegua,"MCF/DNO/H:1,3",4218.8,2812.5,40500.0,14322.0
AREA # 18,Dpto. Moquegua,"MCF/DUC/H:1,3",3383.5,845.9,126000.0,11486.3
AREA # 18,Dpto. Moquegua,"MR/DUC/H:1,3",77.2,15.4,360000.0,266.4
AREA # 18,Dpto. Moquegua,MUR+ADO/H:1,7782.5,7782.5,12000.0,26420.1
AREA # 18,Dpto. Moquegua,"MUR+ADO/H:1,2",2142.4,1713.9,15000.0,7273.0
AREA # 18,Dpto. Moquegua,"MUR+STDRE/H:1,2",348.90000000000003,279.1,15000.0,1184.4
AREA # 18,Dpto. Moquegua,"MUR+STRUB/H:1,2",718.1,574.5,15000.0,2437.8
AREA # 18,Dpto. Moquegua,MUR/H:1,6027.0,6027.0,12000.0,20460.5
AREA # 18,Dpto. Moquegua,"MUR/H:1,3",8275.6,5517.1,18000.0,28094.0
AREA # 18,Dpto. Moquegua,UNK,1301.6,1301.6,12000.0,4418.7
AREA # 18,Dpto. Moquegua,W+WBB/H:1,4900.0,4900.0,12000.0,16634.6
AREA # 18,Dpto. Moquegua,"W+WHE/H:1,3",50.599999999999994,33.699999999999996,47250.0,171.79999999999998
AREA # 18,Dpto. Moquegua,W+WLI/H:1,241.2,241.2,31500.0,818.8
AREA # 18,Dpto. Moquegua,W+WS/H:1,581.0,581.0,12000.0,1972.4
AREA # 18,Dpto. Moquegua,"W+WWD/H:1,2",373.20000000000005,298.6,15000.0,1267.0
AREA # 19,Dpto. Pasco,"CR/LDUAL/DUC/H:4,7",85.5,5.7,1080000.0,368.0
AREA # 19,Dpto. Pasco,"CR/LDUAL/DUC/H:8,19",28.5,0.6,3456000.0,122.7
AREA # 19,Dpto. Pasco,"CR/LFINF/DNO/H:1,3",251.1,62.8,126000.0,1080.8
AREA # 19,Dpto. Pasco,"CR/LFINF/DUC/H:1,3",246.8,61.7,288000.0,1062.3
AREA # 19,Dpto. Pasco,"CR/LWAL/DNO/H:4,7",14.3,1.0,472500.0,61.6
AREA # 19,Dpto. Pasco,"CR/LWAL/DUC/H:4,7",14.3,1.0,1080000.0,61.6
AREA # 19,Dpto. Pasco,"CR/LWAL/DUC/H:8,19",14.3,0.3,3456000.0,61.6
AREA # 19,Dpto. Pasco,ER+ETR/H:1,5576.4,5576.4,12000.0,24142.4
AREA # 19,Dpto. Pasco,"ER+ETR/H:1,2",2051.8,1641.5,15000.0,8883.0
AREA # 19,Dpto. Pasco,MCF/DNO/H:1,1422.4,1422.4,12000.0,6158.1
AREA # 19,Dpto. Pasco,"MCF/DNO/H:1,3",3233.8,2155.8,40500.0,14000.4
AREA # 19,Dpto. Pasco,"MCF/DUC/H:1,3",2832.6000000000004,708.2,126000.0,12263.4
AREA # 19,Dpto. Pasco,"MR/DUC/H:1,3",40.8,8.2,360000.0,175.6
AREA # 19,Dpto. Pasco,MUR+ADO/H:1,13024.6,13024.6,12000.0,56388.6
AREA # 19,Dpto. Pasco,"MUR+ADO/H:1,2",8258.2,6606.5,15000.0,35753.0
AREA # 19,Dpto. Pasco,"MUR+STDRE/H:1,2",505.2,404.2,15000.0,2187.2
AREA # 19,Dpto. Pasco,"MUR+STRUB/H:1,2",930.8000000000001,744.6,15000.0,4029.8
AREA # 19,Dpto. Pasco,MUR/H:1,3660.8,3660.8,12000.0,15849.0
AREA # 19,Dpto. Pasco,"MUR/H:1,3",6161.0,4107.4,18000.0,26673.4
AREA # 19,Dpto. Pasco,UNK,4938.4,4938.4,12000.0,21380.3
AREA # 19,Dpto. Pasco,W+WBB/H:1,136.0,136.0,12000.0,588.8
AREA # 19,Dpto. Pasco,"W+WHE/H:1,3",1009.9000000000001,673.3,47250.0,4372.2
AREA # 19,Dpto. Pasco,W+WLI/H:1,5666.200000000001,5666.200000000001,31500.0,24531.2
AREA # 19,Dpto. Pasco,W+WS/H:1,4015.8999999999996,4015.8999999999996,12000.0,17386.4
AREA # 19,Dpto. Pasco,"W+WWD/H:1,2",662.4,529.9,15000.0,2867.8
AREA # 20,Dpto. Piura,"CR/LDUAL/DUC/H:4,7",571.5,38.1,1080000.0,2577.3
AREA # 20,Dpto. Piura,"CR/LDUAL/DUC/H:8,19",190.5,4.0,3456000.0,859.1
AREA # 20,Dpto. Piura,"CR/LFINF/DNO/H:1,3",2554.3,638.6,126000.0,11519.0
AREA # 20,Dpto. Piura,"CR/LFINF/DUC/H:1,3",2553.5,638.4,288000.0,11515.4
AREA # 20,Dpto. Piura,"CR/LWAL/DNO/H:4,7",95.2,6.3,472500.0,429.3
AREA # 20,Dpto. Piura,"CR/LWAL/DUC/H:4,7",95.2,6.3,1080000.0,429.3
AREA # 20,Dpto. Piura,"CR/LWAL/DUC/H:8,19",95.2,2.0,3456000.0,429.3
AREA # 20,Dpto. Piura,ER+ETR/H:1,31235.5,31235.5,12000.0,140680.4
AREA # 20,Dpto. Piura,"ER+ETR/H:1,2",3394.8,2715.8,15000.0,15289.7
AREA # 20,Dpto. Piura,MCF/DNO/H:1,9539.6,9539.6,12000.0,42965.0
AREA # 20,Dpto. Piura,"MCF/DNO/H:1,3",21810.6,14540.400000000001,40500.0,98232.0
AREA # 20,Dpto. Piura,"MCF/DUC/H:1,3",19141.0,4785.3,126000.0,86208.4
AREA # 20,Dpto. Piura,"MR/DUC/H:1,3",145.8,29.2,360000.0,657.5
AREA # 20,Dpto. Piura,MUR+ADO/H:1,72890.5,72890.5,12000.0,328288.8
AREA # 20,Dpto. Piura,"MUR+ADO/H:1,2",13598.2,10878.6,15000.0,61244.4
AREA # 20,Dpto. Piura,"MUR+STDRE/H:1,2",551.3,441.09999999999997,15000.0,2483.0
AREA # 20,Dpto. Piura,"MUR+STRUB/H:1,2",775.7,620.5,15000.0,3493.6000000000004
AREA # 20,Dpto. Piura,MUR/H:1,44337.8,44337.8,12000.0,199691.4
AREA # 20,Dpto. Piura,"MUR/H:1,3",44948.8,29965.9,18000.0,202443.30000000002
AREA # 20,Dpto. Piura,UNK,28848.9,28848.9,12000.0,129931.5
AREA # 20,Dpto. Piura,W+WBB/H:1,12986.0,12986.0,12000.0,58487.2
AREA # 20,Dpto. Piura,"W+WHE/H:1,3",490.20000000000005,326.79999999999995,47250.0,2207.8
AREA # 20,Dpto. Piura,W+WLI/H:1,3113.1,3113.1,31500.0,14021.0
AREA # 20,Dpto. Piura,W+WS/H:1,10038.0,10038.0,12000.0,45209.8
AREA # 20,Dpto. Piura,"W+WWD/H:1,2",48185.6,38548.5,15000.0,217021.40000000002
AREA # 21,Dpto. Puno,"CR/LDUAL/DUC/H:4,7",234.6,15.6,1080000.0,911.6
AREA # 21,Dpto. Puno,"CR/LDUAL/DUC/H:8,19",78.2,1.6,3456000.0,303.9
AREA # 21,Dpto. Puno,"CR/LFINF/DNO/H:1,3",794.9,198.7,126000.0,3088.8
AREA # 21,Dpto. Puno,"CR/LFINF/DUC/H:1,3",777.6,194.4,288000.0,3021.6
AREA # 21,Dpto. Puno,"CR/LWAL/DNO/H:4,7",39.1,2.6,472500.0,151.9
AREA # 21,Dpto. Puno,"CR/LWAL/DUC/H:4,7",39.1,2.6,1080000.0,151.9
AREA # 21,Dpto. Puno,"CR/LWAL/DUC/H:8,19",39.1,0.8,3456000.0,151.9
AREA # 21,Dpto. Puno,ER+ETR/H:1,60421.0,60421.0,12000.0,216488.4
AREA # 21,Dpto. Puno,"ER+ETR/H:1,2",5586.4,4469.200000000001,15000.0,20016.0
AREA # 21,Dpto. Puno,MCF/DNO/H:1,5423.200000000001,5423.200000000001,12000.0,19431.3
AREA # 21,Dpto. Puno,"MCF/DNO/H:1,3",11280.5,7520.400000000001,40500.0,40418.100000000006
AREA # 21,Dpto. Puno,"MCF/DUC/H:1,3",9581.8,2395.3999999999996,126000.0,34331.6
AREA # 21,Dpto. Puno,"MR/DUC/H:1,3",106.3,21.3,360000.0,413.1
AREA # 21,Dpto. Puno,MUR+ADO/H:1,141087.0,141087.0,12000.0,505514.80000000005
AREA # 21,Dpto. Puno,"MUR+ADO/H:1,2",22421.6,17937.2,15000.0,80336.6
AREA # 21,Dpto. Puno,"MUR+STDRE/H:1,2",10077.900000000001,8062.3,15000.0,36109.1
AREA # 21,Dpto. Puno,"MUR+STRUB/H:1,2",22971.1,18376.9,15000.0,82305.5
AREA # 21,Dpto. Puno,MUR/H:1,24780.4,24780.4,12000.0,88788.2
AREA # 21,Dpto. Puno,"MUR/H:1,3",22309.4,14873.0,18000.0,79934.6
AREA # 21,Dpto. Puno,UNK,11742.1,11742.1,12000.0,42071.9
AREA # 21,Dpto. Puno,W+WBB/H:1,549.0,549.0,12000.0,1967.1
AREA # 21,Dpto. Puno,"W+WHE/H:1,3",125.6,83.7,47250.0,450.0
AREA # 21,Dpto. Puno,W+WLI/H:1,851.0,851.0,31500.0,3049.1000000000004
AREA # 21,Dpto. Puno,W+WS/H:1,2237.1,2237.1,12000.0,8015.5
AREA # 21,Dpto. Puno,"W+WWD/H:1,2",284.20000000000005,227.3,15000.0,1018.3
AREA # 22,Dpto. San Martin,"CR/LDUAL/DUC/H:4,7",56.1,3.7,1080000.0,245.1
AREA # 22,Dpto. San Martin,"CR/LDUAL/DUC/H:8,19",18.7,0.4,3456000.0,81.7
AREA # 22,Dpto. San Martin,"CR/LFINF/DNO/H:1,3",399.4,99.8,126000.0,1745.0
AREA # 22,Dpto. San Martin,"CR/LFINF/DUC/H:1,3",398.2,99.5,288000.0,1739.7
AREA # 22,Dpto. San Martin,"CR/LWAL/DNO/H:4,7",9.4,0.6,472500.0,41.1
AREA # 22,Dpto. San Martin,"CR/LWAL/DUC/H:4,7",9.4,0.6,1080000.0,41.1
AREA # 22,Dpto. San Martin,"CR/LWAL/DUC/H:8,19",9.4,0.2,3456000.0,41.1
AREA # 22,Dpto. San Martin,ER+ETR/H:1,4790.5,4790.5,12000.0,20832.5
AREA # 22,Dpto. San Martin,"ER+ETR/H:1,2",2341.8,1873.4,15000.0,10183.8
AREA # 22,Dpto. San Martin,MCF/DNO/H:1,3753.3999999999996,3753.3999999999996,12000.0,16322.5
AREA # 22,Dpto. San Martin,"MCF/DNO/H:1,3",8701.7,5801.1,40500.0,37841.2
AREA # 22,Dpto. San Martin,"MCF/DUC/H:1,3",7058.6,1764.6000000000001,126000.0,30695.8
AREA # 22,Dpto. San Martin,"MR/DUC/H:1,3",26.9,5.4,360000.0,117.5
AREA # 22,Dpto. San Martin,MUR+ADO/H:1,11197.5,11197.5,12000.0,48694.8
AREA # 22,Dpto. San Martin,"MUR+ADO/H:1,2",9372.2,7497.700000000001,15000.0,40757.0
AREA # 22,Dpto. San Martin,"MUR+STDRE/H:1,2",504.9,403.9,15000.0,2195.6000000000004
AREA # 22,Dpto. San Martin,"MUR+STRUB/H:1,2",734.1,587.2,15000.0,3192.3
AREA # 22,Dpto. San Martin,MUR/H:1,13407.4,13407.4,12000.0,58305.0
AREA # 22,Dpto. San Martin,"MUR/H:1,3",16708.8,11139.2,18000.0,72661.8
AREA # 22,Dpto. San Martin,UNK,21128.7,21128.7,12000.0,91882.70000000001
AREA # 22,Dpto. San Martin,W+WBB/H:1,501.0,501.0,12000.0,2178.7
AREA # 22,Dpto. San Martin,"W+WHE/H:1,3",919.5,613.0,47250.0,3998.6
AREA # 22,Dpto. San Martin,W+WLI/H:1,7740.3,7740.3,31500.0,33660.4
AREA # 22,Dpto. San Martin,W+WS/H:1,32421.7,32421.7,12000.0,140992.8
AREA # 22,Dpto. San Martin,"W+WWD/H:1,2",25377.6,20302.0,15000.0,110360.0
AREA # 23,Dpto. Tacna,"CR/LDUAL/DUC/H:4,7",354.6,23.6,1080000.0,1300.1
AREA # 23,Dpto. Tacna,"CR/LDUAL/DUC/H:8,19",118.2,2.5,3456000.0,433.4
AREA # 23,Dpto. Tacna,"CR/LFINF/DNO/H:1,3",1125.3,281.3,126000.0,4125.9
AREA # 23,Dpto. Tacna,"CR/LFINF/DUC/H:1,3",1123.7,280.9,288000.0,4120.1
AREA # 23,Dpto. Tacna,"CR/LWAL/DNO/H:4,7",59.1,3.9,472500.0,216.7
AREA # 23,Dpto. Tacna,"CR/LWAL/DUC/H:4,7",59.1,3.9,1080000.0,216.7
AREA # 23,Dpto. Tacna,"CR/LWAL/DUC/H:8,19",59.1,1.2,3456000.0,216.7
AREA # 23,Dpto. Tacna,ER+ETR/H:1,2084.1,2084.1,12000.0,7493.900000000001
AREA # 23,Dpto. Tacna,"ER+ETR/H:1,2",379.2,303.40000000000003,15000.0,1363.5
AREA # 23,Dpto. Tacna,MCF/DNO/H:1,3466.3999999999996,3466.3999999999996,12000.0,12464.5
AREA # 23,Dpto. Tacna,"MCF/DNO/H:1,3",8275.2,5516.799999999999,40500.0,29755.8
AREA # 23,Dpto. Tacna,"MCF/DUC/H:1,3",7350.0,1837.5,126000.0,26429.0
AREA # 23,Dpto. Tacna,"MR/DUC/H:1,3",149.4,29.9,360000.0,547.8
AREA # 23,Dpto. Tacna,MUR+ADO/H:1,4869.9,4869.9,12000.0,17511.100000000002
AREA # 23,Dpto. Tacna,"MUR+ADO/H:1,2",1526.8,1221.4,15000.0,5490.0
AREA # 23,Dpto. Tacna,"MUR+STDRE/H:1,2",233.0,186.39999999999998,15000.0,837.8
AREA # 23,Dpto. Tacna,"MUR+STRUB/H:1,2",401.0,320.8,15000.0,1441.8
AREA # 23,Dpto. Tacna,MUR/H:1,17714.2,17714.2,12000.0,63696.4
AREA # 23,Dpto. Tacna,"MUR/H:1,3",16248.4,10832.2,18000.0,58425.700000000004
AREA # 23,Dpto. Tacna,UNK,3727.5,3727.5,12000.0,13403.3
AREA # 23,Dpto. Tacna,W+WBB/H:1,9869.0,9869.0,12000.0,35486.799999999996
AREA # 23,Dpto. Tacna,"W+WHE/H:1,3",34.1,22.8,47250.0,122.6
AREA # 23,Dpto. Tacna,W+WLI/H:1,157.4,157.4,31500.0,566.0
AREA # 23,Dpto. Tacna,W+WS/H:1,323.4,323.4,12000.0,1162.8000000000002
AREA # 23,Dpto. Tacna,"W+WWD/H:1,2",543.0,434.4,15000.0,1952.5
AREA # 24,Dpto. Tumbes,"CR/LDUAL/DUC/H:4,7",45.9,3.1,1080000.0,190.2
AREA # 24,Dpto. Tumbes,"CR/LDUAL/DUC/H:8,19",15.3,0.3,3456000.0,63.4
AREA # 24,Dpto. Tumbes,"CR/LFINF/DNO/H:1,3",325.0,81.3,126000.0,1346.7
AREA # 24,Dpto. Tumbes,"CR/LFINF/DUC/H:1,3",324.7,81.2,288000.0,1345.5
AREA # 24,Dpto. Tumbes,"CR/LWAL/DNO/H:4,7",7.6,0.5,472500.0,31.5
AREA # 24,Dpto. Tumbes,"CR/LWAL/DUC/H:4,7",7.6,0.5,1080000.0,31.5
AREA # 24,Dpto. Tumbes,"CR/LWAL/DUC/H:8,19",7.6,0.2,3456000.0,31.5
AREA # 24,Dpto. Tumbes,ER+ETR/H:1,990.3,990.3,12000.0,4078.0
AREA # 24,Dpto. Tumbes,"ER+ETR/H:1,2",263.4,210.7,15000.0,1084.7
AREA # 24,Dpto. Tumbes,MCF/DNO/H:1,1363.8000000000002,1363.8000000000002,12000.0,5615.9
AREA # 24,Dpto. Tumbes,"MCF/DNO/H:1,3",3309.7,2206.5,40500.0,13629.099999999999
AREA # 24,Dpto. Tumbes,"MCF/DUC/H:1,3",3018.1,754.6,126000.0,12428.2
AREA # 24,Dpto. Tumbes,"MR/DUC/H:1,3",21.5,4.3,360000.0,89.1
AREA # 24,Dpto. Tumbes,MUR+ADO/H:1,2310.7,2310.7,12000.0,9515.300000000001
AREA # 24,Dpto. Tumbes,"MUR+ADO/H:1,2",1055.6,844.5,15000.0,4346.9
AREA # 24,Dpto. Tumbes,"MUR+STDRE/H:1,2",170.4,136.3,15000.0,701.7
AREA # 24,Dpto. Tumbes,"MUR+STRUB/H:1,2",225.6,180.5,15000.0,929.0
AREA # 24,Dpto. Tumbes,MUR/H:1,4824.0,4824.0,12000.0,19864.8
AREA # 24,Dpto. Tumbes,"MUR/H:1,3",6513.0,4342.0,18000.0,26819.899999999998
AREA # 24,Dpto. Tumbes,UNK,5553.599999999999,5553.599999999999,12000.0,22869.2
AREA # 24,Dpto. Tumbes,W+WBB/H:1,325.0,325.0,12000.0,1338.3
AREA # 24,Dpto. Tumbes,"W+WHE/H:1,3",147.9,98.60000000000001,47250.0,609.0
AREA # 24,Dpto. Tumbes,W+WLI/H:1,677.6999999999999,677.6999999999999,31500.0,2790.7
AREA # 24,Dpto. Tumbes,W+WS/H:1,1263.4,1263.4,12000.0,5202.599999999999
AREA # 24,Dpto. Tumbes,"W+WWD/H:1,2",15870.599999999999,12696.4,15000.0,65353.6
AREA # 25,Dpto. Ucayali,"CR/LDUAL/DUC/H:4,7",35.4,2.4,1080000.0,164.6
AREA # 25,Dpto. Ucayali,"CR/LDUAL/DUC/H:8,19",11.8,0.2,3456000.0,54.9
AREA # 25,Dpto. Ucayali,"CR/LFINF/DNO/H:1,3",215.0,53.8,126000.0,999.9
AREA # 25,Dpto. Ucayali,"CR/LFINF/DUC/H:1,3",214.1,53.5,288000.0,995.8
AREA # 25,Dpto. Ucayali,"CR/LWAL/DNO/H:4,7",5.9,0.4,472500.0,27.4
AREA # 25,Dpto. Ucayali,"CR/LWAL/DUC/H:4,7",5.9,0.4,1080000.0,27.4
AREA # 25,Dpto. Ucayali,"CR/LWAL/DUC/H:8,19",5.9,0.1,3456000.0,27.4
AREA # 25,Dpto. Ucayali,ER+ETR/H:1,113.19999999999999,113.19999999999999,12000.0,518.7
AREA # 25,Dpto. Ucayali,"ER+ETR/H:1,2",61.6,49.3,15000.0,282.3
AREA # 25,Dpto. Ucayali,MCF/DNO/H:1,1252.4,1252.4,12000.0,5739.1
AREA # 25,Dpto. Ucayali,"MCF/DNO/H:1,3",3056.5,2037.7,40500.0,14006.4
AREA # 25,Dpto. Ucayali,"MCF/DUC/H:1,3",2694.0,673.5,126000.0,12345.2
AREA # 25,Dpto. Ucayali,"MR/DUC/H:1,3",22.3,4.5,360000.0,103.7
AREA # 25,Dpto. Ucayali,MUR+ADO/H:1,271.79999999999995,271.79999999999995,12000.0,1245.6
AREA # 25,Dpto. Ucayali,"MUR+ADO/H:1,2",249.39999999999998,199.5,15000.0,1142.9
AREA # 25,Dpto. Ucayali,"MUR+STDRE/H:1,2",105.1,84.1,15000.0,481.6
AREA # 25,Dpto. Ucayali,"MUR+STRUB/H:1,2",83.9,67.1,15000.0,384.4
AREA # 25,Dpto. Ucayali,MUR/H:1,3326.7999999999997,3326.7999999999997,12000.0,15245.0
AREA # 25,Dpto. Ucayali,"MUR/H:1,3",5786.4,3857.6,18000.0,26516.1
AREA # 25,Dpto. Ucayali,UNK,17305.6,17305.6,12000.0,79302.6
AREA # 25,Dpto. Ucayali,W+WBB/H:1,1221.0,1221.0,12000.0,5595.2
AREA # 25,Dpto. Ucayali,"W+WHE/H:1,3",4198.8,2799.2,47250.0,19240.9
AREA # 25,Dpto. Ucayali,W+WLI/H:1,21736.9,21736.9,31500.0,99609.0
AREA # 25,Dpto. Ucayali,W+WS/H:1,31908.9,31908.9,12000.0,146222.0
AREA # 25,Dpto. Ucayali,"W+WWD/H:1,2",410.4,328.3,15000.0,1880.7
