id,Region,Taxonomy,Dwellings,Buildings,Repl_cost_USD/bdg,No_of_storeys,Dwl_per_storey,Dwl_area_m2,Population
AREA # 01,Dpto. Amazonas,"CR/LDUAL/DUC/H:4,7",18.9,1.3,1080000.0,5.0,3,80,75.8
AREA # 01,Dpto. Amazonas,"CR/LDUAL/DUC/H:8,19",6.3,0.1,3456000.0,12.0,4,80,25.3
AREA # 01,Dpto. Amazonas,"CR/LFINF/DNO/H:1,3",105.3,26.3,126000.0,2.0,2,70,422.5
AREA # 01,Dpto. Amazonas,"CR/LFINF/DUC/H:1,3",102.8,25.7,288000.0,2.0,2,80,412.5
AREA # 01,Dpto. Amazonas,"CR/LWAL/DNO/H:4,7",3.2,0.2,472500.0,5.0,3,70,12.8
AREA # 01,Dpto. Amazonas,"CR/LWAL/DUC/H:4,7",3.2,0.2,1080000.0,5.0,3,80,12.8
AREA # 01,Dpto. Amazonas,"CR/LWAL/DUC/H:8,19",3.2,0.1,3456000.0,12.0,4,80,12.8
AREA # 01,Dpto. Amazonas,ER+ETR/H:1,4797.8,4797.8,12000.0,1.0,1,60,19250.0
AREA # 01,Dpto. Amazonas,"ER+ETR/H:1,2",1420.7,1136.6,15000.0,1.25,1,60,5700.2
AREA # 01,Dpto. Amazonas,MCF/DNO/H:1,372.8,372.8,12000.0,1.0,1,60,1495.8
AREA # 01,Dpto. Amazonas,"MCF/DNO/H:1,3",841.9,561.2,40500.0,1.5,1,60,3377.9
AREA # 01,Dpto. Amazonas,"MCF/DUC/H:1,3",747.1,186.8,126000.0,2.0,2,70,2997.6
AREA # 01,Dpto. Amazonas,"MR/DUC/H:1,3",14.2,2.8,360000.0,2.5,2,80,57.0
AREA # 01,Dpto. Amazonas,MUR+ADO/H:1,11195.5,11195.5,12000.0,1.0,1,60,44919.2
AREA # 01,Dpto. Amazonas,"MUR+ADO/H:1,2",5692.6,4554.1,15000.0,1.25,1,60,22840.2
AREA # 01,Dpto. Amazonas,"MUR+STDRE/H:1,2",163.1,130.5,15000.0,1.25,1,60,654.4
AREA # 01,Dpto. Amazonas,"MUR+STRUB/H:1,2",313.9,251.1,15000.0,1.25,1,60,1259.4
AREA # 01,Dpto. Amazonas,MUR/H:1,1094.3,1094.3,12000.0,1.0,1,60,4390.6
AREA # 01,Dpto. Amazonas,"MUR/H:1,3",1600.7,1067.1,18000.0,1.5,1,60,6422.4
AREA # 01,Dpto. Amazonas,UNK,3910.1,3910.1,12000.0,1.0,1,60,15688.3
AREA # 01,Dpto. Amazonas,W+WBB/H:1,77.8,77.8,12000.0,1.0,1,60,312.2
AREA # 01,Dpto. Amazonas,"W+WHE/H:1,3",75.5,50.3,47250.0,1.5,1,70,302.9
AREA # 01,Dpto. Amazonas,W+WLI/H:1,1349.4,1349.4,31500.0,1.0,1,70,5414.1
AREA # 01,Dpto. Amazonas,W+WS/H:1,5407.7,5407.7,12000.0,1.0,1,60,21697.1
AREA # 01,Dpto. Amazonas,"W+WWD/H:1,2",2056.0,1644.8,15000.0,1.25,1,60,8249.2
AREA # 02,Dpto. Ancash,"CR/LDUAL/DUC/H:4,7",247.8,16.5,1080000.0,5.0,3,80,1077.0
AREA # 02,Dpto. Ancash,"CR/LDUAL/DUC/H:8,19",82.6,1.7,3456000.0,12.0,4,80,359.0
AREA # 02,Dpto. Ancash,"CR/LFINF/DNO/H:1,3",1588.8,397.2,126000.0,2.0,2,70,6905.2
AREA # 02,Dpto. Ancash,"CR/LFINF/DUC/H:1,3",1585.8,396.4,288000.0,2.0,2,80,6892.2
AREA # 02,Dpto. Ancash,"CR/LWAL/DNO/H:4,7",41.3,2.8,472500.0,5.0,3,70,179.5
AREA # 02,Dpto. Ancash,"CR/LWAL/DUC/H:4,7",41.3,2.8,1080000.0,5.0,3,80,179.5
AREA # 02,Dpto. Ancash,"CR/LWAL/DUC/H:8,19",41.3,0.9,3456000.0,12.0,4,80,179.5
AREA # 02,Dpto. Ancash,ER+ETR/H:1,22528.2,22528.2,12000.0,1.0,1,60,97912.1
AREA # 02,Dpto. Ancash,"ER+ETR/H:1,2",2850.2,2280.2,15000.0,1.25,1,60,12387.5
AREA # 02,Dpto. Ancash,MCF/DNO/H:1,3465.4,3465.4,12000.0,1.0,1,60,15061.3
AREA # 02,Dpto. Ancash,"MCF/DNO/H:1,3",8050.4,5366.9,40500.0,1.5,1,60,34988.7
AREA # 02,Dpto. Ancash,"MCF/DUC/H:1,3",7419.1,1854.8,126000.0,2.0,2,70,32244.9
AREA # 02,Dpto. Ancash,"MR/DUC/H:1,3",88.7,17.7,360000.0,2.5,2,80,385.5
AREA # 02,Dpto. Ancash,MUR+ADO/H:1,52571.0,52571.0,12000.0,1.0,1,60,228484.2
AREA # 02,Dpto. Ancash,"MUR+ADO/H:1,2",11439.7,9151.7,15000.0,1.25,1,60,49719.3
AREA # 02,Dpto. Ancash,"MUR+STDRE/H:1,2",386.7,309.4,15000.0,1.25,1,60,1680.7
AREA # 02,Dpto. Ancash,"MUR+STRUB/H:1,2",734.4,587.5,15000.0,1.25,1,60,3191.9
AREA # 02,Dpto. Ancash,MUR/H:1,12046.3,12046.3,12000.0,1.0,1,60,52355.7
AREA # 02,Dpto. Ancash,"MUR/H:1,3",16518.9,11012.6,18000.0,1.5,1,60,71794.5
AREA # 02,Dpto. Ancash,UNK,3009.8,3009.8,12000.0,1.0,1,60,13081.2
AREA # 02,Dpto. Ancash,W+WBB/H:1,9499.4,9499.4,12000.0,1.0,1,60,41286.3
AREA # 02,Dpto. Ancash,"W+WHE/H:1,3",117.2,78.1,47250.0,1.5,1,70,509.4
AREA # 02,Dpto. Ancash,W+WLI/H:1,502.2,502.2,31500.0,1.0,1,70,2182.7
AREA # 02,Dpto. Ancash,W+WS/H:1,914.4,914.4,12000.0,1.0,1,60,3974.2
AREA # 02,Dpto. Ancash,"W+WWD/H:1,2",1367.2,1093.7,15000.0,1.25,1,60,5942.1
AREA # 03,Dpto. Apurimac,"CR/LDUAL/DUC/H:4,7",48.0,3.2,1080000.0,5.0,3,80,186.5
AREA # 03,Dpto. Apurimac,"CR/LDUAL/DUC/H:8,19",16.0,0.3,3456000.0,12.0,4,80,62.2
AREA # 03,Dpto. Apurimac,"CR/LFINF/DNO/H:1,3",140.7,35.2,126000.0,2.0,2,70,546.6
AREA # 03,Dpto. Apurimac,"CR/LFINF/DUC/H:1,3",138.6,34.6,288000.0,2.0,2,80,538.4
AREA # 03,Dpto. Apurimac,"CR/LWAL/DNO/H:4,7",8.0,0.5,472500.0,5.0,3,70,31.1
AREA # 03,Dpto. Apurimac,"CR/LWAL/DUC/H:4,7",8.0,0.5,1080000.0,5.0,3,80,31.1
AREA # 03,Dpto. Apurimac,"CR/LWAL/DUC/H:8,19",8.0,0.2,3456000.0,12.0,4,80,31.1
AREA # 03,Dpto. Apurimac,ER+ETR/H:1,10917.0,10917.0,12000.0,1.0,1,60,42408.8
AREA # 03,Dpto. Apurimac,"ER+ETR/H:1,2",1041.2,833.0,15000.0,1.25,1,60,4044.7
AREA # 03,Dpto. Apurimac,MCF/DNO/H:1,275.1,275.1,12000.0,1.0,1,60,1068.7
AREA # 03,Dpto. Apurimac,"MCF/DNO/H:1,3",602.8,401.9,40500.0,1.5,1,60,2341.7
AREA # 03,Dpto. Apurimac,"MCF/DUC/H:1,3",541.9,135.5,126000.0,2.0,2,70,2105.1
AREA # 03,Dpto. Apurimac,"MR/DUC/H:1,3",24.1,4.8,360000.0,2.5,2,80,93.6
AREA # 03,Dpto. Apurimac,MUR+ADO/H:1,25474.8,25474.8,12000.0,1.0,1,60,98960.8
AREA # 03,Dpto. Apurimac,"MUR+ADO/H:1,2",4200.3,3360.2,15000.0,1.25,1,60,16316.7
AREA # 03,Dpto. Apurimac,"MUR+STDRE/H:1,2",439.0,351.2,15000.0,1.25,1,60,1705.4
AREA # 03,Dpto. Apurimac,"MUR+STRUB/H:1,2",988.6,790.9,15000.0,1.25,1,60,3840.4
AREA # 03,Dpto. Apurimac,MUR/H:1,1014.2,1014.2,12000.0,1.0,1,60,3939.8
AREA # 03,Dpto. Apurimac,"MUR/H:1,3",1165.9,777.2,18000.0,1.5,1,60,4529.1
AREA # 03,Dpto. Apurimac,UNK,412.3,412.3,12000.0,1.0,1,60,1601.6
AREA # 03,Dpto. Apurimac,W+WBB/H:1,72.2,72.2,12000.0,1.0,1,60,280.5
AREA # 03,Dpto. Apurimac,"W+WHE/H:1,3",3.7,2.5,47250.0,1.5,1,70,14.4
AREA # 03,Dpto. Apurimac,W+WLI/H:1,25.2,25.2,31500.0,1.0,1,70,97.9
AREA # 03,Dpto. Apurimac,W+WS/H:1,110.8,110.8,12000.0,1.0,1,60,430.4
AREA # 03,Dpto. Apurimac,"W+WWD/H:1,2",119.6,95.7,15000.0,1.25,1,60,464.6
AREA # 04,Dpto. Arequipa,"CR/LDUAL/DUC/H:4,7",1487.7,99.2,1080000.0,5.0,3,80,6094.3
AREA # 04,Dpto. Arequipa,"CR/LDUAL/DUC/H:8,19",495.9,10.3,3456000.0,12.0,4,80,2031.4
AREA # 04,Dpto. Arequipa,"CR/LFINF/DNO/H:1,3",3872.6,968.1,126000.0,2.0,2,70,15864.0
AREA # 04,Dpto. Arequipa,"CR/LFINF/DUC/H:1,3",3860.1,965.0,288000.0,2.0,2,80,15812.8
AREA # 04,Dpto. Arequipa,"CR/LWAL/DNO/H:4,7",248.0,16.5,472500.0,5.0,3,70,1015.9
AREA # 04,Dpto. Arequipa,"CR/LWAL/DUC/H:4,7",248.0,16.5,1080000.0,5.0,3,80,1015.9
AREA # 04,Dpto. Arequipa,"CR/LWAL/DUC/H:8,19",248.0,5.2,3456000.0,12.0,4,80,1015.9
AREA # 04,Dpto. Arequipa,ER+ETR/H:1,4120.2,4120.2,12000.0,1.0,1,60,16878.3
AREA # 04,Dpto. Arequipa,"ER+ETR/H:1,2",1230.2,984.2,15000.0,1.25,1,60,5039.5
AREA # 04,Dpto. Arequipa,MCF/DNO/H:1,12120.0,12120.0,12000.0,1.0,1,60,49649.2
AREA # 04,Dpto. Arequipa,"MCF/DNO/H:1,3",28326.7,18884.5,40500.0,1.5,1,60,116039.5
AREA # 04,Dpto. Arequipa,"MCF/DUC/H:1,3",25526.4,6381.6,126000.0,2.0,2,70,104568.1
AREA # 04,Dpto. Arequipa,"MR/DUC/H:1,3",433.4,86.7,360000.0,2.5,2,80,1775.4
AREA # 04,Dpto. Arequipa,MUR+ADO/H:1,9632.7,9632.7,12000.0,1.0,1,60,39460.1
AREA # 04,Dpto. Arequipa,"MUR+ADO/H:1,2",4938.6,3950.9,15000.0,1.25,1,60,20230.8
AREA # 04,Dpto. Arequipa,"MUR+STDRE/H:1,2",18619.2,14895.4,15000.0,1.25,1,60,76273.0
AREA # 04,Dpto. Arequipa,"MUR+STRUB/H:1,2",13185.4,10548.3,15000.0,1.25,1,60,54013.6
AREA # 04,Dpto. Arequipa,MUR/H:1,40982.0,40982.0,12000.0,1.0,1,60,167881.5
AREA # 04,Dpto. Arequipa,"MUR/H:1,3",56362.1,37574.7,18000.0,1.5,1,60,230885.6
AREA # 04,Dpto. Arequipa,UNK,10471.5,10471.5,12000.0,1.0,1,60,42896.2
AREA # 04,Dpto. Arequipa,W+WBB/H:1,11381.4,11381.4,12000.0,1.0,1,60,46623.6
AREA # 04,Dpto. Arequipa,"W+WHE/H:1,3",191.8,127.8,47250.0,1.5,1,70,785.7
AREA # 04,Dpto. Arequipa,W+WLI/H:1,711.4,711.4,31500.0,1.0,1,70,2914.2
AREA # 04,Dpto. Arequipa,W+WS/H:1,1071.9,1071.9,12000.0,1.0,1,60,4391.0
AREA # 04,Dpto. Arequipa,"W+WWD/H:1,2",5184.1,4147.2,15000.0,1.25,1,60,21236.5
AREA # 05,Dpto. Ayacucho,"CR/LDUAL/DUC/H:4,7",102.9,6.9,1080000.0,5.0,3,80,419.3
AREA # 05,Dpto. Ayacucho,"CR/LDUAL/DUC/H:8,19",34.3,0.7,3456000.0,12.0,4,80,139.8
AREA # 05,Dpto. Ayacucho,"CR/LFINF/DNO/H:1,3",367.7,91.9,126000.0,2.0,2,70,1498.3
AREA # 05,Dpto. Ayacucho,"CR/LFINF/DUC/H:1,3",364.2,91.0,288000.0,2.0,2,80,1484.1
AREA # 05,Dpto. Ayacucho,"CR/LWAL/DNO/H:4,7",17.2,1.1,472500.0,5.0,3,70,70.1
AREA # 05,Dpto. Ayacucho,"CR/LWAL/DUC/H:4,7",17.2,1.1,1080000.0,5.0,3,80,70.1
AREA # 05,Dpto. Ayacucho,"CR/LWAL/DUC/H:8,19",17.2,0.4,3456000.0,12.0,4,80,70.1
AREA # 05,Dpto. Ayacucho,ER+ETR/H:1,15902.1,15902.1,12000.0,1.0,1,60,64799.3
AREA # 05,Dpto. Ayacucho,"ER+ETR/H:1,2",1305.3,1044.2,15000.0,1.25,1,60,5319.0
AREA # 05,Dpto. Ayacucho,MCF/DNO/H:1,902.0,902.0,12000.0,1.0,1,60,3675.6
AREA # 05,Dpto. Ayacucho,"MCF/DNO/H:1,3",2139.4,1426.2,40500.0,1.5,1,60,8717.8
AREA # 05,Dpto. Ayacucho,"MCF/DUC/H:1,3",2021.6,505.4,126000.0,2.0,2,70,8237.8
AREA # 05,Dpto. Ayacucho,"MR/DUC/H:1,3",38.8,7.8,360000.0,2.5,2,80,158.1
AREA # 05,Dpto. Ayacucho,MUR+ADO/H:1,37109.6,37109.6,12000.0,1.0,1,60,151217.6
AREA # 05,Dpto. Ayacucho,"MUR+ADO/H:1,2",5236.9,4189.5,15000.0,1.25,1,60,21339.8
AREA # 05,Dpto. Ayacucho,"MUR+STDRE/H:1,2",2077.3,1661.8,15000.0,1.25,1,60,8464.8
AREA # 05,Dpto. Ayacucho,"MUR+STRUB/H:1,2",4555.3,3644.3,15000.0,1.25,1,60,18562.4
AREA # 05,Dpto. Ayacucho,MUR/H:1,3359.1,3359.1,12000.0,1.0,1,60,13688.0
AREA # 05,Dpto. Ayacucho,"MUR/H:1,3",4138.4,2759.0,18000.0,1.5,1,60,16863.5
AREA # 05,Dpto. Ayacucho,UNK,2426.2,2426.2,12000.0,1.0,1,60,9886.5
AREA # 05,Dpto. Ayacucho,W+WBB/H:1,865.8,865.8,12000.0,1.0,1,60,3528.0
AREA # 05,Dpto. Ayacucho,"W+WHE/H:1,3",59.4,39.6,47250.0,1.5,1,70,242.0
AREA # 05,Dpto. Ayacucho,W+WLI/H:1,632.0,632.0,31500.0,1.0,1,70,2575.3
AREA # 05,Dpto. Ayacucho,W+WS/H:1,2903.4,2903.4,12000.0,1.0,1,60,11831.0
AREA # 05,Dpto. Ayacucho,"W+WWD/H:1,2",619.8,495.9,15000.0,1.25,1,60,2525.6
AREA # 06,Dpto. Cajamarca,"CR/LDUAL/DUC/H:4,7",325.2,21.7,1080000.0,5.0,3,80,1394.4
AREA # 06,Dpto. Cajamarca,"CR/LDUAL/DUC/H:8,19",108.4,2.3,3456000.0,12.0,4,80,464.8
AREA # 06,Dpto. Cajamarca,"CR/LFINF/DNO/H:1,3",975.0,243.8,126000.0,2.0,2,70,4180.8
AREA # 06,Dpto. Cajamarca,"CR/LFINF/DUC/H:1,3",969.6,242.4,288000.0,2.0,2,80,4157.6
AREA # 06,Dpto. Cajamarca,"CR/LWAL/DNO/H:4,7",54.2,3.6,472500.0,5.0,3,70,232.4
AREA # 06,Dpto. Cajamarca,"CR/LWAL/DUC/H:4,7",54.2,3.6,1080000.0,5.0,3,80,232.4
AREA # 06,Dpto. Cajamarca,"CR/LWAL/DUC/H:8,19",54.2,1.1,3456000.0,12.0,4,80,232.4
AREA # 06,Dpto. Cajamarca,ER+ETR/H:1,20086.1,20086.1,12000.0,1.0,1,60,86128.7
AREA # 06,Dpto. Cajamarca,"ER+ETR/H:1,2",2549.8,2039.9,15000.0,1.25,1,60,10933.5
AREA # 06,Dpto. Cajamarca,MCF/DNO/H:1,960.8,960.8,12000.0,1.0,1,60,4119.9
AREA # 06,Dpto. Cajamarca,"MCF/DNO/H:1,3",2469.6,1646.4,40500.0,1.5,1,60,10589.6
AREA # 06,Dpto. Cajamarca,"MCF/DUC/H:1,3",2565.3,641.3,126000.0,2.0,2,70,10999.9
AREA # 06,Dpto. Cajamarca,"MR/DUC/H:1,3",134.8,27.0,360000.0,2.5,2,80,578.0
AREA # 06,Dpto. Cajamarca,MUR+ADO/H:1,46889.9,46889.9,12000.0,1.0,1,60,201062.8
AREA # 06,Dpto. Cajamarca,"MUR+ADO/H:1,2",10265.2,8212.1,15000.0,1.25,1,60,44016.9
AREA # 06,Dpto. Cajamarca,"MUR+STDRE/H:1,2",1018.1,814.5,15000.0,1.25,1,60,4365.6
AREA # 06,Dpto. Cajamarca,"MUR+STRUB/H:1,2",2308.7,1847.0,15000.0,1.25,1,60,9899.6
AREA # 06,Dpto. Cajamarca,MUR/H:1,3132.3,3132.3,12000.0,1.0,1,60,13431.2
AREA # 06,Dpto. Cajamarca,"MUR/H:1,3",4626.3,3084.2,18000.0,1.5,1,60,19837.5
AREA # 06,Dpto. Cajamarca,UNK,1726.4,1726.4,12000.0,1.0,1,60,7402.8
AREA # 06,Dpto. Cajamarca,W+WBB/H:1,140.1,140.1,12000.0,1.0,1,60,600.7
AREA # 06,Dpto. Cajamarca,"W+WHE/H:1,3",13.9,9.3,47250.0,1.5,1,70,59.6
AREA # 06,Dpto. Cajamarca,W+WLI/H:1,198.0,198.0,31500.0,1.0,1,70,849.0
AREA # 06,Dpto. Cajamarca,W+WS/H:1,1092.3,1092.3,12000.0,1.0,1,60,4683.8
AREA # 06,Dpto. Cajamarca,"W+WWD/H:1,2",3153.7,2523.0,15000.0,1.25,1,60,13523.0
AREA # 07,Prov. Constitucional del Callao,"CR/LDUAL/DUC/H:4,7",2843.1,189.5,1080000.0,5.0,3,80,12547.9
AREA # 07,Prov. Constitucional del Callao,"CR/LDUAL/DUC/H:8,19",947.7,19.7,3456000.0,12.0,4,80,4182.6
AREA # 07,Prov. Constitucional del Callao,"CR/LFINF/DNO/H:1,3",5705.2,1426.3,126000.0,2.0,2,70,25179.7
AREA # 07,Prov. Constitucional del Callao,"CR/LFINF/DUC/H:1,3",5691.4,1422.8,288000.0,2.0,2,80,25118.8
AREA # 07,Prov. Constitucional del Callao,"CR/LWAL/DNO/H:4,7",473.8,31.6,472500.0,5.0,3,70,2091.1
AREA # 07,Prov. Constitucional del Callao,"CR/LWAL/DUC/H:4,7",473.8,31.6,1080000.0,5.0,3,80,2091.1
AREA # 07,Prov. Constitucional del Callao,"CR/LWAL/DUC/H:8,19",473.8,9.9,3456000.0,12.0,4,80,2091.1
AREA # 07,Prov. Constitucional del Callao,ER+ETR/H:1,649.8,649.8,12000.0,1.0,1,60,2867.9
AREA # 07,Prov. Constitucional del Callao,"ER+ETR/H:1,2",905.2,724.2,15000.0,1.25,1,60,3995.1
AREA # 07,Prov. Constitucional del Callao,MCF/DNO/H:1,7241.8,7241.8,12000.0,1.0,1,60,31961.5
AREA # 07,Prov. Constitucional del Callao,"MCF/DNO/H:1,3",21511.4,14340.9,40500.0,1.5,1,60,94939.9
AREA # 07,Prov. Constitucional del Callao,"MCF/DUC/H:1,3",27451.6,6862.9,126000.0,2.0,2,70,121156.8
AREA # 07,Prov. Constitucional del Callao,"MR/DUC/H:1,3",798.4,159.7,360000.0,2.5,2,80,3523.7
AREA # 07,Prov. Constitucional del Callao,MUR+ADO/H:1,1516.2,1516.2,12000.0,1.0,1,60,6691.7
AREA # 07,Prov. Constitucional del Callao,"MUR+ADO/H:1,2",3685.8,2948.6,15000.0,1.25,1,60,16267.2
AREA # 07,Prov. Constitucional del Callao,"MUR+STDRE/H:1,2",206.6,165.3,15000.0,1.25,1,60,911.8
AREA # 07,Prov. Constitucional del Callao,"MUR+STRUB/H:1,2",143.4,114.7,15000.0,1.25,1,60,632.9
AREA # 07,Prov. Constitucional del Callao,MUR/H:1,19640.6,19640.6,12000.0,1.0,1,60,86683.2
AREA # 07,Prov. Constitucional del Callao,"MUR/H:1,3",41528.4,27685.6,18000.0,1.5,1,60,183284.3
AREA # 07,Prov. Constitucional del Callao,UNK,14049.9,14049.9,12000.0,1.0,1,60,62008.8
AREA # 07,Prov. Constitucional del Callao,W+WBB/H:1,3383.0,3383.0,12000.0,1.0,1,60,14930.8
AREA # 07,Prov. Constitucional del Callao,"W+WHE/H:1,3",2623.0,1748.7,47250.0,1.5,1,70,11576.5
AREA # 07,Prov. Constitucional del Callao,W+WLI/H:1,11078.0,11078.0,31500.0,1.0,1,70,48892.4
AREA # 07,Prov. Constitucional del Callao,W+WS/H:1,22339.3,22339.3,12000.0,1.0,1,60,98593.8
AREA # 07,Prov. Constitucional del Callao,"W+WWD/H:1,2",3320.8,2656.6,15000.0,1.25,1,60,14656.3
AREA # 08,Dpto. Cusco,"CR/LDUAL/DUC/H:4,7",1126.8,75.1,1080000.0,5.0,3,80,4558.7
AREA # 08,Dpto. Cusco,"CR/LDUAL/DUC/H:8,19",375.6,7.8,3456000.0,12.0,4,80,1519.6
AREA # 08,Dpto. Cusco,"CR/LFINF/DNO/H:1,3",1502.7,375.7,126000.0,2.0,2,70,6079.4
AREA # 08,Dpto. Cusco,"CR/LFINF/DUC/H:1,3",1479.3,369.8,288000.0,2.0,2,80,5984.8
AREA # 08,Dpto. Cusco,"CR/LWAL/DNO/H:4,7",187.8,12.5,472500.0,5.0,3,70,759.8
AREA # 08,Dpto. Cusco,"CR/LWAL/DUC/H:4,7",187.8,12.5,1080000.0,5.0,3,80,759.8
AREA # 08,Dpto. Cusco,"CR/LWAL/DUC/H:8,19",187.8,3.9,3456000.0,12.0,4,80,759.8
AREA # 08,Dpto. Cusco,ER+ETR/H:1,26669.4,26669.4,12000.0,1.0,1,60,107895.9
AREA # 08,Dpto. Cusco,"ER+ETR/H:1,2",6041.1,4832.8,15000.0,1.25,1,60,24440.4
AREA # 08,Dpto. Cusco,MCF/DNO/H:1,1094.7,1094.7,12000.0,1.0,1,60,4428.8
AREA # 08,Dpto. Cusco,"MCF/DNO/H:1,3",3115.7,2077.1,40500.0,1.5,1,60,12605.1
AREA # 08,Dpto. Cusco,"MCF/DUC/H:1,3",4193.5,1048.4,126000.0,2.0,2,70,16965.6
AREA # 08,Dpto. Cusco,"MR/DUC/H:1,3",306.4,61.3,360000.0,2.5,2,80,1239.6
AREA # 08,Dpto. Cusco,MUR+ADO/H:1,62247.9,62247.9,12000.0,1.0,1,60,251835.3
AREA # 08,Dpto. Cusco,"MUR+ADO/H:1,2",24449.0,19559.2,15000.0,1.25,1,60,98912.9
AREA # 08,Dpto. Cusco,"MUR+STDRE/H:1,2",2520.9,2016.7,15000.0,1.25,1,60,10198.8
AREA # 08,Dpto. Cusco,"MUR+STRUB/H:1,2",4993.8,3995.0,15000.0,1.25,1,60,20203.3
AREA # 08,Dpto. Cusco,MUR/H:1,3128.5,3128.5,12000.0,1.0,1,60,12656.9
AREA # 08,Dpto. Cusco,"MUR/H:1,3",5603.6,3735.8,18000.0,1.5,1,60,22670.4
AREA # 08,Dpto. Cusco,UNK,3264.5,3264.5,12000.0,1.0,1,60,13207.1
AREA # 08,Dpto. Cusco,W+WBB/H:1,276.2,276.2,12000.0,1.0,1,60,1117.4
AREA # 08,Dpto. Cusco,"W+WHE/H:1,3",207.4,138.3,47250.0,1.5,1,70,839.1
AREA # 08,Dpto. Cusco,W+WLI/H:1,1400.1,1400.1,31500.0,1.0,1,70,5664.4
AREA # 08,Dpto. Cusco,W+WS/H:1,4358.1,4358.1,12000.0,1.0,1,60,17631.5
AREA # 08,Dpto. Cusco,"W+WWD/H:1,2",432.5,346.0,15000.0,1.25,1,60,1749.8
AREA # 09,Dpto. Huancavelica,"CR/LDUAL/DUC/H:4,7",10.2,0.7,1080000.0,5.0,3,80,41.1
AREA # 09,Dpto. Huancavelica,"CR/LDUAL/DUC/H:8,19",3.4,0.1,3456000.0,12.0,4,80,13.7
AREA # 09,Dpto. Huancavelica,"CR/LFINF/DNO/H:1,3",54.2,13.6,126000.0,2.0,2,70,218.4
AREA # 09,Dpto. Huancavelica,"CR/LFINF/DUC/H:1,3",51.9,13.0,288000.0,2.0,2,80,209.1
AREA # 09,Dpto. Huancavelica,"CR/LWAL/DNO/H:4,7",1.7,0.1,472500.0,5.0,3,70,6.8
AREA # 09,Dpto. Huancavelica,"CR/LWAL/DUC/H:4,7",1.7,0.1,1080000.0,5.0,3,80,6.8
AREA # 09,Dpto. Huancavelica,"CR/LWAL/DUC/H:8,19",1.7,0.0,3456000.0,12.0,4,80,6.8
AREA # 09,Dpto. Huancavelica,ER+ETR/H:1,8478.7,8478.7,12000.0,1.0,1,60,34163.0
AREA # 09,Dpto. Huancavelica,"ER+ETR/H:1,2",512.1,409.7,15000.0,1.25,1,60,2063.4
AREA # 09,Dpto. Huancavelica,MCF/DNO/H:1,136.9,136.9,12000.0,1.0,1,60,551.6
AREA # 09,Dpto. Huancavelica,"MCF/DNO/H:1,3",288.4,192.2,40500.0,1.5,1,60,1162.0
AREA # 09,Dpto. Huancavelica,"MCF/DUC/H:1,3",299.1,74.8,126000.0,2.0,2,70,1205.2
AREA # 09,Dpto. Huancavelica,"MR/DUC/H:1,3",7.7,1.5,360000.0,2.5,2,80,31.0
AREA # 09,Dpto. Huancavelica,MUR+ADO/H:1,19785.2,19785.2,12000.0,1.0,1,60,79720.0
AREA # 09,Dpto. Huancavelica,"MUR+ADO/H:1,2",2059.2,1647.3,15000.0,1.25,1,60,8297.1
AREA # 09,Dpto. Huancavelica,"MUR+STDRE/H:1,2",770.1,616.1,15000.0,1.25,1,60,3102.9
AREA # 09,Dpto. Huancavelica,"MUR+STRUB/H:1,2",1727.2,1381.8,15000.0,1.25,1,60,6959.4
AREA # 09,Dpto. Huancavelica,MUR/H:1,479.3,479.3,12000.0,1.0,1,60,1931.2
AREA # 09,Dpto. Huancavelica,"MUR/H:1,3",549.7,366.5,18000.0,1.5,1,60,2214.9
AREA # 09,Dpto. Huancavelica,UNK,292.3,292.3,12000.0,1.0,1,60,1177.8
AREA # 09,Dpto. Huancavelica,W+WBB/H:1,66.6,66.6,12000.0,1.0,1,60,268.3
AREA # 09,Dpto. Huancavelica,"W+WHE/H:1,3",7.8,5.2,47250.0,1.5,1,70,31.4
AREA # 09,Dpto. Huancavelica,W+WLI/H:1,25.1,25.1,31500.0,1.0,1,70,101.1
AREA # 09,Dpto. Huancavelica,W+WS/H:1,53.2,53.2,12000.0,1.0,1,60,214.4
AREA # 09,Dpto. Huancavelica,"W+WWD/H:1,2",80.5,64.4,15000.0,1.25,1,60,324.4
AREA # 10,Dpto. Huanuco,"CR/LDUAL/DUC/H:4,7",242.1,16.1,1080000.0,5.0,3,80,1055.3
AREA # 10,Dpto. Huanuco,"CR/LDUAL/DUC/H:8,19",80.7,1.7,3456000.0,12.0,4,80,351.8
AREA # 10,Dpto. Huanuco,"CR/LFINF/DNO/H:1,3",686.2,171.6,126000.0,2.0,2,70,2991.2
AREA # 10,Dpto. Huanuco,"CR/LFINF/DUC/H:1,3",682.0,170.5,288000.0,2.0,2,80,2972.9
AREA # 10,Dpto. Huanuco,"CR/LWAL/DNO/H:4,7",40.4,2.7,472500.0,5.0,3,70,176.1
AREA # 10,Dpto. Huanuco,"CR/LWAL/DUC/H:4,7",40.4,2.7,1080000.0,5.0,3,80,176.1
AREA # 10,Dpto. Huanuco,"CR/LWAL/DUC/H:8,19",40.4,0.8,3456000.0,12.0,4,80,176.1
AREA # 10,Dpto. Huanuco,ER+ETR/H:1,11835.9,11835.9,12000.0,1.0,1,60,51593.4
AREA # 10,Dpto. Huanuco,"ER+ETR/H:1,2",1087.4,869.9,15000.0,1.25,1,60,4740.0
AREA # 10,Dpto. Huanuco,MCF/DNO/H:1,1034.1,1034.1,12000.0,1.0,1,60,4507.7
AREA # 10,Dpto. Huanuco,"MCF/DNO/H:1,3",2545.7,1697.1,40500.0,1.5,1,60,11096.9
AREA # 10,Dpto. Huanuco,"MCF/DUC/H:1,3",2323.3,580.8,126000.0,2.0,2,70,10127.4
AREA # 10,Dpto. Huanuco,"MR/DUC/H:1,3",123.0,24.6,360000.0,2.5,2,80,536.2
AREA # 10,Dpto. Huanuco,MUR+ADO/H:1,27624.8,27624.8,12000.0,1.0,1,60,120418.1
AREA # 10,Dpto. Huanuco,"MUR+ADO/H:1,2",4369.7,3495.8,15000.0,1.25,1,60,19047.8
AREA # 10,Dpto. Huanuco,"MUR+STDRE/H:1,2",358.3,286.6,15000.0,1.25,1,60,1561.8
AREA # 10,Dpto. Huanuco,"MUR+STRUB/H:1,2",763.7,610.9,15000.0,1.25,1,60,3329.0
AREA # 10,Dpto. Huanuco,MUR/H:1,3197.5,3197.5,12000.0,1.0,1,60,13938.1
AREA # 10,Dpto. Huanuco,"MUR/H:1,3",4732.9,3155.2,18000.0,1.5,1,60,20631.0
AREA # 10,Dpto. Huanuco,UNK,3407.2,3407.2,12000.0,1.0,1,60,14852.2
AREA # 10,Dpto. Huanuco,W+WBB/H:1,148.4,148.4,12000.0,1.0,1,60,646.9
AREA # 10,Dpto. Huanuco,"W+WHE/H:1,3",346.6,231.1,47250.0,1.5,1,70,1510.8
AREA # 10,Dpto. Huanuco,W+WLI/H:1,2736.9,2736.9,31500.0,1.0,1,70,11930.3
AREA # 10,Dpto. Huanuco,W+WS/H:1,5337.8,5337.8,12000.0,1.0,1,60,23267.8
AREA # 10,Dpto. Huanuco,"W+WWD/H:1,2",527.7,422.2,15000.0,1.25,1,60,2300.3
AREA # 11,Dpto. Ica,"CR/LDUAL/DUC/H:4,7",313.8,20.9,1080000.0,5.0,3,80,1347.7
AREA # 11,Dpto. Ica,"CR/LDUAL/DUC/H:8,19",104.6,2.2,3456000.0,12.0,4,80,449.2
AREA # 11,Dpto. Ica,"CR/LFINF/DNO/H:1,3",1810.0,452.5,126000.0,2.0,2,70,7773.8
AREA # 11,Dpto. Ica,"CR/LFINF/DUC/H:1,3",1805.3,451.3,288000.0,2.0,2,80,7753.6
AREA # 11,Dpto. Ica,"CR/LWAL/DNO/H:4,7",52.3,3.5,472500.0,5.0,3,70,224.6
AREA # 11,Dpto. Ica,"CR/LWAL/DUC/H:4,7",52.3,3.5,1080000.0,5.0,3,80,224.6
AREA # 11,Dpto. Ica,"CR/LWAL/DUC/H:8,19",52.3,1.1,3456000.0,12.0,4,80,224.6
AREA # 11,Dpto. Ica,ER+ETR/H:1,6067.1,6067.1,12000.0,1.0,1,60,26057.7
AREA # 11,Dpto. Ica,"ER+ETR/H:1,2",4733.0,3786.4,15000.0,1.25,1,60,20327.8
AREA # 11,Dpto. Ica,MCF/DNO/H:1,4095.1,4095.1,12000.0,1.0,1,60,17588.1
AREA # 11,Dpto. Ica,"MCF/DNO/H:1,3",10095.8,6730.5,40500.0,1.5,1,60,43360.6
AREA # 11,Dpto. Ica,"MCF/DUC/H:1,3",10524.4,2631.1,126000.0,2.0,2,70,45201.4
AREA # 11,Dpto. Ica,"MR/DUC/H:1,3",111.8,22.4,360000.0,2.5,2,80,480.2
AREA # 11,Dpto. Ica,MUR+ADO/H:1,14180.3,14180.3,12000.0,1.0,1,60,60903.2
AREA # 11,Dpto. Ica,"MUR+ADO/H:1,2",18959.1,15167.3,15000.0,1.25,1,60,81427.8
AREA # 11,Dpto. Ica,"MUR+STDRE/H:1,2",104.0,83.2,15000.0,1.25,1,60,446.7
AREA # 11,Dpto. Ica,"MUR+STRUB/H:1,2",150.0,120.0,15000.0,1.25,1,60,644.2
AREA # 11,Dpto. Ica,MUR/H:1,14493.2,14493.2,12000.0,1.0,1,60,62247.1
AREA # 11,Dpto. Ica,"MUR/H:1,3",20690.9,13794.0,18000.0,1.5,1,60,88865.7
AREA # 11,Dpto. Ica,UNK,9925.6,9925.6,12000.0,1.0,1,60,42629.6
AREA # 11,Dpto. Ica,W+WBB/H:1,24989.9,24989.9,12000.0,1.0,1,60,107329.5
AREA # 11,Dpto. Ica,"W+WHE/H:1,3",76.2,50.8,47250.0,1.5,1,70,327.3
AREA # 11,Dpto. Ica,W+WLI/H:1,362.3,362.3,31500.0,1.0,1,70,1556.0
AREA # 11,Dpto. Ica,W+WS/H:1,924.1,924.1,12000.0,1.0,1,60,3968.9
AREA # 11,Dpto. Ica,"W+WWD/H:1,2",3405.6,2724.5,15000.0,1.25,1,60,14626.8
AREA # 12,Dpto. Junin,"CR/LDUAL/DUC/H:4,7",753.9,50.3,1080000.0,5.0,3,80,3267.3
AREA # 12,Dpto. Junin,"CR/LDUAL/DUC/H:8,19",251.3,5.2,3456000.0,12.0,4,80,1089.1
AREA # 12,Dpto. Junin,"CR/LFINF/DNO/H:1,3",1828.8,457.2,126000.0,2.0,2,70,7925.6
AREA # 12,Dpto. Junin,"CR/LFINF/DUC/H:1,3",1817.1,454.3,288000.0,2.0,2,80,7874.9
AREA # 12,Dpto. Junin,"CR/LWAL/DNO/H:4,7",125.6,8.4,472500.0,5.0,3,70,544.3
AREA # 12,Dpto. Junin,"CR/LWAL/DUC/H:4,7",125.6,8.4,1080000.0,5.0,3,80,544.3
AREA # 12,Dpto. Junin,"CR/LWAL/DUC/H:8,19",125.6,2.6,3456000.0,12.0,4,80,544.3
AREA # 12,Dpto. Junin,ER+ETR/H:1,17499.3,17499.3,12000.0,1.0,1,60,75838.4
AREA # 12,Dpto. Junin,"ER+ETR/H:1,2",4784.5,3827.6,15000.0,1.25,1,60,20735.1
AREA # 12,Dpto. Junin,MCF/DNO/H:1,4442.0,4442.0,12000.0,1.0,1,60,19250.7
AREA # 12,Dpto. Junin,"MCF/DNO/H:1,3",10646.4,7097.6,40500.0,1.5,1,60,46139.3
AREA # 12,Dpto. Junin,"MCF/DUC/H:1,3",10037.1,2509.3,126000.0,2.0,2,70,43498.8
AREA # 12,Dpto. Junin,"MR/DUC/H:1,3",304.9,61.0,360000.0,2.5,2,80,1321.4
AREA # 12,Dpto. Junin,MUR+ADO/H:1,40840.8,40840.8,12000.0,1.0,1,60,176995.8
AREA # 12,Dpto. Junin,"MUR+ADO/H:1,2",19314.7,15451.8,15000.0,1.25,1,60,83706.0
AREA # 12,Dpto. Junin,"MUR+STDRE/H:1,2",572.6,458.0,15000.0,1.25,1,60,2481.5
AREA # 12,Dpto. Junin,"MUR+STRUB/H:1,2",1063.5,850.8,15000.0,1.25,1,60,4609.0
AREA # 12,Dpto. Junin,MUR/H:1,17076.3,17076.3,12000.0,1.0,1,60,74005.2
AREA # 12,Dpto. Junin,"MUR/H:1,3",20076.1,13384.1,18000.0,1.5,1,60,87005.8
AREA # 12,Dpto. Junin,UNK,12351.0,12351.0,12000.0,1.0,1,60,53526.7
AREA # 12,Dpto. Junin,W+WBB/H:1,290.4,290.4,12000.0,1.0,1,60,1258.5
AREA # 12,Dpto. Junin,"W+WHE/H:1,3",587.7,391.8,47250.0,1.5,1,70,2547.0
AREA # 12,Dpto. Junin,W+WLI/H:1,4720.6,4720.6,31500.0,1.0,1,70,20458.1
AREA # 12,Dpto. Junin,W+WS/H:1,15929.7,15929.7,12000.0,1.0,1,60,69036.1
AREA # 12,Dpto. Junin,"W+WWD/H:1,2",4859.4,3887.5,15000.0,1.25,1,60,21059.7
AREA # 13,Dpto. La Libertad,"CR/LDUAL/DUC/H:4,7",1911.9,127.5,1080000.0,5.0,3,80,8514.5
AREA # 13,Dpto. La Libertad,"CR/LDUAL/DUC/H:8,19",637.3,13.3,3456000.0,12.0,4,80,2838.2
AREA # 13,Dpto. La Libertad,"CR/LFINF/DNO/H:1,3",3915.1,978.8,126000.0,2.0,2,70,17435.7
AREA # 13,Dpto. La Libertad,"CR/LFINF/DUC/H:1,3",3908.5,977.1,288000.0,2.0,2,80,17406.3
AREA # 13,Dpto. La Libertad,"CR/LWAL/DNO/H:4,7",318.7,21.2,472500.0,5.0,3,70,1419.3
AREA # 13,Dpto. La Libertad,"CR/LWAL/DUC/H:4,7",318.7,21.2,1080000.0,5.0,3,80,1419.3
AREA # 13,Dpto. La Libertad,"CR/LWAL/DUC/H:8,19",318.7,6.6,3456000.0,12.0,4,80,1419.3
AREA # 13,Dpto. La Libertad,ER+ETR/H:1,35525.1,35525.1,12000.0,1.0,1,60,158209.1
AREA # 13,Dpto. La Libertad,"ER+ETR/H:1,2",9695.6,7756.5,15000.0,1.25,1,60,43178.8
AREA # 13,Dpto. La Libertad,MCF/DNO/H:1,5393.3,5393.3,12000.0,1.0,1,60,24018.8
AREA # 13,Dpto. La Libertad,"MCF/DNO/H:1,3",14231.6,9487.8,40500.0,1.5,1,60,63379.7
AREA # 13,Dpto. La Libertad,"MCF/DUC/H:1,3",15809.9,3952.5,126000.0,2.0,2,70,70408.5
AREA # 13,Dpto. La Libertad,"MR/DUC/H:1,3",487.8,97.6,360000.0,2.5,2,80,2172.4
AREA # 13,Dpto. La Libertad,MUR+ADO/H:1,82905.5,82905.5,12000.0,1.0,1,60,369215.2
AREA # 13,Dpto. La Libertad,"MUR+ADO/H:1,2",38880.6,31104.5,15000.0,1.25,1,60,173152.7
AREA # 13,Dpto. La Libertad,"MUR+STDRE/H:1,2",676.8,541.4,15000.0,1.25,1,60,3014.1
AREA # 13,Dpto. La Libertad,"MUR+STRUB/H:1,2",1193.7,955.0,15000.0,1.25,1,60,5316.1
AREA # 13,Dpto. La Libertad,MUR/H:1,20085.9,20085.9,12000.0,1.0,1,60,89451.5
AREA # 13,Dpto. La Libertad,"MUR/H:1,3",28220.1,18813.4,18000.0,1.5,1,60,125676.7
AREA # 13,Dpto. La Libertad,UNK,3912.3,3912.3,12000.0,1.0,1,60,17423.2
AREA # 13,Dpto. La Libertad,W+WBB/H:1,3308.4,3308.4,12000.0,1.0,1,60,14733.8
AREA # 13,Dpto. La Libertad,"W+WHE/H:1,3",73.9,49.3,47250.0,1.5,1,70,329.1
AREA # 13,Dpto. La Libertad,W+WLI/H:1,270.4,270.4,31500.0,1.0,1,70,1204.2
AREA # 13,Dpto. La Libertad,W+WS/H:1,485.9,485.9,12000.0,1.0,1,60,2163.9
AREA # 13,Dpto. La Libertad,"W+WWD/H:1,2",1217.4,973.9,15000.0,1.25,1,60,5421.6
AREA # 14,Dpto. Lambayeque,"CR/LDUAL/DUC/H:4,7",1237.2,82.5,1080000.0,5.0,3,80,5663.8
AREA # 14,Dpto. Lambayeque,"CR/LDUAL/DUC/H:8,19",412.4,8.6,3456000.0,12.0,4,80,1887.9
AREA # 14,Dpto. Lambayeque,"CR/LFINF/DNO/H:1,3",3428.6,857.1,126000.0,2.0,2,70,15695.7
AREA # 14,Dpto. Lambayeque,"CR/LFINF/DUC/H:1,3",3417.4,854.4,288000.0,2.0,2,80,15644.5
AREA # 14,Dpto. Lambayeque,"CR/LWAL/DNO/H:4,7",206.2,13.7,472500.0,5.0,3,70,944.0
AREA # 14,Dpto. Lambayeque,"CR/LWAL/DUC/H:4,7",206.2,13.7,1080000.0,5.0,3,80,944.0
AREA # 14,Dpto. Lambayeque,"CR/LWAL/DUC/H:8,19",206.2,4.3,3456000.0,12.0,4,80,944.0
AREA # 14,Dpto. Lambayeque,ER+ETR/H:1,18972.6,18972.6,12000.0,1.0,1,60,86854.4
AREA # 14,Dpto. Lambayeque,"ER+ETR/H:1,2",6612.0,5289.6,15000.0,1.25,1,60,30269.0
AREA # 14,Dpto. Lambayeque,MCF/DNO/H:1,4764.0,4764.0,12000.0,1.0,1,60,21809.1
AREA # 14,Dpto. Lambayeque,"MCF/DNO/H:1,3",12636.1,8424.1,40500.0,1.5,1,60,57846.7
AREA # 14,Dpto. Lambayeque,"MCF/DUC/H:1,3",14739.4,3684.9,126000.0,2.0,2,70,67475.3
AREA # 14,Dpto. Lambayeque,"MR/DUC/H:1,3",357.5,71.5,360000.0,2.5,2,80,1636.6
AREA # 14,Dpto. Lambayeque,MUR+ADO/H:1,44299.4,44299.4,12000.0,1.0,1,60,202797.7
AREA # 14,Dpto. Lambayeque,"MUR+ADO/H:1,2",26577.4,21261.9,15000.0,1.25,1,60,121668.4
AREA # 14,Dpto. Lambayeque,"MUR+STDRE/H:1,2",144.5,115.6,15000.0,1.25,1,60,661.5
AREA # 14,Dpto. Lambayeque,"MUR+STRUB/H:1,2",168.9,135.1,15000.0,1.25,1,60,773.2
AREA # 14,Dpto. Lambayeque,MUR/H:1,18574.9,18574.9,12000.0,1.0,1,60,85033.8
AREA # 14,Dpto. Lambayeque,"MUR/H:1,3",25479.4,16986.3,18000.0,1.5,1,60,116641.8
AREA # 14,Dpto. Lambayeque,UNK,4188.9,4188.9,12000.0,1.0,1,60,19176.3
AREA # 14,Dpto. Lambayeque,W+WBB/H:1,1698.6,1698.6,12000.0,1.0,1,60,7776.0
AREA # 14,Dpto. Lambayeque,"W+WHE/H:1,3",34.1,22.7,47250.0,1.5,1,70,156.1
AREA # 14,Dpto. Lambayeque,W+WLI/H:1,139.6,139.6,31500.0,1.0,1,70,639.1
AREA # 14,Dpto. Lambayeque,W+WS/H:1,361.9,361.9,12000.0,1.0,1,60,1656.7
AREA # 14,Dpto. Lambayeque,"W+WWD/H:1,2",4508.3,3606.7,15000.0,1.25,1,60,20638.5
AREA # 15,Dpto. Lima,"CR/LDUAL/DUC/H:4,7",49481.7,3298.8,1080000.0,5.0,3,80,218088.3
AREA # 15,Dpto. Lima,"CR/LDUAL/DUC/H:8,19",16493.9,343.6,3456000.0,12.0,4,80,72696.1
AREA # 15,Dpto. Lima,"CR/LFINF/DNO/H:1,3",66978.1,16744.5,126000.0,2.0,2,70,295202.8
AREA # 15,Dpto. Lima,"CR/LFINF/DUC/H:1,3",66843.0,16710.8,288000.0,2.0,2,80,294607.4
AREA # 15,Dpto. Lima,"CR/LWAL/DNO/H:4,7",8247.0,549.8,472500.0,5.0,3,70,36348.3
AREA # 15,Dpto. Lima,"CR/LWAL/DUC/H:4,7",8247.0,549.8,1080000.0,5.0,3,80,36348.3
AREA # 15,Dpto. Lima,"CR/LWAL/DUC/H:8,19",8247.0,171.8,3456000.0,12.0,4,80,36348.3
AREA # 15,Dpto. Lima,ER+ETR/H:1,22451.8,22451.8,12000.0,1.0,1,60,98955.2
AREA # 15,Dpto. Lima,"ER+ETR/H:1,2",18161.3,14529.1,15000.0,1.25,1,60,80045.1
AREA # 15,Dpto. Lima,MCF/DNO/H:1,72284.5,72284.5,12000.0,1.0,1,60,318590.5
AREA # 15,Dpto. Lima,"MCF/DNO/H:1,3",226088.8,150725.9,40500.0,1.5,1,60,996475.7
AREA # 15,Dpto. Lima,"MCF/DUC/H:1,3",280348.7,70087.2,126000.0,2.0,2,70,1235623.7
AREA # 15,Dpto. Lima,"MR/DUC/H:1,3",12837.4,2567.5,360000.0,2.5,2,80,56580.2
AREA # 15,Dpto. Lima,MUR+ADO/H:1,52421.9,52421.9,12000.0,1.0,1,60,231047.1
AREA # 15,Dpto. Lima,"MUR+ADO/H:1,2",74001.8,59201.4,15000.0,1.25,1,60,326159.4
AREA # 15,Dpto. Lima,"MUR+STDRE/H:1,2",2866.3,2293.0,15000.0,1.25,1,60,12633.1
AREA # 15,Dpto. Lima,"MUR+STRUB/H:1,2",3116.3,2493.0,15000.0,1.25,1,60,13734.9
AREA # 15,Dpto. Lima,MUR/H:1,221129.6,221129.6,12000.0,1.0,1,60,974618.3
AREA # 15,Dpto. Lima,"MUR/H:1,3",411736.6,274491.1,18000.0,1.5,1,60,1814709.6
AREA # 15,Dpto. Lima,UNK,88666.3,88666.3,12000.0,1.0,1,60,390792.5
AREA # 15,Dpto. Lima,W+WBB/H:1,40667.7,40667.7,12000.0,1.0,1,60,179241.0
AREA # 15,Dpto. Lima,"W+WHE/H:1,3",7051.6,4701.1,47250.0,1.5,1,70,31079.6
AREA # 15,Dpto. Lima,W+WLI/H:1,31006.1,31006.1,31500.0,1.0,1,70,136657.9
AREA # 15,Dpto. Lima,W+WS/H:1,75054.2,75054.2,12000.0,1.0,1,60,330797.8
AREA # 15,Dpto. Lima,"W+WWD/H:1,2",13259.8,10607.8,15000.0,1.25,1,60,58441.9
AREA # 16,Dpto. Loreto,"CR/LDUAL/DUC/H:4,7",72.6,4.8,1080000.0,5.0,3,80,376.1
AREA # 16,Dpto. Loreto,"CR/LDUAL/DUC/H:8,19",24.2,0.5,3456000.0,12.0,4,80,125.4
AREA # 16,Dpto. Loreto,"CR/LFINF/DNO/H:1,3",505.1,126.3,126000.0,2.0,2,70,2616.7
AREA # 16,Dpto. Loreto,"CR/LFINF/DUC/H:1,3",504.3,126.1,288000.0,2.0,2,80,2612.5
AREA # 16,Dpto. Loreto,"CR/LWAL/DNO/H:4,7",12.1,0.8,472500.0,5.0,3,70,62.7
AREA # 16,Dpto. Loreto,"CR/LWAL/DUC/H:4,7",12.1,0.8,1080000.0,5.0,3,80,62.7
AREA # 16,Dpto. Loreto,"CR/LWAL/DUC/H:8,19",12.1,0.3,3456000.0,12.0,4,80,62.7
AREA # 16,Dpto. Loreto,ER+ETR/H:1,139.3,139.3,12000.0,1.0,1,60,721.6
AREA # 16,Dpto. Loreto,"ER+ETR/H:1,2",68.2,54.5,15000.0,1.25,1,60,353.3
AREA # 16,Dpto. Loreto,MCF/DNO/H:1,2276.1,2276.1,12000.0,1.0,1,60,11791.3
AREA # 16,Dpto. Loreto,"MCF/DNO/H:1,3",5429.0,3619.3,40500.0,1.5,1,60,28124.9
AREA # 16,Dpto. Loreto,"MCF/DUC/H:1,3",4611.2,1152.8,126000.0,2.0,2,70,23888.3
AREA # 16,Dpto. Loreto,"MR/DUC/H:1,3",28.2,5.6,360000.0,2.5,2,80,146.1
AREA # 16,Dpto. Loreto,MUR+ADO/H:1,333.7,333.7,12000.0,1.0,1,60,1728.7
AREA # 16,Dpto. Loreto,"MUR+ADO/H:1,2",274.0,219.2,15000.0,1.25,1,60,1419.5
AREA # 16,Dpto. Loreto,"MUR+STDRE/H:1,2",81.6,65.3,15000.0,1.25,1,60,422.7
AREA # 16,Dpto. Loreto,"MUR+STRUB/H:1,2",90.5,72.4,15000.0,1.25,1,60,468.8
AREA # 16,Dpto. Loreto,MUR/H:1,7948.6,7948.6,12000.0,1.0,1,60,41177.7
AREA # 16,Dpto. Loreto,"MUR/H:1,3",10486.7,6991.1,18000.0,1.5,1,60,54326.3
AREA # 16,Dpto. Loreto,UNK,19624.3,19624.3,12000.0,1.0,1,60,101663.6
AREA # 16,Dpto. Loreto,W+WBB/H:1,1259.8,1259.8,12000.0,1.0,1,60,6526.4
AREA # 16,Dpto. Loreto,"W+WHE/H:1,3",3475.4,2316.9,47250.0,1.5,1,70,18004.3
AREA # 16,Dpto. Loreto,W+WLI/H:1,25569.7,25569.7,31500.0,1.0,1,70,132463.7
AREA # 16,Dpto. Loreto,W+WS/H:1,29296.0,29296.0,12000.0,1.0,1,60,151767.8
AREA # 16,Dpto. Loreto,"W+WWD/H:1,2",478.2,382.6,15000.0,1.25,1,60,2477.3
AREA # 17,Dpto. Madre de Dios,"CR/LDUAL/DUC/H:4,7",11.4,0.8,1080000.0,5.0,3,80,46.9
AREA # 17,Dpto. Madre de Dios,"CR/LDUAL/DUC/H:8,19",3.8,0.1,3456000.0,12.0,4,80,15.6
AREA # 17,Dpto. Madre de Dios,"CR/LFINF/DNO/H:1,3",81.7,20.4,126000.0,2.0,2,70,336.4
AREA # 17,Dpto. Madre de Dios,"CR/LFINF/DUC/H:1,3",79.4,19.9,288000.0,2.0,2,80,326.9
AREA # 17,Dpto. Madre de Dios,"CR/LWAL/DNO/H:4,7",1.9,0.1,472500.0,5.0,3,70,7.8
AREA # 17,Dpto. Madre de Dios,"CR/LWAL/DUC/H:4,7",1.9,0.1,1080000.0,5.0,3,80,7.8
AREA # 17,Dpto. Madre de Dios,"CR/LWAL/DUC/H:8,19",1.9,0.0,3456000.0,12.0,4,80,7.8
AREA # 17,Dpto. Madre de Dios,ER+ETR/H:1,12.0,12.0,12000.0,1.0,1,60,49.4
AREA # 17,Dpto. Madre de Dios,"ER+ETR/H:1,2",14.2,11.4,15000.0,1.25,1,60,58.5
AREA # 17,Dpto. Madre de Dios,MCF/DNO/H:1,518.9,518.9,12000.0,1.0,1,60,2136.4
AREA # 17,Dpto. Madre de Dios,"MCF/DNO/H:1,3",1096.5,731.0,40500.0,1.5,1,60,4514.4
AREA # 17,Dpto. Madre de Dios,"MCF/DUC/H:1,3",1116.8,279.2,126000.0,2.0,2,70,4598.0
AREA # 17,Dpto. Madre de Dios,"MR/DUC/H:1,3",9.6,1.9,360000.0,2.5,2,80,39.5
AREA # 17,Dpto. Madre de Dios,MUR+ADO/H:1,29.9,29.9,12000.0,1.0,1,60,123.1
AREA # 17,Dpto. Madre de Dios,"MUR+ADO/H:1,2",57.7,46.1,15000.0,1.25,1,60,237.6
AREA # 17,Dpto. Madre de Dios,"MUR+STDRE/H:1,2",37.5,30.0,15000.0,1.25,1,60,154.4
AREA # 17,Dpto. Madre de Dios,"MUR+STRUB/H:1,2",19.0,15.2,15000.0,1.25,1,60,78.2
AREA # 17,Dpto. Madre de Dios,MUR/H:1,1181.6,1181.6,12000.0,1.0,1,60,4864.8
AREA # 17,Dpto. Madre de Dios,"MUR/H:1,3",2092.9,1395.3,18000.0,1.5,1,60,8616.7
AREA # 17,Dpto. Madre de Dios,UNK,3433.9,3433.9,12000.0,1.0,1,60,14137.8
AREA # 17,Dpto. Madre de Dios,W+WBB/H:1,48.4,48.4,12000.0,1.0,1,60,199.3
AREA # 17,Dpto. Madre de Dios,"W+WHE/H:1,3",1008.4,672.3,47250.0,1.5,1,70,4151.7
AREA # 17,Dpto. Madre de Dios,W+WLI/H:1,3843.9,3843.9,31500.0,1.0,1,70,15825.8
AREA # 17,Dpto. Madre de Dios,W+WS/H:1,4758.7,4758.7,12000.0,1.0,1,60,19592.2
AREA # 17,Dpto. Madre de Dios,"W+WWD/H:1,2",44.2,35.3,15000.0,1.25,1,60,182.0
AREA # 18,Dpto. Moquegua,"CR/LDUAL/DUC/H:4,7",249.3,16.6,1080000.0,5.0,3,80,860.4
AREA # 18,Dpto. Moquegua,"CR/LDUAL/DUC/H:8,19",83.1,1.7,3456000.0,12.0,4,80,286.8
AREA # 18,Dpto. Moquegua,"CR/LFINF/DNO/H:1,3",493.8,123.5,126000.0,2.0,2,70,1704.3
AREA # 18,Dpto. Moquegua,"CR/LFINF/DUC/H:1,3",493.4,123.3,288000.0,2.0,2,80,1702.9
AREA # 18,Dpto. Moquegua,"CR/LWAL/DNO/H:4,7",41.6,2.8,472500.0,5.0,3,70,143.6
AREA # 18,Dpto. Moquegua,"CR/LWAL/DUC/H:4,7",41.6,2.8,1080000.0,5.0,3,80,143.6
AREA # 18,Dpto. Moquegua,"CR/LWAL/DUC/H:8,19",41.6,0.9,3456000.0,12.0,4,80,143.6
AREA # 18,Dpto. Moquegua,ER+ETR/H:1,2757.8,2757.8,12000.0,1.0,1,60,9518.0
AREA # 18,Dpto. Moquegua,"ER+ETR/H:1,2",442.3,353.8,15000.0,1.25,1,60,1526.5
AREA # 18,Dpto. Moquegua,MCF/DNO/H:1,1508.2,1508.2,12000.0,1.0,1,60,5205.3
AREA # 18,Dpto. Moquegua,"MCF/DNO/H:1,3",3490.2,2326.8,40500.0,1.5,1,60,12045.7
AREA # 18,Dpto. Moquegua,"MCF/DUC/H:1,3",2799.2,699.8,126000.0,2.0,2,70,9660.9
AREA # 18,Dpto. Moquegua,"MR/DUC/H:1,3",77.2,15.4,360000.0,2.5,2,80,266.4
AREA # 18,Dpto. Moquegua,MUR+ADO/H:1,6438.5,6438.5,12000.0,1.0,1,60,22221.2
AREA # 18,Dpto. Moquegua,"MUR+ADO/H:1,2",1772.4,1417.9,15000.0,1.25,1,60,6117.1
AREA # 18,Dpto. Moquegua,"MUR+STDRE/H:1,2",288.6,230.9,15000.0,1.25,1,60,996.0
AREA # 18,Dpto. Moquegua,"MUR+STRUB/H:1,2",594.1,475.3,15000.0,1.25,1,60,2050.4
AREA # 18,Dpto. Moquegua,MUR/H:1,4986.2,4986.2,12000.0,1.0,1,60,17208.9
AREA # 18,Dpto. Moquegua,"MUR/H:1,3",6846.5,4564.3,18000.0,1.5,1,60,23629.3
AREA # 18,Dpto. Moquegua,UNK,1076.8,1076.8,12000.0,1.0,1,60,3716.4
AREA # 18,Dpto. Moquegua,W+WBB/H:1,4053.8,4053.8,12000.0,1.0,1,60,13990.9
AREA # 18,Dpto. Moquegua,"W+WHE/H:1,3",41.9,27.9,47250.0,1.5,1,70,144.6
AREA # 18,Dpto. Moquegua,W+WLI/H:1,199.5,199.5,31500.0,1.0,1,70,688.5
AREA # 18,Dpto. Moquegua,W+WS/H:1,480.7,480.7,12000.0,1.0,1,60,1659.0
AREA # 18,Dpto. Moquegua,"W+WWD/H:1,2",308.8,247.0,15000.0,1.25,1,60,1065.8
AREA # 19,Dpto. Pasco,"CR/LDUAL/DUC/H:4,7",85.5,5.7,1080000.0,5.0,3,80,368.0
AREA # 19,Dpto. Pasco,"CR/LDUAL/DUC/H:8,19",28.5,0.6,3456000.0,12.0,4,80,122.7
AREA # 19,Dpto. Pasco,"CR/LFINF/DNO/H:1,3",251.1,62.8,126000.0,2.0,2,70,1080.8
AREA # 19,Dpto. Pasco,"CR/LFINF/DUC/H:1,3",246.8,61.7,288000.0,2.0,2,80,1062.3
AREA # 19,Dpto. Pasco,"CR/LWAL/DNO/H:4,7",14.3,1.0,472500.0,5.0,3,70,61.6
AREA # 19,Dpto. Pasco,"CR/LWAL/DUC/H:4,7",14.3,1.0,1080000.0,5.0,3,80,61.6
AREA # 19,Dpto. Pasco,"CR/LWAL/DUC/H:8,19",14.3,0.3,3456000.0,12.0,4,80,61.6
AREA # 19,Dpto. Pasco,ER+ETR/H:1,3448.8,3448.8,12000.0,1.0,1,60,14844.3
AREA # 19,Dpto. Pasco,"ER+ETR/H:1,2",1269.0,1015.2,15000.0,1.25,1,60,5462.0
AREA # 19,Dpto. Pasco,MCF/DNO/H:1,879.7,879.7,12000.0,1.0,1,60,3786.4
AREA # 19,Dpto. Pasco,"MCF/DNO/H:1,3",2000.0,1333.3,40500.0,1.5,1,60,8608.4
AREA # 19,Dpto. Pasco,"MCF/DUC/H:1,3",1751.9,438.0,126000.0,2.0,2,70,7540.5
AREA # 19,Dpto. Pasco,"MR/DUC/H:1,3",40.8,8.2,360000.0,2.5,2,80,175.6
AREA # 19,Dpto. Pasco,MUR+ADO/H:1,8055.3,8055.3,12000.0,1.0,1,60,34671.6
AREA # 19,Dpto. Pasco,"MUR+ADO/H:1,2",5107.4,4085.9,15000.0,1.25,1,60,21983.3
AREA # 19,Dpto. Pasco,"MUR+STDRE/H:1,2",312.5,250.0,15000.0,1.25,1,60,1345.1
AREA # 19,Dpto. Pasco,"MUR+STRUB/H:1,2",575.7,460.5,15000.0,1.25,1,60,2477.9
AREA # 19,Dpto. Pasco,MUR/H:1,2264.1,2264.1,12000.0,1.0,1,60,9745.1
AREA # 19,Dpto. Pasco,"MUR/H:1,3",3810.4,2540.3,18000.0,1.5,1,60,16400.7
AREA # 19,Dpto. Pasco,UNK,3054.2,3054.2,12000.0,1.0,1,60,13145.9
AREA # 19,Dpto. Pasco,W+WBB/H:1,84.1,84.1,12000.0,1.0,1,60,362.0
AREA # 19,Dpto. Pasco,"W+WHE/H:1,3",624.6,416.4,47250.0,1.5,1,70,2688.4
AREA # 19,Dpto. Pasco,W+WLI/H:1,3504.4,3504.4,31500.0,1.0,1,70,15083.6
AREA # 19,Dpto. Pasco,W+WS/H:1,2483.7,2483.7,12000.0,1.0,1,60,10690.3
AREA # 19,Dpto. Pasco,"W+WWD/H:1,2",409.7,327.7,15000.0,1.25,1,60,1763.4
AREA # 20,Dpto. Piura,"CR/LDUAL/DUC/H:4,7",571.5,38.1,1080000.0,5.0,3,80,2577.3
AREA # 20,Dpto. Piura,"CR/LDUAL/DUC/H:8,19",190.5,4.0,3456000.0,12.0,4,80,859.1
AREA # 20,Dpto. Piura,"CR/LFINF/DNO/H:1,3",2554.3,638.6,126000.0,2.0,2,70,11519.0
AREA # 20,Dpto. Piura,"CR/LFINF/DUC/H:1,3",2553.5,638.4,288000.0,2.0,2,80,11515.4
AREA # 20,Dpto. Piura,"CR/LWAL/DNO/H:4,7",95.2,6.3,472500.0,5.0,3,70,429.3
AREA # 20,Dpto. Piura,"CR/LWAL/DUC/H:4,7",95.2,6.3,1080000.0,5.0,3,80,429.3
AREA # 20,Dpto. Piura,"CR/LWAL/DUC/H:8,19",95.2,2.0,3456000.0,12.0,4,80,429.3
AREA # 20,Dpto. Piura,ER+ETR/H:1,23008.4,23008.4,12000.0,1.0,1,60,103760.2
AREA # 20,Dpto. Piura,"ER+ETR/H:1,2",2500.6,2000.5,15000.0,1.25,1,60,11276.9
AREA # 20,Dpto. Piura,MCF/DNO/H:1,7027.0,7027.0,12000.0,1.0,1,60,31689.4
AREA # 20,Dpto. Piura,"MCF/DNO/H:1,3",16065.9,10710.6,40500.0,1.5,1,60,72451.9
AREA # 20,Dpto. Piura,"MCF/DUC/H:1,3",14099.5,3524.9,126000.0,2.0,2,70,63584.0
AREA # 20,Dpto. Piura,"MR/DUC/H:1,3",145.8,29.2,360000.0,2.5,2,80,657.5
AREA # 20,Dpto. Piura,MUR+ADO/H:1,53692.0,53692.0,12000.0,1.0,1,60,242133.0
AREA # 20,Dpto. Piura,"MUR+ADO/H:1,2",10016.6,8013.3,15000.0,1.25,1,60,45171.5
AREA # 20,Dpto. Piura,"MUR+STDRE/H:1,2",406.1,324.9,15000.0,1.25,1,60,1831.4
AREA # 20,Dpto. Piura,"MUR+STRUB/H:1,2",571.4,457.1,15000.0,1.25,1,60,2576.8
AREA # 20,Dpto. Piura,MUR/H:1,32659.7,32659.7,12000.0,1.0,1,60,147284.4
AREA # 20,Dpto. Piura,"MUR/H:1,3",33109.8,22073.2,18000.0,1.5,1,60,149314.2
AREA # 20,Dpto. Piura,UNK,21250.4,21250.4,12000.0,1.0,1,60,95832.2
AREA # 20,Dpto. Piura,W+WBB/H:1,9565.6,9565.6,12000.0,1.0,1,60,43137.7
AREA # 20,Dpto. Piura,"W+WHE/H:1,3",361.1,240.7,47250.0,1.5,1,70,1628.4
AREA # 20,Dpto. Piura,W+WLI/H:1,2293.1,2293.1,31500.0,1.0,1,70,10341.1
AREA # 20,Dpto. Piura,W+WS/H:1,7394.1,7394.1,12000.0,1.0,1,60,33344.9
AREA # 20,Dpto. Piura,"W+WWD/H:1,2",35494.1,28395.3,15000.0,1.25,1,60,160066.6
AREA # 21,Dpto. Puno,"CR/LDUAL/DUC/H:4,7",234.6,15.6,1080000.0,5.0,3,80,911.6
AREA # 21,Dpto. Puno,"CR/LDUAL/DUC/H:8,19",78.2,1.6,3456000.0,12.0,4,80,303.9
AREA # 21,Dpto. Puno,"CR/LFINF/DNO/H:1,3",794.9,198.7,126000.0,2.0,2,70,3088.8
AREA # 21,Dpto. Puno,"CR/LFINF/DUC/H:1,3",777.6,194.4,288000.0,2.0,2,80,3021.6
AREA # 21,Dpto. Puno,"CR/LWAL/DNO/H:4,7",39.1,2.6,472500.0,5.0,3,70,151.9
AREA # 21,Dpto. Puno,"CR/LWAL/DUC/H:4,7",39.1,2.6,1080000.0,5.0,3,80,151.9
AREA # 21,Dpto. Puno,"CR/LWAL/DUC/H:8,19",39.1,0.8,3456000.0,12.0,4,80,151.9
AREA # 21,Dpto. Puno,ER+ETR/H:1,27483.7,27483.7,12000.0,1.0,1,60,106796.5
AREA # 21,Dpto. Puno,"ER+ETR/H:1,2",2541.1,2032.9,15000.0,1.25,1,60,9874.2
AREA # 21,Dpto. Puno,MCF/DNO/H:1,2466.9,2466.9,12000.0,1.0,1,60,9585.9
AREA # 21,Dpto. Puno,"MCF/DNO/H:1,3",5131.2,3420.8,40500.0,1.5,1,60,19938.9
AREA # 21,Dpto. Puno,"MCF/DUC/H:1,3",4358.5,1089.6,126000.0,2.0,2,70,16936.3
AREA # 21,Dpto. Puno,"MR/DUC/H:1,3",106.3,21.3,360000.0,2.5,2,80,413.1
AREA # 21,Dpto. Puno,MUR+ADO/H:1,64176.3,64176.3,12000.0,1.0,1,60,249377.1
AREA # 21,Dpto. Puno,"MUR+ADO/H:1,2",10198.9,8159.1,15000.0,1.25,1,60,39631.0
AREA # 21,Dpto. Puno,"MUR+STDRE/H:1,2",4584.1,3667.3,15000.0,1.25,1,60,17813.0
AREA # 21,Dpto. Puno,"MUR+STRUB/H:1,2",10448.9,8359.1,15000.0,1.25,1,60,40602.5
AREA # 21,Dpto. Puno,MUR/H:1,11271.9,11271.9,12000.0,1.0,1,60,43800.5
AREA # 21,Dpto. Puno,"MUR/H:1,3",10147.9,6765.3,18000.0,1.5,1,60,39432.8
AREA # 21,Dpto. Puno,UNK,5341.1,5341.1,12000.0,1.0,1,60,20754.5
AREA # 21,Dpto. Puno,W+WBB/H:1,249.7,249.7,12000.0,1.0,1,60,970.3
AREA # 21,Dpto. Puno,"W+WHE/H:1,3",57.1,38.1,47250.0,1.5,1,70,221.9
AREA # 21,Dpto. Puno,W+WLI/H:1,387.1,387.1,31500.0,1.0,1,70,1504.2
AREA # 21,Dpto. Puno,W+WS/H:1,1017.6,1017.6,12000.0,1.0,1,60,3954.2
AREA # 21,Dpto. Puno,"W+WWD/H:1,2",129.3,103.4,15000.0,1.25,1,60,502.4
AREA # 22,Dpto. San Martin,"CR/LDUAL/DUC/H:4,7",56.1,3.7,1080000.0,5.0,3,80,245.1
AREA # 22,Dpto. San Martin,"CR/LDUAL/DUC/H:8,19",18.7,0.4,3456000.0,12.0,4,80,81.7
AREA # 22,Dpto. San Martin,"CR/LFINF/DNO/H:1,3",399.4,99.8,126000.0,2.0,2,70,1745.0
AREA # 22,Dpto. San Martin,"CR/LFINF/DUC/H:1,3",398.2,99.5,288000.0,2.0,2,80,1739.7
AREA # 22,Dpto. San Martin,"CR/LWAL/DNO/H:4,7",9.4,0.6,472500.0,5.0,3,70,41.1
AREA # 22,Dpto. San Martin,"CR/LWAL/DUC/H:4,7",9.4,0.6,1080000.0,5.0,3,80,41.1
AREA # 22,Dpto. San Martin,"CR/LWAL/DUC/H:8,19",9.4,0.2,3456000.0,12.0,4,80,41.1
AREA # 22,Dpto. San Martin,ER+ETR/H:1,3083.7,3083.7,12000.0,1.0,1,60,13472.6
AREA # 22,Dpto. San Martin,"ER+ETR/H:1,2",1507.4,1205.9,15000.0,1.25,1,60,6585.8
AREA # 22,Dpto. San Martin,MCF/DNO/H:1,2416.1,2416.1,12000.0,1.0,1,60,10555.9
AREA # 22,Dpto. San Martin,"MCF/DNO/H:1,3",5601.3,3734.2,40500.0,1.5,1,60,24472.0
AREA # 22,Dpto. San Martin,"MCF/DUC/H:1,3",4543.7,1135.9,126000.0,2.0,2,70,19851.3
AREA # 22,Dpto. San Martin,"MR/DUC/H:1,3",26.9,5.4,360000.0,2.5,2,80,117.5
AREA # 22,Dpto. San Martin,MUR+ADO/H:1,7207.9,7207.9,12000.0,1.0,1,60,31491.2
AREA # 22,Dpto. San Martin,"MUR+ADO/H:1,2",6032.9,4826.3,15000.0,1.25,1,60,26357.6
AREA # 22,Dpto. San Martin,"MUR+STDRE/H:1,2",325.0,260.0,15000.0,1.25,1,60,1419.9
AREA # 22,Dpto. San Martin,"MUR+STRUB/H:1,2",472.5,378.0,15000.0,1.25,1,60,2064.3
AREA # 22,Dpto. San Martin,MUR/H:1,8630.4,8630.4,12000.0,1.0,1,60,37706.1
AREA # 22,Dpto. San Martin,"MUR/H:1,3",10755.5,7170.4,18000.0,1.5,1,60,46990.6
AREA # 22,Dpto. San Martin,UNK,13600.6,13600.6,12000.0,1.0,1,60,59420.8
AREA # 22,Dpto. San Martin,W+WBB/H:1,322.5,322.5,12000.0,1.0,1,60,1409.0
AREA # 22,Dpto. San Martin,"W+WHE/H:1,3",591.9,394.6,47250.0,1.5,1,70,2586.0
AREA # 22,Dpto. San Martin,W+WLI/H:1,4982.5,4982.5,31500.0,1.0,1,70,21768.5
AREA # 22,Dpto. San Martin,W+WS/H:1,20870.0,20870.0,12000.0,1.0,1,60,91180.7
AREA # 22,Dpto. San Martin,"W+WWD/H:1,2",16335.7,13068.5,15000.0,1.25,1,60,71370.4
AREA # 23,Dpto. Tacna,"CR/LDUAL/DUC/H:4,7",354.6,23.6,1080000.0,5.0,3,80,1300.1
AREA # 23,Dpto. Tacna,"CR/LDUAL/DUC/H:8,19",118.2,2.5,3456000.0,12.0,4,80,433.4
AREA # 23,Dpto. Tacna,"CR/LFINF/DNO/H:1,3",1125.3,281.3,126000.0,2.0,2,70,4125.9
AREA # 23,Dpto. Tacna,"CR/LFINF/DUC/H:1,3",1123.7,280.9,288000.0,2.0,2,80,4120.1
AREA # 23,Dpto. Tacna,"CR/LWAL/DNO/H:4,7",59.1,3.9,472500.0,5.0,3,70,216.7
AREA # 23,Dpto. Tacna,"CR/LWAL/DUC/H:4,7",59.1,3.9,1080000.0,5.0,3,80,216.7
AREA # 23,Dpto. Tacna,"CR/LWAL/DUC/H:8,19",59.1,1.2,3456000.0,12.0,4,80,216.7
AREA # 23,Dpto. Tacna,ER+ETR/H:1,1858.8,1858.8,12000.0,1.0,1,60,6815.3
AREA # 23,Dpto. Tacna,"ER+ETR/H:1,2",338.2,270.6,15000.0,1.25,1,60,1240.0
AREA # 23,Dpto. Tacna,MCF/DNO/H:1,3091.7,3091.7,12000.0,1.0,1,60,11335.8
AREA # 23,Dpto. Tacna,"MCF/DNO/H:1,3",7380.6,4920.4,40500.0,1.5,1,60,27061.1
AREA # 23,Dpto. Tacna,"MCF/DUC/H:1,3",6555.4,1638.9,126000.0,2.0,2,70,24035.5
AREA # 23,Dpto. Tacna,"MR/DUC/H:1,3",149.4,29.9,360000.0,2.5,2,80,547.8
AREA # 23,Dpto. Tacna,MUR+ADO/H:1,4343.4,4343.4,12000.0,1.0,1,60,15925.2
AREA # 23,Dpto. Tacna,"MUR+ADO/H:1,2",1361.7,1089.4,15000.0,1.25,1,60,4992.7
AREA # 23,Dpto. Tacna,"MUR+STDRE/H:1,2",207.8,166.2,15000.0,1.25,1,60,761.9
AREA # 23,Dpto. Tacna,"MUR+STRUB/H:1,2",357.6,286.1,15000.0,1.25,1,60,1311.1
AREA # 23,Dpto. Tacna,MUR/H:1,15799.2,15799.2,12000.0,1.0,1,60,57928.1
AREA # 23,Dpto. Tacna,"MUR/H:1,3",14491.9,9661.2,18000.0,1.5,1,60,53134.9
AREA # 23,Dpto. Tacna,UNK,3324.5,3324.5,12000.0,1.0,1,60,12189.4
AREA # 23,Dpto. Tacna,W+WBB/H:1,8802.1,8802.1,12000.0,1.0,1,60,32273.1
AREA # 23,Dpto. Tacna,"W+WHE/H:1,3",30.4,20.3,47250.0,1.5,1,70,111.5
AREA # 23,Dpto. Tacna,W+WLI/H:1,140.4,140.4,31500.0,1.0,1,70,514.8
AREA # 23,Dpto. Tacna,W+WS/H:1,288.4,288.4,12000.0,1.0,1,60,1057.4
AREA # 23,Dpto. Tacna,"W+WWD/H:1,2",484.3,387.4,15000.0,1.25,1,60,1775.7
AREA # 24,Dpto. Tumbes,"CR/LDUAL/DUC/H:4,7",45.9,3.1,1080000.0,5.0,3,80,190.2
AREA # 24,Dpto. Tumbes,"CR/LDUAL/DUC/H:8,19",15.3,0.3,3456000.0,12.0,4,80,63.4
AREA # 24,Dpto. Tumbes,"CR/LFINF/DNO/H:1,3",325.0,81.3,126000.0,2.0,2,70,1346.7
AREA # 24,Dpto. Tumbes,"CR/LFINF/DUC/H:1,3",324.7,81.2,288000.0,2.0,2,80,1345.5
AREA # 24,Dpto. Tumbes,"CR/LWAL/DNO/H:4,7",7.6,0.5,472500.0,5.0,3,70,31.5
AREA # 24,Dpto. Tumbes,"CR/LWAL/DUC/H:4,7",7.6,0.5,1080000.0,5.0,3,80,31.5
AREA # 24,Dpto. Tumbes,"CR/LWAL/DUC/H:8,19",7.6,0.2,3456000.0,12.0,4,80,31.5
AREA # 24,Dpto. Tumbes,ER+ETR/H:1,891.3,891.3,12000.0,1.0,1,60,3693.3
AREA # 24,Dpto. Tumbes,"ER+ETR/H:1,2",237.1,189.6,15000.0,1.25,1,60,982.5
AREA # 24,Dpto. Tumbes,MCF/DNO/H:1,1227.4,1227.4,12000.0,1.0,1,60,5085.9
AREA # 24,Dpto. Tumbes,"MCF/DNO/H:1,3",2978.7,1985.8,40500.0,1.5,1,60,12342.8
AREA # 24,Dpto. Tumbes,"MCF/DUC/H:1,3",2716.2,679.1,126000.0,2.0,2,70,11255.0
AREA # 24,Dpto. Tumbes,"MR/DUC/H:1,3",21.5,4.3,360000.0,2.5,2,80,89.1
AREA # 24,Dpto. Tumbes,MUR+ADO/H:1,2079.6,2079.6,12000.0,1.0,1,60,8617.2
AREA # 24,Dpto. Tumbes,"MUR+ADO/H:1,2",950.0,760.0,15000.0,1.25,1,60,3936.5
AREA # 24,Dpto. Tumbes,"MUR+STDRE/H:1,2",153.4,122.7,15000.0,1.25,1,60,635.6
AREA # 24,Dpto. Tumbes,"MUR+STRUB/H:1,2",203.0,162.4,15000.0,1.25,1,60,841.2
AREA # 24,Dpto. Tumbes,MUR/H:1,4341.5,4341.5,12000.0,1.0,1,60,17989.8
AREA # 24,Dpto. Tumbes,"MUR/H:1,3",5861.6,3907.7,18000.0,1.5,1,60,24288.6
AREA # 24,Dpto. Tumbes,UNK,4998.2,4998.2,12000.0,1.0,1,60,20710.9
AREA # 24,Dpto. Tumbes,W+WBB/H:1,292.5,292.5,12000.0,1.0,1,60,1212.0
AREA # 24,Dpto. Tumbes,"W+WHE/H:1,3",133.1,88.7,47250.0,1.5,1,70,551.5
AREA # 24,Dpto. Tumbes,W+WLI/H:1,609.9,609.9,31500.0,1.0,1,70,2527.2
AREA # 24,Dpto. Tumbes,W+WS/H:1,1137.0,1137.0,12000.0,1.0,1,60,4711.4
AREA # 24,Dpto. Tumbes,"W+WWD/H:1,2",14283.3,11426.6,15000.0,1.25,1,60,59185.4
AREA # 25,Dpto. Ucayali,"CR/LDUAL/DUC/H:4,7",35.4,2.4,1080000.0,5.0,3,80,164.6
AREA # 25,Dpto. Ucayali,"CR/LDUAL/DUC/H:8,19",11.8,0.2,3456000.0,12.0,4,80,54.9
AREA # 25,Dpto. Ucayali,"CR/LFINF/DNO/H:1,3",215.0,53.8,126000.0,2.0,2,70,999.9
AREA # 25,Dpto. Ucayali,"CR/LFINF/DUC/H:1,3",214.1,53.5,288000.0,2.0,2,80,995.8
AREA # 25,Dpto. Ucayali,"CR/LWAL/DNO/H:4,7",5.9,0.4,472500.0,5.0,3,70,27.4
AREA # 25,Dpto. Ucayali,"CR/LWAL/DUC/H:4,7",5.9,0.4,1080000.0,5.0,3,80,27.4
AREA # 25,Dpto. Ucayali,"CR/LWAL/DUC/H:8,19",5.9,0.1,3456000.0,12.0,4,80,27.4
AREA # 25,Dpto. Ucayali,ER+ETR/H:1,83.8,83.8,12000.0,1.0,1,60,389.7
AREA # 25,Dpto. Ucayali,"ER+ETR/H:1,2",45.6,36.5,15000.0,1.25,1,60,212.1
AREA # 25,Dpto. Ucayali,MCF/DNO/H:1,927.3,927.3,12000.0,1.0,1,60,4312.8
AREA # 25,Dpto. Ucayali,"MCF/DNO/H:1,3",2263.1,1508.7,40500.0,1.5,1,60,10525.4
AREA # 25,Dpto. Ucayali,"MCF/DUC/H:1,3",1994.7,498.7,126000.0,2.0,2,70,9277.1
AREA # 25,Dpto. Ucayali,"MR/DUC/H:1,3",22.3,4.5,360000.0,2.5,2,80,103.7
AREA # 25,Dpto. Ucayali,MUR+ADO/H:1,201.2,201.2,12000.0,1.0,1,60,935.8
AREA # 25,Dpto. Ucayali,"MUR+ADO/H:1,2",184.7,147.7,15000.0,1.25,1,60,859.0
AREA # 25,Dpto. Ucayali,"MUR+STDRE/H:1,2",77.8,62.3,15000.0,1.25,1,60,361.8
AREA # 25,Dpto. Ucayali,"MUR+STRUB/H:1,2",62.1,49.7,15000.0,1.25,1,60,288.8
AREA # 25,Dpto. Ucayali,MUR/H:1,2463.2,2463.2,12000.0,1.0,1,60,11456.0
AREA # 25,Dpto. Ucayali,"MUR/H:1,3",4284.3,2856.2,18000.0,1.5,1,60,19925.8
AREA # 25,Dpto. Ucayali,UNK,12813.2,12813.2,12000.0,1.0,1,60,59592.6
AREA # 25,Dpto. Ucayali,W+WBB/H:1,904.0,904.0,12000.0,1.0,1,60,4204.4
AREA # 25,Dpto. Ucayali,"W+WHE/H:1,3",3108.8,2072.6,47250.0,1.5,1,70,14458.6
AREA # 25,Dpto. Ucayali,W+WLI/H:1,16094.2,16094.2,31500.0,1.0,1,70,74852.1
AREA # 25,Dpto. Ucayali,W+WS/H:1,23625.7,23625.7,12000.0,1.0,1,60,109880.2
AREA # 25,Dpto. Ucayali,"W+WWD/H:1,2",303.9,243.1,15000.0,1.25,1,60,1413.4
