<featureType>
  <name>gemecdlocationquerygeobase</name>
  <nativeName>gemecdlocationquerygeobase</nativeName>
  <namespace>
    <name>oqplatform</name>
    <atom:link xmlns:atom="http://www.w3.org/2005/Atom" rel="alternate" href="https://platform.openquake.org/geoserver/rest/namespaces/oqplatform.xml" type="application/xml"/>
  </namespace>
  <title>gemecdlocationquerygeobase</title>
  <abstract>No abstract provided</abstract>
  <metadataLinks>
    <metadataLink>
      <type>text/xml</type>
      <metadataType>TC211</metadataType>
      <content>https://platform.openquake.org/catalogue/csw?outputschema=http%3A%2F%2Fwww.isotc211.org%2F2005%2Fgmd&amp;service=CSW&amp;request=GetRecordById&amp;version=2.0.2&amp;elementsetname=full&amp;id=c529fe19-6c53-41f9-b2fe-d63b58f538d1</content>
    </metadataLink>
    <metadataLink>
      <type>text/xml</type>
      <metadataType>FGDC</metadataType>
      <content>https://platform.openquake.org/catalogue/csw?outputschema=http%3A%2F%2Fwww.opengis.net%2Fcat%2Fcsw%2Fcsdgm&amp;service=CSW&amp;request=GetRecordById&amp;version=2.0.2&amp;elementsetname=full&amp;id=c529fe19-6c53-41f9-b2fe-d63b58f538d1</content>
    </metadataLink>
    <metadataLink>
      <type>text/xml</type>
      <metadataType>other</metadataType>
      <content>https://platform.openquake.org/catalogue/csw?outputschema=urn%3Aoasis%3Anames%3Atc%3Aebxml-regrep%3Axsd%3Arim%3A3.0&amp;service=CSW&amp;request=GetRecordById&amp;version=2.0.2&amp;elementsetname=full&amp;id=c529fe19-6c53-41f9-b2fe-d63b58f538d1</content>
    </metadataLink>
    <metadataLink>
      <type>text/xml</type>
      <metadataType>other</metadataType>
      <content>https://platform.openquake.org/catalogue/csw?outputschema=http%3A%2F%2Fwww.opengis.net%2Fcat%2Fcsw%2F2.0.2&amp;service=CSW&amp;request=GetRecordById&amp;version=2.0.2&amp;elementsetname=full&amp;id=c529fe19-6c53-41f9-b2fe-d63b58f538d1</content>
    </metadataLink>
    <metadataLink>
      <type>text/xml</type>
      <metadataType>other</metadataType>
      <content>https://platform.openquake.org/catalogue/csw?outputschema=http%3A%2F%2Fgcmd.gsfc.nasa.gov%2FAboutus%2Fxml%2Fdif%2F&amp;service=CSW&amp;request=GetRecordById&amp;version=2.0.2&amp;elementsetname=full&amp;id=c529fe19-6c53-41f9-b2fe-d63b58f538d1</content>
    </metadataLink>
    <metadataLink>
      <type>text/xml</type>
      <metadataType>other</metadataType>
      <content>https://platform.openquake.org/catalogue/csw?outputschema=http%3A%2F%2Fwww.w3.org%2F2005%2FAtom&amp;service=CSW&amp;request=GetRecordById&amp;version=2.0.2&amp;elementsetname=full&amp;id=c529fe19-6c53-41f9-b2fe-d63b58f538d1</content>
    </metadataLink>
  </metadataLinks>
  <nativeCRS>GEOGCS[&quot;WGS 84&quot;, 
  DATUM[&quot;World Geodetic System 1984&quot;, 
    SPHEROID[&quot;WGS 84&quot;, 6378137.0, 298.257223563, AUTHORITY[&quot;EPSG&quot;,&quot;7030&quot;]], 
    AUTHORITY[&quot;EPSG&quot;,&quot;6326&quot;]], 
  PRIMEM[&quot;Greenwich&quot;, 0.0, AUTHORITY[&quot;EPSG&quot;,&quot;8901&quot;]], 
  UNIT[&quot;degree&quot;, 0.017453292519943295], 
  AXIS[&quot;Geodetic longitude&quot;, EAST], 
  AXIS[&quot;Geodetic latitude&quot;, NORTH], 
  AUTHORITY[&quot;EPSG&quot;,&quot;4326&quot;]]</nativeCRS>
  <srs>EPSG:4326</srs>
  <nativeBoundingBox>
    <minx>22.075</minx>
    <maxx>22.094</maxx>
    <miny>38.247</miny>
    <maxy>38.255</maxy>
    <crs>EPSG:4326</crs>
  </nativeBoundingBox>
  <latLonBoundingBox>
    <minx>22.075</minx>
    <maxx>22.094</maxx>
    <miny>38.247</miny>
    <maxy>38.255</maxy>
    <crs>EPSG:4326</crs>
  </latLonBoundingBox>
  <projectionPolicy>FORCE_DECLARED</projectionPolicy>
  <enabled>true</enabled>
  <advertised>true</advertised>
  <metadata>
    <entry key="JDBC_VIRTUAL_TABLE">
      <virtualTable>
        <name>gemecdlocationquerygeobase</name>
        <sql>SELECT location.id AS i,location.name AS n,j.%boundarygeom% &#xd;      FROM econd__location AS location &#xd;INNER JOIN %jointable% as j on location.boundaryid = j.%joincolumn% &#xd;     WHERE (parentid = %parentid% or parentid &lt; %override%) &#xd;           AND parenttype=&apos;%parenttype%&apos; &#xd;           AND (location.id = %locationid% OR location.id &lt; %override_i% ) &#xd;           AND j.%boundarygeom% IS NOT NULL &#xd;  ORDER BY j.%joincolumn%</sql>
        <escapeSql>false</escapeSql>
        <parameter>
          <name>jointable</name>
          <defaultValue>geobase_laquila</defaultValue>
          <regexpValidator>^[\w\d\s]+$</regexpValidator>
        </parameter>
        <parameter>
          <name>parentid</name>
          <defaultValue>0</defaultValue>
          <regexpValidator>^[\w\d\s]+$</regexpValidator>
        </parameter>
        <parameter>
          <name>override</name>
          <defaultValue>999999999</defaultValue>
          <regexpValidator>^[\w\d\s]+$</regexpValidator>
        </parameter>
        <parameter>
          <name>joincolumn</name>
          <defaultValue>gid</defaultValue>
          <regexpValidator>^[\w\d\s]+$</regexpValidator>
        </parameter>
        <parameter>
          <name>locationid</name>
          <defaultValue>0</defaultValue>
          <regexpValidator>^[\w\d\s]+$</regexpValidator>
        </parameter>
        <parameter>
          <name>boundarygeom</name>
          <defaultValue>the_geom</defaultValue>
          <regexpValidator>^[\w\d\s]+$</regexpValidator>
        </parameter>
        <parameter>
          <name>parenttype</name>
          <defaultValue>study</defaultValue>
          <regexpValidator>^[\w\d\s]+$</regexpValidator>
        </parameter>
        <parameter>
          <name>override_i</name>
          <defaultValue>99999999</defaultValue>
          <regexpValidator>^[\w\d\s]+$</regexpValidator>
        </parameter>
      </virtualTable>
    </entry>
  </metadata>
  <store class="dataStore">
    <name>oqplatform</name>
    <atom:link xmlns:atom="http://www.w3.org/2005/Atom" rel="alternate" href="https://platform.openquake.org/geoserver/rest/workspaces/oqplatform/datastores/oqplatform.xml" type="application/xml"/>
  </store>
  <maxFeatures>0</maxFeatures>
  <numDecimals>0</numDecimals>
  <attributes>
    <attribute>
      <name>i</name>
      <minOccurs>1</minOccurs>
      <maxOccurs>1</maxOccurs>
      <nillable>false</nillable>
      <binding>java.lang.Integer</binding>
    </attribute>
    <attribute>
      <name>n</name>
      <minOccurs>1</minOccurs>
      <maxOccurs>1</maxOccurs>
      <nillable>false</nillable>
      <binding>java.lang.String</binding>
    </attribute>
    <attribute>
      <name>the_geom</name>
      <minOccurs>0</minOccurs>
      <maxOccurs>1</maxOccurs>
      <nillable>true</nillable>
      <binding>com.vividsolutions.jts.geom.MultiPolygon</binding>
    </attribute>
  </attributes>
</featureType>