<featureType>
  <name>geoarchiveevents</name>
  <nativeName>geoarchiveevents</nativeName>
  <namespace>
    <name>oqplatform</name>
    <atom:link xmlns:atom="http://www.w3.org/2005/Atom" rel="alternate" href="https://platform.openquake.org/geoserver/rest/namespaces/oqplatform.xml" type="application/xml"/>
  </namespace>
  <title>geoarchiveevents</title>
  <abstract>No abstract provided</abstract>
  <keywords>
    <string>geoarchiveevents</string>
    <string>features</string>
  </keywords>
  <metadataLinks>
    <metadataLink>
      <type>text/xml</type>
      <metadataType>TC211</metadataType>
      <content>https://platform.openquake.org/catalogue/csw?outputschema=http%3A%2F%2Fwww.isotc211.org%2F2005%2Fgmd&amp;service=CSW&amp;request=GetRecordById&amp;version=2.0.2&amp;elementsetname=full&amp;id=e194607f-66fb-4dce-aaf7-16c8db414129</content>
    </metadataLink>
    <metadataLink>
      <type>text/xml</type>
      <metadataType>FGDC</metadataType>
      <content>https://platform.openquake.org/catalogue/csw?outputschema=http%3A%2F%2Fwww.opengis.net%2Fcat%2Fcsw%2Fcsdgm&amp;service=CSW&amp;request=GetRecordById&amp;version=2.0.2&amp;elementsetname=full&amp;id=e194607f-66fb-4dce-aaf7-16c8db414129</content>
    </metadataLink>
    <metadataLink>
      <type>text/xml</type>
      <metadataType>other</metadataType>
      <content>https://platform.openquake.org/catalogue/csw?outputschema=urn%3Aoasis%3Anames%3Atc%3Aebxml-regrep%3Axsd%3Arim%3A3.0&amp;service=CSW&amp;request=GetRecordById&amp;version=2.0.2&amp;elementsetname=full&amp;id=e194607f-66fb-4dce-aaf7-16c8db414129</content>
    </metadataLink>
    <metadataLink>
      <type>text/xml</type>
      <metadataType>other</metadataType>
      <content>https://platform.openquake.org/catalogue/csw?outputschema=http%3A%2F%2Fwww.opengis.net%2Fcat%2Fcsw%2F2.0.2&amp;service=CSW&amp;request=GetRecordById&amp;version=2.0.2&amp;elementsetname=full&amp;id=e194607f-66fb-4dce-aaf7-16c8db414129</content>
    </metadataLink>
    <metadataLink>
      <type>text/xml</type>
      <metadataType>other</metadataType>
      <content>https://platform.openquake.org/catalogue/csw?outputschema=http%3A%2F%2Fgcmd.gsfc.nasa.gov%2FAboutus%2Fxml%2Fdif%2F&amp;service=CSW&amp;request=GetRecordById&amp;version=2.0.2&amp;elementsetname=full&amp;id=e194607f-66fb-4dce-aaf7-16c8db414129</content>
    </metadataLink>
    <metadataLink>
      <type>text/xml</type>
      <metadataType>other</metadataType>
      <content>https://platform.openquake.org/catalogue/csw?outputschema=http%3A%2F%2Fwww.w3.org%2F2005%2FAtom&amp;service=CSW&amp;request=GetRecordById&amp;version=2.0.2&amp;elementsetname=full&amp;id=e194607f-66fb-4dce-aaf7-16c8db414129</content>
    </metadataLink>
  </metadataLinks>
  <nativeCRS>GEOGCS[&quot;WGS 84&quot;, 
  DATUM[&quot;World Geodetic System 1984&quot;, 
    SPHEROID[&quot;WGS 84&quot;, 6378137.0, 298.257223563, AUTHORITY[&quot;EPSG&quot;,&quot;7030&quot;]], 
    AUTHORITY[&quot;EPSG&quot;,&quot;6326&quot;]], 
  PRIMEM[&quot;Greenwich&quot;, 0.0, AUTHORITY[&quot;EPSG&quot;,&quot;8901&quot;]], 
  UNIT[&quot;degree&quot;, 0.017453292519943295], 
  AXIS[&quot;Geodetic longitude&quot;, EAST], 
  AXIS[&quot;Geodetic latitude&quot;, NORTH], 
  AUTHORITY[&quot;EPSG&quot;,&quot;4326&quot;]]</nativeCRS>
  <srs>EPSG:4326</srs>
  <nativeBoundingBox>
    <minx>-118.54</minx>
    <maxx>172.71</maxx>
    <miny>-43.6</miny>
    <maxy>52.72</maxy>
    <crs>EPSG:4326</crs>
  </nativeBoundingBox>
  <latLonBoundingBox>
    <minx>-118.54</minx>
    <maxx>172.71</maxx>
    <miny>-43.6</miny>
    <maxy>52.72</maxy>
    <crs>EPSG:4326</crs>
  </latLonBoundingBox>
  <projectionPolicy>FORCE_DECLARED</projectionPolicy>
  <enabled>true</enabled>
  <advertised>true</advertised>
  <metadata>
    <entry key="advertised">true</entry>
    <entry key="JDBC_VIRTUAL_TABLE">
      <virtualTable>
        <name>geoarchiveevents</name>
        <sql>SELECT event AS n,eventid AS i,country AS c, yearint AS y, sum(photocount) AS p, event_geom &#xd; FROM geoarchiveevents &#xd;WHERE event_geom IS NOT NULL &#xd;AND (inventoryclassid = %inventoryclassid% OR inventoryclassid &lt; %override_i%)&#xd;AND (unifieddamagelevelid = %damagelevelid% OR unifieddamagelevelid &lt; %override_d%)&#xd;AND (assetclassid = &apos;%assetclassid%&apos; OR 99999999 = %override_a%)&#xd;GROUP BY event,eventid,country,yearint,event_geom</sql>
        <escapeSql>false</escapeSql>
        <parameter>
          <name>inventoryclassid</name>
          <defaultValue>0</defaultValue>
          <regexpValidator>^[\w\d\s]+$</regexpValidator>
        </parameter>
        <parameter>
          <name>override_a</name>
          <defaultValue>99999999</defaultValue>
          <regexpValidator>^[\w\d\s]+$</regexpValidator>
        </parameter>
        <parameter>
          <name>assetclassid</name>
          <defaultValue>0</defaultValue>
          <regexpValidator>^[\w\d\s]+$</regexpValidator>
        </parameter>
        <parameter>
          <name>damagelevelid</name>
          <defaultValue>0</defaultValue>
          <regexpValidator>^[\w\d\s]+$</regexpValidator>
        </parameter>
        <parameter>
          <name>override_i</name>
          <defaultValue>99999999</defaultValue>
          <regexpValidator>^[\w\d\s]+$</regexpValidator>
        </parameter>
        <parameter>
          <name>override_d</name>
          <defaultValue>99999999</defaultValue>
          <regexpValidator>^[\w\d\s]+$</regexpValidator>
        </parameter>
      </virtualTable>
    </entry>
  </metadata>
  <store class="dataStore">
    <name>oqplatform</name>
    <atom:link xmlns:atom="http://www.w3.org/2005/Atom" rel="alternate" href="https://platform.openquake.org/geoserver/rest/workspaces/oqplatform/datastores/oqplatform.xml" type="application/xml"/>
  </store>
  <maxFeatures>0</maxFeatures>
  <numDecimals>0</numDecimals>
  <attributes>
    <attribute>
      <name>n</name>
      <minOccurs>0</minOccurs>
      <maxOccurs>1</maxOccurs>
      <nillable>true</nillable>
      <binding>java.lang.String</binding>
    </attribute>
    <attribute>
      <name>i</name>
      <minOccurs>0</minOccurs>
      <maxOccurs>1</maxOccurs>
      <nillable>true</nillable>
      <binding>java.lang.Integer</binding>
    </attribute>
    <attribute>
      <name>c</name>
      <minOccurs>0</minOccurs>
      <maxOccurs>1</maxOccurs>
      <nillable>true</nillable>
      <binding>java.lang.String</binding>
    </attribute>
    <attribute>
      <name>y</name>
      <minOccurs>0</minOccurs>
      <maxOccurs>1</maxOccurs>
      <nillable>true</nillable>
      <binding>java.lang.Integer</binding>
    </attribute>
    <attribute>
      <name>p</name>
      <minOccurs>0</minOccurs>
      <maxOccurs>1</maxOccurs>
      <nillable>true</nillable>
      <binding>java.math.BigDecimal</binding>
    </attribute>
    <attribute>
      <name>event_geom</name>
      <minOccurs>0</minOccurs>
      <maxOccurs>1</maxOccurs>
      <nillable>true</nillable>
      <binding>com.vividsolutions.jts.geom.Geometry</binding>
    </attribute>
  </attributes>
</featureType>