<featureType>
  <name>isc_viewer_measure2</name>
  <nativeName>isc_viewer_measure2</nativeName>
  <namespace>
    <name>oqplatform</name>
    <atom:link xmlns:atom="http://www.w3.org/2005/Atom" rel="alternate" href="https://platform.openquake.org/geoserver/rest/namespaces/oqplatform.xml" type="application/xml"/>
  </namespace>
  <title>ISC-GEM Catalogue v2</title>
  <abstract>events with magnitude &gt;= 7.5, occurred between 1900 and 1917
events with magnitude &gt;= 6.25, occurred between 1918 and 1949
events with magnitude &gt;= 5.5, occurred between 1950 and 2011</abstract>
  <keywords>
    <string>GC</string>
    <string>event</string>
    <string>instrumental</string>
    <string>catalogue</string>
    <string>global</string>
    <string>component</string>
    <string>ISC</string>
    <string>GEM-supplemental-layer</string>
  </keywords>
  <metadataLinks>
    <metadataLink>
      <type>text/xml</type>
      <metadataType>other</metadataType>
      <content>https://platform.openquake.org/catalogue/csw?outputschema=http%3A%2F%2Fwww.w3.org%2F2005%2FAtom&amp;service=CSW&amp;request=GetRecordById&amp;version=2.0.2&amp;elementsetname=full&amp;id=c6531175-3388-4c40-bd93-3788b0d8df33</content>
    </metadataLink>
    <metadataLink>
      <type>text/xml</type>
      <metadataType>other</metadataType>
      <content>https://platform.openquake.org/catalogue/csw?outputschema=http%3A%2F%2Fgcmd.gsfc.nasa.gov%2FAboutus%2Fxml%2Fdif%2F&amp;service=CSW&amp;request=GetRecordById&amp;version=2.0.2&amp;elementsetname=full&amp;id=c6531175-3388-4c40-bd93-3788b0d8df33</content>
    </metadataLink>
    <metadataLink>
      <type>text/xml</type>
      <metadataType>other</metadataType>
      <content>https://platform.openquake.org/catalogue/csw?outputschema=http%3A%2F%2Fwww.opengis.net%2Fcat%2Fcsw%2F2.0.2&amp;service=CSW&amp;request=GetRecordById&amp;version=2.0.2&amp;elementsetname=full&amp;id=c6531175-3388-4c40-bd93-3788b0d8df33</content>
    </metadataLink>
    <metadataLink>
      <type>text/xml</type>
      <metadataType>other</metadataType>
      <content>https://platform.openquake.org/catalogue/csw?outputschema=urn%3Aoasis%3Anames%3Atc%3Aebxml-regrep%3Axsd%3Arim%3A3.0&amp;service=CSW&amp;request=GetRecordById&amp;version=2.0.2&amp;elementsetname=full&amp;id=c6531175-3388-4c40-bd93-3788b0d8df33</content>
    </metadataLink>
    <metadataLink>
      <type>text/xml</type>
      <metadataType>FGDC</metadataType>
      <content>https://platform.openquake.org/catalogue/csw?outputschema=http%3A%2F%2Fwww.opengis.net%2Fcat%2Fcsw%2Fcsdgm&amp;service=CSW&amp;request=GetRecordById&amp;version=2.0.2&amp;elementsetname=full&amp;id=c6531175-3388-4c40-bd93-3788b0d8df33</content>
    </metadataLink>
    <metadataLink>
      <type>text/xml</type>
      <metadataType>TC211</metadataType>
      <content>https://platform.openquake.org/catalogue/csw?outputschema=http%3A%2F%2Fwww.isotc211.org%2F2005%2Fgmd&amp;service=CSW&amp;request=GetRecordById&amp;version=2.0.2&amp;elementsetname=full&amp;id=c6531175-3388-4c40-bd93-3788b0d8df33</content>
    </metadataLink>
  </metadataLinks>
  <nativeCRS>GEOGCS[&quot;WGS 84&quot;, 
  DATUM[&quot;World Geodetic System 1984&quot;, 
    SPHEROID[&quot;WGS 84&quot;, 6378137.0, 298.257223563, AUTHORITY[&quot;EPSG&quot;,&quot;7030&quot;]], 
    AUTHORITY[&quot;EPSG&quot;,&quot;6326&quot;]], 
  PRIMEM[&quot;Greenwich&quot;, 0.0, AUTHORITY[&quot;EPSG&quot;,&quot;8901&quot;]], 
  UNIT[&quot;degree&quot;, 0.017453292519943295], 
  AXIS[&quot;Geodetic longitude&quot;, EAST], 
  AXIS[&quot;Geodetic latitude&quot;, NORTH], 
  AUTHORITY[&quot;EPSG&quot;,&quot;4326&quot;]]</nativeCRS>
  <srs>EPSG:4326</srs>
  <nativeBoundingBox>
    <minx>-180.0</minx>
    <maxx>180.0</maxx>
    <miny>-90.0</miny>
    <maxy>90.0</maxy>
    <crs>EPSG:4326</crs>
  </nativeBoundingBox>
  <latLonBoundingBox>
    <minx>-180.0</minx>
    <maxx>180.0</maxx>
    <miny>-90.0</miny>
    <maxy>90.0</maxy>
  </latLonBoundingBox>
  <projectionPolicy>FORCE_DECLARED</projectionPolicy>
  <enabled>true</enabled>
  <advertised>true</advertised>
  <metadata>
    <entry key="time">
      <dimensionInfo>
        <enabled>false</enabled>
      </dimensionInfo>
    </entry>
    <entry key="cachingEnabled">false</entry>
    <entry key="elevation">
      <dimensionInfo>
        <enabled>false</enabled>
      </dimensionInfo>
    </entry>
  </metadata>
  <store class="dataStore">
    <name>oqplatform</name>
    <atom:link xmlns:atom="http://www.w3.org/2005/Atom" rel="alternate" href="https://platform.openquake.org/geoserver/rest/workspaces/oqplatform/datastores/oqplatform.xml" type="application/xml"/>
  </store>
  <maxFeatures>0</maxFeatures>
  <numDecimals>0</numDecimals>
  <attributes>
    <attribute>
      <name>the_geom</name>
      <minOccurs>0</minOccurs>
      <maxOccurs>1</maxOccurs>
      <nillable>true</nillable>
      <binding>com.vividsolutions.jts.geom.Geometry</binding>
    </attribute>
    <attribute>
      <name>src_id</name>
      <minOccurs>1</minOccurs>
      <maxOccurs>1</maxOccurs>
      <nillable>false</nillable>
      <binding>java.lang.Integer</binding>
    </attribute>
    <attribute>
      <name>date</name>
      <minOccurs>1</minOccurs>
      <maxOccurs>1</maxOccurs>
      <nillable>false</nillable>
      <binding>java.sql.Timestamp</binding>
    </attribute>
    <attribute>
      <name>lat</name>
      <minOccurs>1</minOccurs>
      <maxOccurs>1</maxOccurs>
      <nillable>false</nillable>
      <binding>java.lang.Double</binding>
    </attribute>
    <attribute>
      <name>lon</name>
      <minOccurs>1</minOccurs>
      <maxOccurs>1</maxOccurs>
      <nillable>false</nillable>
      <binding>java.lang.Double</binding>
    </attribute>
    <attribute>
      <name>smajax</name>
      <minOccurs>0</minOccurs>
      <maxOccurs>1</maxOccurs>
      <nillable>true</nillable>
      <binding>java.lang.Double</binding>
    </attribute>
    <attribute>
      <name>sminax</name>
      <minOccurs>0</minOccurs>
      <maxOccurs>1</maxOccurs>
      <nillable>true</nillable>
      <binding>java.lang.Double</binding>
    </attribute>
    <attribute>
      <name>strike</name>
      <minOccurs>0</minOccurs>
      <maxOccurs>1</maxOccurs>
      <nillable>true</nillable>
      <binding>java.lang.Double</binding>
    </attribute>
    <attribute>
      <name>epic_q</name>
      <minOccurs>1</minOccurs>
      <maxOccurs>1</maxOccurs>
      <nillable>false</nillable>
      <binding>java.lang.String</binding>
    </attribute>
    <attribute>
      <name>depth</name>
      <minOccurs>0</minOccurs>
      <maxOccurs>1</maxOccurs>
      <nillable>true</nillable>
      <binding>java.lang.Double</binding>
    </attribute>
    <attribute>
      <name>depth_unc</name>
      <minOccurs>0</minOccurs>
      <maxOccurs>1</maxOccurs>
      <nillable>true</nillable>
      <binding>java.lang.Double</binding>
    </attribute>
    <attribute>
      <name>depth_q</name>
      <minOccurs>1</minOccurs>
      <maxOccurs>1</maxOccurs>
      <nillable>false</nillable>
      <binding>java.lang.String</binding>
    </attribute>
    <attribute>
      <name>mw</name>
      <minOccurs>0</minOccurs>
      <maxOccurs>1</maxOccurs>
      <nillable>true</nillable>
      <binding>java.lang.Double</binding>
    </attribute>
    <attribute>
      <name>mw_unc</name>
      <minOccurs>0</minOccurs>
      <maxOccurs>1</maxOccurs>
      <nillable>true</nillable>
      <binding>java.lang.Double</binding>
    </attribute>
    <attribute>
      <name>mw_q</name>
      <minOccurs>1</minOccurs>
      <maxOccurs>1</maxOccurs>
      <nillable>false</nillable>
      <binding>java.lang.String</binding>
    </attribute>
    <attribute>
      <name>s</name>
      <minOccurs>1</minOccurs>
      <maxOccurs>1</maxOccurs>
      <nillable>false</nillable>
      <binding>java.lang.String</binding>
    </attribute>
    <attribute>
      <name>mo</name>
      <minOccurs>0</minOccurs>
      <maxOccurs>1</maxOccurs>
      <nillable>true</nillable>
      <binding>java.lang.Double</binding>
    </attribute>
    <attribute>
      <name>fac</name>
      <minOccurs>0</minOccurs>
      <maxOccurs>1</maxOccurs>
      <nillable>true</nillable>
      <binding>java.lang.Double</binding>
    </attribute>
    <attribute>
      <name>mo_auth</name>
      <minOccurs>1</minOccurs>
      <maxOccurs>1</maxOccurs>
      <nillable>false</nillable>
      <binding>java.lang.String</binding>
    </attribute>
    <attribute>
      <name>mpp</name>
      <minOccurs>0</minOccurs>
      <maxOccurs>1</maxOccurs>
      <nillable>true</nillable>
      <binding>java.lang.Double</binding>
    </attribute>
    <attribute>
      <name>mpr</name>
      <minOccurs>0</minOccurs>
      <maxOccurs>1</maxOccurs>
      <nillable>true</nillable>
      <binding>java.lang.Double</binding>
    </attribute>
    <attribute>
      <name>mrr</name>
      <minOccurs>0</minOccurs>
      <maxOccurs>1</maxOccurs>
      <nillable>true</nillable>
      <binding>java.lang.Double</binding>
    </attribute>
    <attribute>
      <name>mrt</name>
      <minOccurs>0</minOccurs>
      <maxOccurs>1</maxOccurs>
      <nillable>true</nillable>
      <binding>java.lang.Double</binding>
    </attribute>
    <attribute>
      <name>mtp</name>
      <minOccurs>0</minOccurs>
      <maxOccurs>1</maxOccurs>
      <nillable>true</nillable>
      <binding>java.lang.Double</binding>
    </attribute>
    <attribute>
      <name>mtt</name>
      <minOccurs>0</minOccurs>
      <maxOccurs>1</maxOccurs>
      <nillable>true</nillable>
      <binding>java.lang.Double</binding>
    </attribute>
    <attribute>
      <name>eventid</name>
      <minOccurs>1</minOccurs>
      <maxOccurs>1</maxOccurs>
      <nillable>false</nillable>
      <binding>java.lang.Integer</binding>
    </attribute>
  </attributes>
</featureType>