<dataStore>
  <name>datastore</name>
  <type>PostGIS</type>
  <enabled>true</enabled>
  <workspace>
    <name>oqplatform</name>
    <atom:link xmlns:atom="http://www.w3.org/2005/Atom" rel="alternate" href="https://platform.openquake.org/geoserver/rest/workspaces/oqplatform.xml" type="application/xml"/>
  </workspace>
  <connectionParameters>
    <entry key="port">5432</entry>
    <entry key="passwd">crypt1:xW7396a7l01Ymo2V6zj3Bgl2gPgl0RIY</entry>
    <entry key="dbtype">postgis</entry>
    <entry key="host">127.0.0.1</entry>
    <entry key="user">oqplatform</entry>
    <entry key="database">oqplatform</entry>
    <entry key="namespace">http://oqplatform</entry>
  </connectionParameters>
  <__default>false</__default>
  <featureTypes>
    <atom:link xmlns:atom="http://www.w3.org/2005/Atom" rel="alternate" href="https://platform.openquake.org/geoserver/rest/workspaces/oqplatform/datastores/datastore/featuretypes.xml" type="application/xml"/>
  </featureTypes>
</dataStore>