<?xml version="1.0" encoding="UTF-8"?>
<!--

SHARE data and products are released under the Creative Commons Attribution-ShareAlike 3.0 Unported 
(CC BY-SA 3.0) licence.
For all SHARE datasets the following notice applies and/or is included within the files: 
Copyright © 2013, ETH Zurich on behalf of the EU-FP7 Consortium of SHARE

You may use this work under the terms of the CC BY-SA 3.0 (unported) 
[http://creativecommons.org/licenses/by-sa/3.0/]

THE WORK IS PROTECTED BY COPYRIGHT AND/OR OTHER APPLICABLE LAW. INSOFAR AS THIS WORK IS PROTECTED BY LAWS 
THAT NEIGHBOUR OR ARE SIMILARLY RELATED TO COPYRIGHT, SUCH AS DATABASE RIGHTS AS INTRODUCED IN EUROPE BY 
THE  DIRECTIVE 96/9/EC, YOU ALSO MAY USE THIS WORK UNDER THE TERMS OF CC-BY-SA 3.0 (unported).

ANY USE OF THE WORK OTHER THAN AS AUTHORIZED UNDER THIS LICENSE OR DIRECTLY ALLOWED BY THE APPLICABLE LAW 
IS PROHIBITED.

If you alter, transform, or build upon this work, you may distribute the resulting work only under the same 
or similar license to this one. 

If you have any questions, or if you wish to seek permission to use this data beyond what is offered by 
CC BY-SA 3.0 (unported), please contact representatives of the EU-FP7 SHARE consortium at: 

 
ETH Zurich / Swiss Seismological Service
Sonneggstrasse 5
CH-8092 Zurich, Switzerland
email: share@sed.ethz.ch
Tel.: +41-44-633-2179

-->


<nrml xmlns:gml="http://www.opengis.net/gml"
      xmlns="http://openquake.org/xmlns/nrml/0.4">

    <logicTree logicTreeID="lt1">
        <logicTreeBranchingLevel branchingLevelID="bl1">
            <logicTreeBranchSet uncertaintyType="sourceModel" branchSetID="bs1">
                <logicTreeBranch branchID="b1">
                    <uncertaintyModel>Europe_EUR13-ASBG_v1.xml</uncertaintyModel>
                    <uncertaintyWeight>0.5</uncertaintyWeight>
                </logicTreeBranch>
                <logicTreeBranch branchID="b2">
                    <uncertaintyModel>Europe_EUR13-FSBG_v1.xml</uncertaintyModel>
                    <uncertaintyWeight>0.20</uncertaintyWeight>
                </logicTreeBranch>
                <logicTreeBranch branchID="b2">
                    <uncertaintyModel>Europe_EUR13-SS_v1.xml</uncertaintyModel>
                    <uncertaintyWeight>0.30</uncertaintyWeight>
                </logicTreeBranch>
            </logicTreeBranchSet>
        </logicTreeBranchingLevel>
    </logicTree>
</nrml>
