<featureType>
  <name>fallas</name>
  <nativeName>fallas</nativeName>
  <namespace>
    <name>oqplatform</name>
    <atom:link xmlns:atom="http://www.w3.org/2005/Atom" rel="alternate" href="https://platform.openquake.org/geoserver/rest/namespaces/oqplatform.xml" type="application/xml"/>
  </namespace>
  <title>fallas</title>
  <abstract>No abstract provided</abstract>
  <metadataLinks>
    <metadataLink>
      <type>text/xml</type>
      <metadataType>other</metadataType>
      <content>https://platform.openquake.org/catalogue/csw?outputschema=http%3A%2F%2Fwww.w3.org%2F2005%2FAtom&amp;service=CSW&amp;request=GetRecordById&amp;version=2.0.2&amp;elementsetname=full&amp;id=2a00d5aa-fbcf-11e7-ae7c-00163e801d73</content>
    </metadataLink>
    <metadataLink>
      <type>text/xml</type>
      <metadataType>other</metadataType>
      <content>https://platform.openquake.org/catalogue/csw?outputschema=http%3A%2F%2Fgcmd.gsfc.nasa.gov%2FAboutus%2Fxml%2Fdif%2F&amp;service=CSW&amp;request=GetRecordById&amp;version=2.0.2&amp;elementsetname=full&amp;id=2a00d5aa-fbcf-11e7-ae7c-00163e801d73</content>
    </metadataLink>
    <metadataLink>
      <type>text/xml</type>
      <metadataType>other</metadataType>
      <content>https://platform.openquake.org/catalogue/csw?outputschema=http%3A%2F%2Fwww.opengis.net%2Fcat%2Fcsw%2F2.0.2&amp;service=CSW&amp;request=GetRecordById&amp;version=2.0.2&amp;elementsetname=full&amp;id=2a00d5aa-fbcf-11e7-ae7c-00163e801d73</content>
    </metadataLink>
    <metadataLink>
      <type>text/xml</type>
      <metadataType>other</metadataType>
      <content>https://platform.openquake.org/catalogue/csw?outputschema=urn%3Aoasis%3Anames%3Atc%3Aebxml-regrep%3Axsd%3Arim%3A3.0&amp;service=CSW&amp;request=GetRecordById&amp;version=2.0.2&amp;elementsetname=full&amp;id=2a00d5aa-fbcf-11e7-ae7c-00163e801d73</content>
    </metadataLink>
    <metadataLink>
      <type>text/xml</type>
      <metadataType>FGDC</metadataType>
      <content>https://platform.openquake.org/catalogue/csw?outputschema=http%3A%2F%2Fwww.opengis.net%2Fcat%2Fcsw%2Fcsdgm&amp;service=CSW&amp;request=GetRecordById&amp;version=2.0.2&amp;elementsetname=full&amp;id=2a00d5aa-fbcf-11e7-ae7c-00163e801d73</content>
    </metadataLink>
    <metadataLink>
      <type>text/xml</type>
      <metadataType>TC211</metadataType>
      <content>https://platform.openquake.org/catalogue/csw?outputschema=http%3A%2F%2Fwww.isotc211.org%2F2005%2Fgmd&amp;service=CSW&amp;request=GetRecordById&amp;version=2.0.2&amp;elementsetname=full&amp;id=2a00d5aa-fbcf-11e7-ae7c-00163e801d73</content>
    </metadataLink>
  </metadataLinks>
  <srs>EPSG:4326</srs>
  <nativeBoundingBox>
    <minx>0.0</minx>
    <maxx>-1.0</maxx>
    <miny>0.0</miny>
    <maxy>-1.0</maxy>
  </nativeBoundingBox>
  <latLonBoundingBox>
    <minx>0.0</minx>
    <maxx>-1.0</maxx>
    <miny>0.0</miny>
    <maxy>-1.0</maxy>
  </latLonBoundingBox>
  <projectionPolicy>FORCE_DECLARED</projectionPolicy>
  <enabled>true</enabled>
  <advertised>true</advertised>
  <store class="dataStore">
    <name>datastore</name>
    <atom:link xmlns:atom="http://www.w3.org/2005/Atom" rel="alternate" href="https://platform.openquake.org/geoserver/rest/workspaces/oqplatform/datastores/datastore.xml" type="application/xml"/>
  </store>
  <maxFeatures>0</maxFeatures>
  <numDecimals>0</numDecimals>
  <attributes>
    <attribute>
      <name>the_geom</name>
      <minOccurs>0</minOccurs>
      <maxOccurs>1</maxOccurs>
      <nillable>true</nillable>
      <binding>com.vividsolutions.jts.geom.MultiLineString</binding>
    </attribute>
    <attribute>
      <name>TIPO</name>
      <minOccurs>0</minOccurs>
      <maxOccurs>1</maxOccurs>
      <nillable>true</nillable>
      <binding>java.lang.Integer</binding>
    </attribute>
    <attribute>
      <name>TIPO_DE_FA</name>
      <minOccurs>0</minOccurs>
      <maxOccurs>1</maxOccurs>
      <nillable>true</nillable>
      <binding>java.lang.String</binding>
    </attribute>
  </attributes>
</featureType>