<featureType>
  <name>qgis_irmt_8dc11268_c3b2_4877_b050_9bee77d26936</name>
  <nativeName>qgis_irmt_8dc11268_c3b2_4877_b050_9bee77d26936</nativeName>
  <namespace>
    <name>oqplatform</name>
    <atom:link xmlns:atom="http://www.w3.org/2005/Atom" rel="alternate" href="https://platform.openquake.org/geoserver/rest/namespaces/oqplatform.xml" type="application/xml"/>
  </namespace>
  <title>Ecu_SVIR analysis_Nov2016</title>
  <abstract>No abstract provided</abstract>
  <keywords>
    <string>SVIR</string>
    <string>user-contributed</string>
    <string>IRMT_QGIS_Plugin</string>
  </keywords>
  <metadataLinks>
    <metadataLink>
      <type>text/xml</type>
      <metadataType>other</metadataType>
      <content>https://platform.openquake.org/catalogue/csw?outputschema=http%3A%2F%2Fwww.w3.org%2F2005%2FAtom&amp;service=CSW&amp;request=GetRecordById&amp;version=2.0.2&amp;elementsetname=full&amp;id=3851fe0c-b163-11e6-8bdd-00163e801d73</content>
    </metadataLink>
    <metadataLink>
      <type>text/xml</type>
      <metadataType>other</metadataType>
      <content>https://platform.openquake.org/catalogue/csw?outputschema=http%3A%2F%2Fgcmd.gsfc.nasa.gov%2FAboutus%2Fxml%2Fdif%2F&amp;service=CSW&amp;request=GetRecordById&amp;version=2.0.2&amp;elementsetname=full&amp;id=3851fe0c-b163-11e6-8bdd-00163e801d73</content>
    </metadataLink>
    <metadataLink>
      <type>text/xml</type>
      <metadataType>other</metadataType>
      <content>https://platform.openquake.org/catalogue/csw?outputschema=http%3A%2F%2Fwww.opengis.net%2Fcat%2Fcsw%2F2.0.2&amp;service=CSW&amp;request=GetRecordById&amp;version=2.0.2&amp;elementsetname=full&amp;id=3851fe0c-b163-11e6-8bdd-00163e801d73</content>
    </metadataLink>
    <metadataLink>
      <type>text/xml</type>
      <metadataType>other</metadataType>
      <content>https://platform.openquake.org/catalogue/csw?outputschema=urn%3Aoasis%3Anames%3Atc%3Aebxml-regrep%3Axsd%3Arim%3A3.0&amp;service=CSW&amp;request=GetRecordById&amp;version=2.0.2&amp;elementsetname=full&amp;id=3851fe0c-b163-11e6-8bdd-00163e801d73</content>
    </metadataLink>
    <metadataLink>
      <type>text/xml</type>
      <metadataType>FGDC</metadataType>
      <content>https://platform.openquake.org/catalogue/csw?outputschema=http%3A%2F%2Fwww.opengis.net%2Fcat%2Fcsw%2Fcsdgm&amp;service=CSW&amp;request=GetRecordById&amp;version=2.0.2&amp;elementsetname=full&amp;id=3851fe0c-b163-11e6-8bdd-00163e801d73</content>
    </metadataLink>
    <metadataLink>
      <type>text/xml</type>
      <metadataType>TC211</metadataType>
      <content>https://platform.openquake.org/catalogue/csw?outputschema=http%3A%2F%2Fwww.isotc211.org%2F2005%2Fgmd&amp;service=CSW&amp;request=GetRecordById&amp;version=2.0.2&amp;elementsetname=full&amp;id=3851fe0c-b163-11e6-8bdd-00163e801d73</content>
    </metadataLink>
  </metadataLinks>
  <nativeCRS>GEOGCS[&quot;WGS 84&quot;, 
  DATUM[&quot;World Geodetic System 1984&quot;, 
    SPHEROID[&quot;WGS 84&quot;, 6378137.0, 298.257223563, AUTHORITY[&quot;EPSG&quot;,&quot;7030&quot;]], 
    AUTHORITY[&quot;EPSG&quot;,&quot;6326&quot;]], 
  PRIMEM[&quot;Greenwich&quot;, 0.0, AUTHORITY[&quot;EPSG&quot;,&quot;8901&quot;]], 
  UNIT[&quot;degree&quot;, 0.017453292519943295], 
  AXIS[&quot;Geodetic longitude&quot;, EAST], 
  AXIS[&quot;Geodetic latitude&quot;, NORTH], 
  AUTHORITY[&quot;EPSG&quot;,&quot;4326&quot;]]</nativeCRS>
  <srs>EPSG:4326</srs>
  <nativeBoundingBox>
    <minx>-92.0089663239157</minx>
    <maxx>-75.1871465547501</maxx>
    <miny>-5.01615732302488</miny>
    <maxy>1.68183460350099</maxy>
    <crs>EPSG:4326</crs>
  </nativeBoundingBox>
  <latLonBoundingBox>
    <minx>-92.0089663239157</minx>
    <maxx>-75.1871465547501</maxx>
    <miny>-5.01615732302488</miny>
    <maxy>1.68183460350099</maxy>
    <crs>GEOGCS[&quot;WGS84(DD)&quot;, 
  DATUM[&quot;WGS84&quot;, 
    SPHEROID[&quot;WGS84&quot;, 6378137.0, 298.257223563]], 
  PRIMEM[&quot;Greenwich&quot;, 0.0], 
  UNIT[&quot;degree&quot;, 0.017453292519943295], 
  AXIS[&quot;Geodetic longitude&quot;, EAST], 
  AXIS[&quot;Geodetic latitude&quot;, NORTH]]</crs>
  </latLonBoundingBox>
  <projectionPolicy>FORCE_DECLARED</projectionPolicy>
  <enabled>true</enabled>
  <advertised>true</advertised>
  <store class="dataStore">
    <name>datastore</name>
    <atom:link xmlns:atom="http://www.w3.org/2005/Atom" rel="alternate" href="https://platform.openquake.org/geoserver/rest/workspaces/oqplatform/datastores/datastore.xml" type="application/xml"/>
  </store>
  <maxFeatures>0</maxFeatures>
  <numDecimals>0</numDecimals>
  <attributes>
    <attribute>
      <name>the_geom</name>
      <minOccurs>0</minOccurs>
      <maxOccurs>1</maxOccurs>
      <nillable>true</nillable>
      <binding>com.vividsolutions.jts.geom.MultiPolygon</binding>
    </attribute>
    <attribute>
      <name>DPA_PARROQ</name>
      <minOccurs>0</minOccurs>
      <maxOccurs>1</maxOccurs>
      <nillable>true</nillable>
      <binding>java.lang.String</binding>
    </attribute>
    <attribute>
      <name>DPA_DESPAR</name>
      <minOccurs>0</minOccurs>
      <maxOccurs>1</maxOccurs>
      <nillable>true</nillable>
      <binding>java.lang.String</binding>
    </attribute>
    <attribute>
      <name>DPA_DESCAN</name>
      <minOccurs>0</minOccurs>
      <maxOccurs>1</maxOccurs>
      <nillable>true</nillable>
      <binding>java.lang.String</binding>
    </attribute>
    <attribute>
      <name>DPA_DESPRO</name>
      <minOccurs>0</minOccurs>
      <maxOccurs>1</maxOccurs>
      <nillable>true</nillable>
      <binding>java.lang.String</binding>
    </attribute>
    <attribute>
      <name>POPVNPFPP</name>
      <minOccurs>0</minOccurs>
      <maxOccurs>1</maxOccurs>
      <nillable>true</nillable>
      <binding>java.lang.Double</binding>
    </attribute>
    <attribute>
      <name>POPPPSPDE</name>
      <minOccurs>0</minOccurs>
      <maxOccurs>1</maxOccurs>
      <nillable>true</nillable>
      <binding>java.lang.Double</binding>
    </attribute>
    <attribute>
      <name>POPVNPLAN</name>
      <minOccurs>0</minOccurs>
      <maxOccurs>1</maxOccurs>
      <nillable>true</nillable>
      <binding>java.lang.Double</binding>
    </attribute>
    <attribute>
      <name>POPVNPPDI</name>
      <minOccurs>0</minOccurs>
      <maxOccurs>1</maxOccurs>
      <nillable>true</nillable>
      <binding>java.lang.Double</binding>
    </attribute>
    <attribute>
      <name>POPPPSPPH</name>
      <minOccurs>0</minOccurs>
      <maxOccurs>1</maxOccurs>
      <nillable>true</nillable>
      <binding>java.lang.Double</binding>
    </attribute>
    <attribute>
      <name>POPVNPADP</name>
      <minOccurs>0</minOccurs>
      <maxOccurs>1</maxOccurs>
      <nillable>true</nillable>
      <binding>java.lang.Double</binding>
    </attribute>
    <attribute>
      <name>POPVNPNIP</name>
      <minOccurs>0</minOccurs>
      <maxOccurs>1</maxOccurs>
      <nillable>true</nillable>
      <binding>java.lang.Double</binding>
    </attribute>
    <attribute>
      <name>POPVNPNID</name>
      <minOccurs>0</minOccurs>
      <maxOccurs>1</maxOccurs>
      <nillable>true</nillable>
      <binding>java.lang.Double</binding>
    </attribute>
    <attribute>
      <name>POPVNPHRE</name>
      <minOccurs>0</minOccurs>
      <maxOccurs>1</maxOccurs>
      <nillable>true</nillable>
      <binding>java.lang.Double</binding>
    </attribute>
    <attribute>
      <name>INFEWSNEE</name>
      <minOccurs>0</minOccurs>
      <maxOccurs>1</maxOccurs>
      <nillable>true</nillable>
      <binding>java.lang.Double</binding>
    </attribute>
    <attribute>
      <name>INFEWSNNG</name>
      <minOccurs>0</minOccurs>
      <maxOccurs>1</maxOccurs>
      <nillable>true</nillable>
      <binding>java.lang.Double</binding>
    </attribute>
    <attribute>
      <name>INFEWSNSS</name>
      <minOccurs>0</minOccurs>
      <maxOccurs>1</maxOccurs>
      <nillable>true</nillable>
      <binding>java.lang.Double</binding>
    </attribute>
    <attribute>
      <name>HEAHSTPNR</name>
      <minOccurs>0</minOccurs>
      <maxOccurs>1</maxOccurs>
      <nillable>true</nillable>
      <binding>java.lang.Double</binding>
    </attribute>
    <attribute>
      <name>ECOLAMNEA</name>
      <minOccurs>0</minOccurs>
      <maxOccurs>1</maxOccurs>
      <nillable>true</nillable>
      <binding>java.lang.Double</binding>
    </attribute>
    <attribute>
      <name>ECOLAMPWM</name>
      <minOccurs>0</minOccurs>
      <maxOccurs>1</maxOccurs>
      <nillable>true</nillable>
      <binding>java.lang.Double</binding>
    </attribute>
    <attribute>
      <name>ECOIDPPPU</name>
      <minOccurs>0</minOccurs>
      <maxOccurs>1</maxOccurs>
      <nillable>true</nillable>
      <binding>java.lang.Double</binding>
    </attribute>
    <attribute>
      <name>ECOLAMPWC</name>
      <minOccurs>0</minOccurs>
      <maxOccurs>1</maxOccurs>
      <nillable>true</nillable>
      <binding>java.lang.Double</binding>
    </attribute>
    <attribute>
      <name>ECOLAMPWH</name>
      <minOccurs>0</minOccurs>
      <maxOccurs>1</maxOccurs>
      <nillable>true</nillable>
      <binding>java.lang.Double</binding>
    </attribute>
    <attribute>
      <name>EDUEACNAS</name>
      <minOccurs>0</minOccurs>
      <maxOccurs>1</maxOccurs>
      <nillable>true</nillable>
      <binding>java.lang.Double</binding>
    </attribute>
    <attribute>
      <name>_ECOIDPPPU</name>
      <minOccurs>0</minOccurs>
      <maxOccurs>1</maxOccurs>
      <nillable>true</nillable>
      <binding>java.lang.Double</binding>
    </attribute>
    <attribute>
      <name>_ECOLAMNEA</name>
      <minOccurs>0</minOccurs>
      <maxOccurs>1</maxOccurs>
      <nillable>true</nillable>
      <binding>java.lang.Double</binding>
    </attribute>
    <attribute>
      <name>_ECOLAMPWC</name>
      <minOccurs>0</minOccurs>
      <maxOccurs>1</maxOccurs>
      <nillable>true</nillable>
      <binding>java.lang.Double</binding>
    </attribute>
    <attribute>
      <name>_ECOLAMPWH</name>
      <minOccurs>0</minOccurs>
      <maxOccurs>1</maxOccurs>
      <nillable>true</nillable>
      <binding>java.lang.Double</binding>
    </attribute>
    <attribute>
      <name>_ECOLAMPWM</name>
      <minOccurs>0</minOccurs>
      <maxOccurs>1</maxOccurs>
      <nillable>true</nillable>
      <binding>java.lang.Double</binding>
    </attribute>
    <attribute>
      <name>_EDUEACNAS</name>
      <minOccurs>0</minOccurs>
      <maxOccurs>1</maxOccurs>
      <nillable>true</nillable>
      <binding>java.lang.Double</binding>
    </attribute>
    <attribute>
      <name>_HEAHSTPNR</name>
      <minOccurs>0</minOccurs>
      <maxOccurs>1</maxOccurs>
      <nillable>true</nillable>
      <binding>java.lang.Double</binding>
    </attribute>
    <attribute>
      <name>_INFEWSNEE</name>
      <minOccurs>0</minOccurs>
      <maxOccurs>1</maxOccurs>
      <nillable>true</nillable>
      <binding>java.lang.Double</binding>
    </attribute>
    <attribute>
      <name>_INFEWSNNG</name>
      <minOccurs>0</minOccurs>
      <maxOccurs>1</maxOccurs>
      <nillable>true</nillable>
      <binding>java.lang.Double</binding>
    </attribute>
    <attribute>
      <name>_INFEWSNSS</name>
      <minOccurs>0</minOccurs>
      <maxOccurs>1</maxOccurs>
      <nillable>true</nillable>
      <binding>java.lang.Double</binding>
    </attribute>
    <attribute>
      <name>_POPPPSPDE</name>
      <minOccurs>0</minOccurs>
      <maxOccurs>1</maxOccurs>
      <nillable>true</nillable>
      <binding>java.lang.Double</binding>
    </attribute>
    <attribute>
      <name>_POPPPSPPH</name>
      <minOccurs>0</minOccurs>
      <maxOccurs>1</maxOccurs>
      <nillable>true</nillable>
      <binding>java.lang.Double</binding>
    </attribute>
    <attribute>
      <name>_POPVNPADP</name>
      <minOccurs>0</minOccurs>
      <maxOccurs>1</maxOccurs>
      <nillable>true</nillable>
      <binding>java.lang.Double</binding>
    </attribute>
    <attribute>
      <name>_POPVNPFPP</name>
      <minOccurs>0</minOccurs>
      <maxOccurs>1</maxOccurs>
      <nillable>true</nillable>
      <binding>java.lang.Double</binding>
    </attribute>
    <attribute>
      <name>_POPVNPHRE</name>
      <minOccurs>0</minOccurs>
      <maxOccurs>1</maxOccurs>
      <nillable>true</nillable>
      <binding>java.lang.Double</binding>
    </attribute>
    <attribute>
      <name>_POPVNPLAN</name>
      <minOccurs>0</minOccurs>
      <maxOccurs>1</maxOccurs>
      <nillable>true</nillable>
      <binding>java.lang.Double</binding>
    </attribute>
    <attribute>
      <name>_POPVNPNID</name>
      <minOccurs>0</minOccurs>
      <maxOccurs>1</maxOccurs>
      <nillable>true</nillable>
      <binding>java.lang.Double</binding>
    </attribute>
    <attribute>
      <name>_POPVNPNIP</name>
      <minOccurs>0</minOccurs>
      <maxOccurs>1</maxOccurs>
      <nillable>true</nillable>
      <binding>java.lang.Double</binding>
    </attribute>
    <attribute>
      <name>_POPVNPPDI</name>
      <minOccurs>0</minOccurs>
      <maxOccurs>1</maxOccurs>
      <nillable>true</nillable>
      <binding>java.lang.Double</binding>
    </attribute>
    <attribute>
      <name>POPULATION</name>
      <minOccurs>0</minOccurs>
      <maxOccurs>1</maxOccurs>
      <nillable>true</nillable>
      <binding>java.lang.Double</binding>
    </attribute>
    <attribute>
      <name>SVI</name>
      <minOccurs>0</minOccurs>
      <maxOccurs>1</maxOccurs>
      <nillable>true</nillable>
      <binding>java.lang.Double</binding>
    </attribute>
    <attribute>
      <name>EDUCATION</name>
      <minOccurs>0</minOccurs>
      <maxOccurs>1</maxOccurs>
      <nillable>true</nillable>
      <binding>java.lang.Double</binding>
    </attribute>
    <attribute>
      <name>ECONOMY</name>
      <minOccurs>0</minOccurs>
      <maxOccurs>1</maxOccurs>
      <nillable>true</nillable>
      <binding>java.lang.Double</binding>
    </attribute>
    <attribute>
      <name>INFRASTRUC</name>
      <minOccurs>0</minOccurs>
      <maxOccurs>1</maxOccurs>
      <nillable>true</nillable>
      <binding>java.lang.Double</binding>
    </attribute>
    <attribute>
      <name>HEALTH</name>
      <minOccurs>0</minOccurs>
      <maxOccurs>1</maxOccurs>
      <nillable>true</nillable>
      <binding>java.lang.Double</binding>
    </attribute>
    <attribute>
      <name>LOSS_PTS_1</name>
      <minOccurs>0</minOccurs>
      <maxOccurs>1</maxOccurs>
      <nillable>true</nillable>
      <binding>java.lang.Integer</binding>
    </attribute>
    <attribute>
      <name>SUM_OCCU_1</name>
      <minOccurs>0</minOccurs>
      <maxOccurs>1</maxOccurs>
      <nillable>true</nillable>
      <binding>java.lang.Double</binding>
    </attribute>
    <attribute>
      <name>SUM_STRU_1</name>
      <minOccurs>0</minOccurs>
      <maxOccurs>1</maxOccurs>
      <nillable>true</nillable>
      <binding>java.lang.Double</binding>
    </attribute>
    <attribute>
      <name>_SUM_OCCU_</name>
      <minOccurs>0</minOccurs>
      <maxOccurs>1</maxOccurs>
      <nillable>true</nillable>
      <binding>java.lang.Double</binding>
    </attribute>
    <attribute>
      <name>_SUM_STRU_</name>
      <minOccurs>0</minOccurs>
      <maxOccurs>1</maxOccurs>
      <nillable>true</nillable>
      <binding>java.lang.Double</binding>
    </attribute>
    <attribute>
      <name>RI</name>
      <minOccurs>0</minOccurs>
      <maxOccurs>1</maxOccurs>
      <nillable>true</nillable>
      <binding>java.lang.Double</binding>
    </attribute>
    <attribute>
      <name>_SVI</name>
      <minOccurs>0</minOccurs>
      <maxOccurs>1</maxOccurs>
      <nillable>true</nillable>
      <binding>java.lang.Double</binding>
    </attribute>
    <attribute>
      <name>INT_RISK</name>
      <minOccurs>0</minOccurs>
      <maxOccurs>1</maxOccurs>
      <nillable>true</nillable>
      <binding>java.lang.Double</binding>
    </attribute>
  </attributes>
</featureType>