<featureType>
  <name>qgis_irmt_5a92c817_46c7_4fce_8aa8_c893a3178f24</name>
  <nativeName>qgis_irmt_5a92c817_46c7_4fce_8aa8_c893a3178f24</nativeName>
  <namespace>
    <name>oqplatform</name>
    <atom:link xmlns:atom="http://www.w3.org/2005/Atom" rel="alternate" href="https://platform.openquake.org/geoserver/rest/namespaces/oqplatform.xml" type="application/xml"/>
  </namespace>
  <title>SARA_Peru_Risk_Integrated_27122015</title>
  <abstract>The following is an integrated earthquake risk assessment for Peru at the Distrito (P3) level of geography. This assessment is a &quot;work in progress&quot; as weights will be applied to the data. The latter is being conducted within the respective country. Integrated risk is defined here as the combination of average annual losses to residential infrastructure with a composite index of social vulnerability. A composite index of social vulnerability is a combination of data that aims to measure characteristics within social systems that create the potential for loss and the differential ability to mitigate, respond to, and recover from damaging earthquake events. An integrated risk index provides a &quot;broad brush&quot; approach to highlighting areas where earthquake losses are most likely to occur coupled with the location of populations that are least likely to be able to be able to cope with such losses.</abstract>
  <keywords>
    <string>user-contributed</string>
    <string>SVIR</string>
    <string>IRMT_QGIS_Plugin</string>
  </keywords>
  <metadataLinks>
    <metadataLink>
      <type>text/xml</type>
      <metadataType>TC211</metadataType>
      <content>https://platform.openquake.org/catalogue/csw?outputschema=http%3A%2F%2Fwww.isotc211.org%2F2005%2Fgmd&amp;service=CSW&amp;request=GetRecordById&amp;version=2.0.2&amp;elementsetname=full&amp;id=d7a7fd62-aca5-11e5-970c-00163e801d73</content>
    </metadataLink>
    <metadataLink>
      <type>text/xml</type>
      <metadataType>FGDC</metadataType>
      <content>https://platform.openquake.org/catalogue/csw?outputschema=http%3A%2F%2Fwww.opengis.net%2Fcat%2Fcsw%2Fcsdgm&amp;service=CSW&amp;request=GetRecordById&amp;version=2.0.2&amp;elementsetname=full&amp;id=d7a7fd62-aca5-11e5-970c-00163e801d73</content>
    </metadataLink>
    <metadataLink>
      <type>text/xml</type>
      <metadataType>other</metadataType>
      <content>https://platform.openquake.org/catalogue/csw?outputschema=urn%3Aoasis%3Anames%3Atc%3Aebxml-regrep%3Axsd%3Arim%3A3.0&amp;service=CSW&amp;request=GetRecordById&amp;version=2.0.2&amp;elementsetname=full&amp;id=d7a7fd62-aca5-11e5-970c-00163e801d73</content>
    </metadataLink>
    <metadataLink>
      <type>text/xml</type>
      <metadataType>other</metadataType>
      <content>https://platform.openquake.org/catalogue/csw?outputschema=http%3A%2F%2Fwww.opengis.net%2Fcat%2Fcsw%2F2.0.2&amp;service=CSW&amp;request=GetRecordById&amp;version=2.0.2&amp;elementsetname=full&amp;id=d7a7fd62-aca5-11e5-970c-00163e801d73</content>
    </metadataLink>
    <metadataLink>
      <type>text/xml</type>
      <metadataType>other</metadataType>
      <content>https://platform.openquake.org/catalogue/csw?outputschema=http%3A%2F%2Fgcmd.gsfc.nasa.gov%2FAboutus%2Fxml%2Fdif%2F&amp;service=CSW&amp;request=GetRecordById&amp;version=2.0.2&amp;elementsetname=full&amp;id=d7a7fd62-aca5-11e5-970c-00163e801d73</content>
    </metadataLink>
    <metadataLink>
      <type>text/xml</type>
      <metadataType>other</metadataType>
      <content>https://platform.openquake.org/catalogue/csw?outputschema=http%3A%2F%2Fwww.w3.org%2F2005%2FAtom&amp;service=CSW&amp;request=GetRecordById&amp;version=2.0.2&amp;elementsetname=full&amp;id=d7a7fd62-aca5-11e5-970c-00163e801d73</content>
    </metadataLink>
  </metadataLinks>
  <nativeCRS class="projected">PROJCS[&quot;WGS 84 / UTM zone 18S&quot;, 
  GEOGCS[&quot;WGS 84&quot;, 
    DATUM[&quot;World Geodetic System 1984&quot;, 
      SPHEROID[&quot;WGS 84&quot;, 6378137.0, 298.257223563, AUTHORITY[&quot;EPSG&quot;,&quot;7030&quot;]], 
      AUTHORITY[&quot;EPSG&quot;,&quot;6326&quot;]], 
    PRIMEM[&quot;Greenwich&quot;, 0.0, AUTHORITY[&quot;EPSG&quot;,&quot;8901&quot;]], 
    UNIT[&quot;degree&quot;, 0.017453292519943295], 
    AXIS[&quot;Geodetic longitude&quot;, EAST], 
    AXIS[&quot;Geodetic latitude&quot;, NORTH], 
    AUTHORITY[&quot;EPSG&quot;,&quot;4326&quot;]], 
  PROJECTION[&quot;Transverse_Mercator&quot;], 
  PARAMETER[&quot;central_meridian&quot;, -75.0], 
  PARAMETER[&quot;latitude_of_origin&quot;, 0.0], 
  PARAMETER[&quot;scale_factor&quot;, 0.9996], 
  PARAMETER[&quot;false_easting&quot;, 500000.0], 
  PARAMETER[&quot;false_northing&quot;, 10000000.0], 
  UNIT[&quot;m&quot;, 1.0], 
  AXIS[&quot;Easting&quot;, EAST], 
  AXIS[&quot;Northing&quot;, NORTH], 
  AUTHORITY[&quot;EPSG&quot;,&quot;32718&quot;]]</nativeCRS>
  <srs>EPSG:32718</srs>
  <nativeBoundingBox>
    <minx>-203260.789695469</minx>
    <maxx>1190990.76605372</maxx>
    <miny>7964768.91159927</miny>
    <maxy>9995732.85844146</maxy>
    <crs class="projected">EPSG:32718</crs>
  </nativeBoundingBox>
  <latLonBoundingBox>
    <minx>-81.64209769669311</minx>
    <maxx>-68.47323079066928</maxx>
    <miny>-18.40713299058958</miny>
    <maxy>-0.038370914102047744</maxy>
    <crs>GEOGCS[&quot;WGS84(DD)&quot;, 
  DATUM[&quot;WGS84&quot;, 
    SPHEROID[&quot;WGS84&quot;, 6378137.0, 298.257223563]], 
  PRIMEM[&quot;Greenwich&quot;, 0.0], 
  UNIT[&quot;degree&quot;, 0.017453292519943295], 
  AXIS[&quot;Geodetic longitude&quot;, EAST], 
  AXIS[&quot;Geodetic latitude&quot;, NORTH]]</crs>
  </latLonBoundingBox>
  <projectionPolicy>FORCE_DECLARED</projectionPolicy>
  <enabled>true</enabled>
  <advertised>true</advertised>
  <store class="dataStore">
    <name>datastore</name>
    <atom:link xmlns:atom="http://www.w3.org/2005/Atom" rel="alternate" href="https://platform.openquake.org/geoserver/rest/workspaces/oqplatform/datastores/datastore.xml" type="application/xml"/>
  </store>
  <maxFeatures>0</maxFeatures>
  <numDecimals>0</numDecimals>
  <attributes>
    <attribute>
      <name>the_geom</name>
      <minOccurs>0</minOccurs>
      <maxOccurs>1</maxOccurs>
      <nillable>true</nillable>
      <binding>com.vividsolutions.jts.geom.MultiPolygon</binding>
    </attribute>
    <attribute>
      <name>OBJECTID</name>
      <minOccurs>0</minOccurs>
      <maxOccurs>1</maxOccurs>
      <nillable>true</nillable>
      <binding>java.lang.Integer</binding>
    </attribute>
    <attribute>
      <name>IDDIST</name>
      <minOccurs>0</minOccurs>
      <maxOccurs>1</maxOccurs>
      <nillable>true</nillable>
      <binding>java.lang.String</binding>
    </attribute>
    <attribute>
      <name>IDDPTO</name>
      <minOccurs>0</minOccurs>
      <maxOccurs>1</maxOccurs>
      <nillable>true</nillable>
      <binding>java.lang.String</binding>
    </attribute>
    <attribute>
      <name>IDPROV</name>
      <minOccurs>0</minOccurs>
      <maxOccurs>1</maxOccurs>
      <nillable>true</nillable>
      <binding>java.lang.String</binding>
    </attribute>
    <attribute>
      <name>NOMBDIST</name>
      <minOccurs>0</minOccurs>
      <maxOccurs>1</maxOccurs>
      <nillable>true</nillable>
      <binding>java.lang.String</binding>
    </attribute>
    <attribute>
      <name>NOMBPROV</name>
      <minOccurs>0</minOccurs>
      <maxOccurs>1</maxOccurs>
      <nillable>true</nillable>
      <binding>java.lang.String</binding>
    </attribute>
    <attribute>
      <name>NOMBDEP</name>
      <minOccurs>0</minOccurs>
      <maxOccurs>1</maxOccurs>
      <nillable>true</nillable>
      <binding>java.lang.String</binding>
    </attribute>
    <attribute>
      <name>REGION</name>
      <minOccurs>0</minOccurs>
      <maxOccurs>1</maxOccurs>
      <nillable>true</nillable>
      <binding>java.lang.String</binding>
    </attribute>
    <attribute>
      <name>DWELLINGS</name>
      <minOccurs>0</minOccurs>
      <maxOccurs>1</maxOccurs>
      <nillable>true</nillable>
      <binding>java.lang.Double</binding>
    </attribute>
    <attribute>
      <name>AREA</name>
      <minOccurs>0</minOccurs>
      <maxOccurs>1</maxOccurs>
      <nillable>true</nillable>
      <binding>java.lang.Double</binding>
    </attribute>
    <attribute>
      <name>PERIMETER</name>
      <minOccurs>0</minOccurs>
      <maxOccurs>1</maxOccurs>
      <nillable>true</nillable>
      <binding>java.lang.Double</binding>
    </attribute>
    <attribute>
      <name>field_1</name>
      <minOccurs>0</minOccurs>
      <maxOccurs>1</maxOccurs>
      <nillable>true</nillable>
      <binding>java.lang.String</binding>
    </attribute>
    <attribute>
      <name>field_2</name>
      <minOccurs>0</minOccurs>
      <maxOccurs>1</maxOccurs>
      <nillable>true</nillable>
      <binding>java.lang.String</binding>
    </attribute>
    <attribute>
      <name>POPVNPFPP</name>
      <minOccurs>0</minOccurs>
      <maxOccurs>1</maxOccurs>
      <nillable>true</nillable>
      <binding>java.lang.Double</binding>
    </attribute>
    <attribute>
      <name>POPPPSPDE</name>
      <minOccurs>0</minOccurs>
      <maxOccurs>1</maxOccurs>
      <nillable>true</nillable>
      <binding>java.lang.Double</binding>
    </attribute>
    <attribute>
      <name>POPVNPUNQ</name>
      <minOccurs>0</minOccurs>
      <maxOccurs>1</maxOccurs>
      <nillable>true</nillable>
      <binding>java.lang.Double</binding>
    </attribute>
    <attribute>
      <name>POPVNPHRE</name>
      <minOccurs>0</minOccurs>
      <maxOccurs>1</maxOccurs>
      <nillable>true</nillable>
      <binding>java.lang.Double</binding>
    </attribute>
    <attribute>
      <name>POPVNPHSL</name>
      <minOccurs>0</minOccurs>
      <maxOccurs>1</maxOccurs>
      <nillable>true</nillable>
      <binding>java.lang.Double</binding>
    </attribute>
    <attribute>
      <name>POPVNPHDS</name>
      <minOccurs>0</minOccurs>
      <maxOccurs>1</maxOccurs>
      <nillable>true</nillable>
      <binding>java.lang.Double</binding>
    </attribute>
    <attribute>
      <name>POPPPSPPH</name>
      <minOccurs>0</minOccurs>
      <maxOccurs>1</maxOccurs>
      <nillable>true</nillable>
      <binding>java.lang.Double</binding>
    </attribute>
    <attribute>
      <name>POPVNPNIL</name>
      <minOccurs>0</minOccurs>
      <maxOccurs>1</maxOccurs>
      <nillable>true</nillable>
      <binding>java.lang.Double</binding>
    </attribute>
    <attribute>
      <name>POPVNPADP</name>
      <minOccurs>0</minOccurs>
      <maxOccurs>1</maxOccurs>
      <nillable>true</nillable>
      <binding>java.lang.Double</binding>
    </attribute>
    <attribute>
      <name>ECOIDPPVP</name>
      <minOccurs>0</minOccurs>
      <maxOccurs>1</maxOccurs>
      <nillable>true</nillable>
      <binding>java.lang.Double</binding>
    </attribute>
    <attribute>
      <name>ECOIDPHED</name>
      <minOccurs>0</minOccurs>
      <maxOccurs>1</maxOccurs>
      <nillable>true</nillable>
      <binding>java.lang.Double</binding>
    </attribute>
    <attribute>
      <name>ECOLAMPWH</name>
      <minOccurs>0</minOccurs>
      <maxOccurs>1</maxOccurs>
      <nillable>true</nillable>
      <binding>java.lang.Double</binding>
    </attribute>
    <attribute>
      <name>ECOIDPGIN</name>
      <minOccurs>0</minOccurs>
      <maxOccurs>1</maxOccurs>
      <nillable>true</nillable>
      <binding>java.lang.Double</binding>
    </attribute>
    <attribute>
      <name>ECOLAMUEP</name>
      <minOccurs>0</minOccurs>
      <maxOccurs>1</maxOccurs>
      <nillable>true</nillable>
      <binding>java.lang.Double</binding>
    </attribute>
    <attribute>
      <name>ECOLAMPWM</name>
      <minOccurs>0</minOccurs>
      <maxOccurs>1</maxOccurs>
      <nillable>true</nillable>
      <binding>java.lang.Double</binding>
    </attribute>
    <attribute>
      <name>ECOLAMPWC</name>
      <minOccurs>0</minOccurs>
      <maxOccurs>1</maxOccurs>
      <nillable>true</nillable>
      <binding>java.lang.Double</binding>
    </attribute>
    <attribute>
      <name>INFEWSNSS</name>
      <minOccurs>0</minOccurs>
      <maxOccurs>1</maxOccurs>
      <nillable>true</nillable>
      <binding>java.lang.Double</binding>
    </attribute>
    <attribute>
      <name>INFEWSNWA</name>
      <minOccurs>0</minOccurs>
      <maxOccurs>1</maxOccurs>
      <nillable>true</nillable>
      <binding>java.lang.Double</binding>
    </attribute>
    <attribute>
      <name>INFEWSNEE</name>
      <minOccurs>0</minOccurs>
      <maxOccurs>1</maxOccurs>
      <nillable>true</nillable>
      <binding>java.lang.Double</binding>
    </attribute>
    <attribute>
      <name>HEAHSTPNR</name>
      <minOccurs>0</minOccurs>
      <maxOccurs>1</maxOccurs>
      <nillable>true</nillable>
      <binding>java.lang.Double</binding>
    </attribute>
    <attribute>
      <name>EDUEACNAS</name>
      <minOccurs>0</minOccurs>
      <maxOccurs>1</maxOccurs>
      <nillable>true</nillable>
      <binding>java.lang.Double</binding>
    </attribute>
    <attribute>
      <name>EDUEOCPIS</name>
      <minOccurs>0</minOccurs>
      <maxOccurs>1</maxOccurs>
      <nillable>true</nillable>
      <binding>java.lang.Double</binding>
    </attribute>
    <attribute>
      <name>_ECOIDPGIN</name>
      <minOccurs>0</minOccurs>
      <maxOccurs>1</maxOccurs>
      <nillable>true</nillable>
      <binding>java.lang.Double</binding>
    </attribute>
    <attribute>
      <name>_ECOIDPHED</name>
      <minOccurs>0</minOccurs>
      <maxOccurs>1</maxOccurs>
      <nillable>true</nillable>
      <binding>java.lang.Double</binding>
    </attribute>
    <attribute>
      <name>_ECOIDPPVP</name>
      <minOccurs>0</minOccurs>
      <maxOccurs>1</maxOccurs>
      <nillable>true</nillable>
      <binding>java.lang.Double</binding>
    </attribute>
    <attribute>
      <name>_ECOLAMPWC</name>
      <minOccurs>0</minOccurs>
      <maxOccurs>1</maxOccurs>
      <nillable>true</nillable>
      <binding>java.lang.Double</binding>
    </attribute>
    <attribute>
      <name>_ECOLAMPWH</name>
      <minOccurs>0</minOccurs>
      <maxOccurs>1</maxOccurs>
      <nillable>true</nillable>
      <binding>java.lang.Double</binding>
    </attribute>
    <attribute>
      <name>_ECOLAMPWM</name>
      <minOccurs>0</minOccurs>
      <maxOccurs>1</maxOccurs>
      <nillable>true</nillable>
      <binding>java.lang.Double</binding>
    </attribute>
    <attribute>
      <name>_ECOLAMUEP</name>
      <minOccurs>0</minOccurs>
      <maxOccurs>1</maxOccurs>
      <nillable>true</nillable>
      <binding>java.lang.Double</binding>
    </attribute>
    <attribute>
      <name>_EDUEACNAS</name>
      <minOccurs>0</minOccurs>
      <maxOccurs>1</maxOccurs>
      <nillable>true</nillable>
      <binding>java.lang.Double</binding>
    </attribute>
    <attribute>
      <name>_EDUEOCPIS</name>
      <minOccurs>0</minOccurs>
      <maxOccurs>1</maxOccurs>
      <nillable>true</nillable>
      <binding>java.lang.Double</binding>
    </attribute>
    <attribute>
      <name>_HEAHSTPNR</name>
      <minOccurs>0</minOccurs>
      <maxOccurs>1</maxOccurs>
      <nillable>true</nillable>
      <binding>java.lang.Double</binding>
    </attribute>
    <attribute>
      <name>_INFEWSNEE</name>
      <minOccurs>0</minOccurs>
      <maxOccurs>1</maxOccurs>
      <nillable>true</nillable>
      <binding>java.lang.Double</binding>
    </attribute>
    <attribute>
      <name>_INFEWSNSS</name>
      <minOccurs>0</minOccurs>
      <maxOccurs>1</maxOccurs>
      <nillable>true</nillable>
      <binding>java.lang.Double</binding>
    </attribute>
    <attribute>
      <name>_INFEWSNWA</name>
      <minOccurs>0</minOccurs>
      <maxOccurs>1</maxOccurs>
      <nillable>true</nillable>
      <binding>java.lang.Double</binding>
    </attribute>
    <attribute>
      <name>_POPPPSPDE</name>
      <minOccurs>0</minOccurs>
      <maxOccurs>1</maxOccurs>
      <nillable>true</nillable>
      <binding>java.lang.Double</binding>
    </attribute>
    <attribute>
      <name>_POPPPSPPH</name>
      <minOccurs>0</minOccurs>
      <maxOccurs>1</maxOccurs>
      <nillable>true</nillable>
      <binding>java.lang.Double</binding>
    </attribute>
    <attribute>
      <name>_POPVNPADP</name>
      <minOccurs>0</minOccurs>
      <maxOccurs>1</maxOccurs>
      <nillable>true</nillable>
      <binding>java.lang.Double</binding>
    </attribute>
    <attribute>
      <name>_POPVNPFPP</name>
      <minOccurs>0</minOccurs>
      <maxOccurs>1</maxOccurs>
      <nillable>true</nillable>
      <binding>java.lang.Double</binding>
    </attribute>
    <attribute>
      <name>_POPVNPHDS</name>
      <minOccurs>0</minOccurs>
      <maxOccurs>1</maxOccurs>
      <nillable>true</nillable>
      <binding>java.lang.Double</binding>
    </attribute>
    <attribute>
      <name>_POPVNPHRE</name>
      <minOccurs>0</minOccurs>
      <maxOccurs>1</maxOccurs>
      <nillable>true</nillable>
      <binding>java.lang.Double</binding>
    </attribute>
    <attribute>
      <name>_POPVNPHSL</name>
      <minOccurs>0</minOccurs>
      <maxOccurs>1</maxOccurs>
      <nillable>true</nillable>
      <binding>java.lang.Double</binding>
    </attribute>
    <attribute>
      <name>_POPVNPNIL</name>
      <minOccurs>0</minOccurs>
      <maxOccurs>1</maxOccurs>
      <nillable>true</nillable>
      <binding>java.lang.Double</binding>
    </attribute>
    <attribute>
      <name>_POPVNPUNQ</name>
      <minOccurs>0</minOccurs>
      <maxOccurs>1</maxOccurs>
      <nillable>true</nillable>
      <binding>java.lang.Double</binding>
    </attribute>
    <attribute>
      <name>POPULATION</name>
      <minOccurs>0</minOccurs>
      <maxOccurs>1</maxOccurs>
      <nillable>true</nillable>
      <binding>java.lang.Double</binding>
    </attribute>
    <attribute>
      <name>SVI</name>
      <minOccurs>0</minOccurs>
      <maxOccurs>1</maxOccurs>
      <nillable>true</nillable>
      <binding>java.lang.Double</binding>
    </attribute>
    <attribute>
      <name>EDUCATION</name>
      <minOccurs>0</minOccurs>
      <maxOccurs>1</maxOccurs>
      <nillable>true</nillable>
      <binding>java.lang.Double</binding>
    </attribute>
    <attribute>
      <name>HEALTH</name>
      <minOccurs>0</minOccurs>
      <maxOccurs>1</maxOccurs>
      <nillable>true</nillable>
      <binding>java.lang.Double</binding>
    </attribute>
    <attribute>
      <name>ECONOMY</name>
      <minOccurs>0</minOccurs>
      <maxOccurs>1</maxOccurs>
      <nillable>true</nillable>
      <binding>java.lang.Double</binding>
    </attribute>
    <attribute>
      <name>INFRASTRUC</name>
      <minOccurs>0</minOccurs>
      <maxOccurs>1</maxOccurs>
      <nillable>true</nillable>
      <binding>java.lang.Double</binding>
    </attribute>
    <attribute>
      <name>MM_DEATH</name>
      <minOccurs>0</minOccurs>
      <maxOccurs>1</maxOccurs>
      <nillable>true</nillable>
      <binding>java.lang.Double</binding>
    </attribute>
    <attribute>
      <name>MM_AAL</name>
      <minOccurs>0</minOccurs>
      <maxOccurs>1</maxOccurs>
      <nillable>true</nillable>
      <binding>java.lang.Double</binding>
    </attribute>
    <attribute>
      <name>RI</name>
      <minOccurs>0</minOccurs>
      <maxOccurs>1</maxOccurs>
      <nillable>true</nillable>
      <binding>java.lang.Double</binding>
    </attribute>
    <attribute>
      <name>IRI</name>
      <minOccurs>0</minOccurs>
      <maxOccurs>1</maxOccurs>
      <nillable>true</nillable>
      <binding>java.lang.Double</binding>
    </attribute>
  </attributes>
</featureType>