<featureType>
  <name>qgis_irmt_db85bd6d_5d70_4e89_a2c9_a7122dae3f15</name>
  <nativeName>qgis_irmt_db85bd6d_5d70_4e89_a2c9_a7122dae3f15</nativeName>
  <namespace>
    <name>oqplatform</name>
    <atom:link xmlns:atom="http://www.w3.org/2005/Atom" rel="alternate" href="https://platform.openquake.org/geoserver/rest/namespaces/oqplatform.xml" type="application/xml"/>
  </namespace>
  <title>Ethiopia_L1_SVI_1</title>
  <abstract>No abstract provided</abstract>
  <keywords>
    <string>SVIR</string>
    <string>user-contributed</string>
    <string>IRMT_QGIS_Plugin</string>
  </keywords>
  <metadataLinks>
    <metadataLink>
      <type>text/xml</type>
      <metadataType>other</metadataType>
      <content>https://platform.openquake.org/catalogue/csw?outputschema=http%3A%2F%2Fwww.w3.org%2F2005%2FAtom&amp;service=CSW&amp;request=GetRecordById&amp;version=2.0.2&amp;elementsetname=full&amp;id=be0b4e3e-13c1-11e7-ac3f-00163e801d73</content>
    </metadataLink>
    <metadataLink>
      <type>text/xml</type>
      <metadataType>other</metadataType>
      <content>https://platform.openquake.org/catalogue/csw?outputschema=http%3A%2F%2Fgcmd.gsfc.nasa.gov%2FAboutus%2Fxml%2Fdif%2F&amp;service=CSW&amp;request=GetRecordById&amp;version=2.0.2&amp;elementsetname=full&amp;id=be0b4e3e-13c1-11e7-ac3f-00163e801d73</content>
    </metadataLink>
    <metadataLink>
      <type>text/xml</type>
      <metadataType>other</metadataType>
      <content>https://platform.openquake.org/catalogue/csw?outputschema=http%3A%2F%2Fwww.opengis.net%2Fcat%2Fcsw%2F2.0.2&amp;service=CSW&amp;request=GetRecordById&amp;version=2.0.2&amp;elementsetname=full&amp;id=be0b4e3e-13c1-11e7-ac3f-00163e801d73</content>
    </metadataLink>
    <metadataLink>
      <type>text/xml</type>
      <metadataType>other</metadataType>
      <content>https://platform.openquake.org/catalogue/csw?outputschema=urn%3Aoasis%3Anames%3Atc%3Aebxml-regrep%3Axsd%3Arim%3A3.0&amp;service=CSW&amp;request=GetRecordById&amp;version=2.0.2&amp;elementsetname=full&amp;id=be0b4e3e-13c1-11e7-ac3f-00163e801d73</content>
    </metadataLink>
    <metadataLink>
      <type>text/xml</type>
      <metadataType>FGDC</metadataType>
      <content>https://platform.openquake.org/catalogue/csw?outputschema=http%3A%2F%2Fwww.opengis.net%2Fcat%2Fcsw%2Fcsdgm&amp;service=CSW&amp;request=GetRecordById&amp;version=2.0.2&amp;elementsetname=full&amp;id=be0b4e3e-13c1-11e7-ac3f-00163e801d73</content>
    </metadataLink>
    <metadataLink>
      <type>text/xml</type>
      <metadataType>TC211</metadataType>
      <content>https://platform.openquake.org/catalogue/csw?outputschema=http%3A%2F%2Fwww.isotc211.org%2F2005%2Fgmd&amp;service=CSW&amp;request=GetRecordById&amp;version=2.0.2&amp;elementsetname=full&amp;id=be0b4e3e-13c1-11e7-ac3f-00163e801d73</content>
    </metadataLink>
  </metadataLinks>
  <nativeCRS>GEOGCS[&quot;WGS 84&quot;, 
  DATUM[&quot;World Geodetic System 1984&quot;, 
    SPHEROID[&quot;WGS 84&quot;, 6378137.0, 298.257223563, AUTHORITY[&quot;EPSG&quot;,&quot;7030&quot;]], 
    AUTHORITY[&quot;EPSG&quot;,&quot;6326&quot;]], 
  PRIMEM[&quot;Greenwich&quot;, 0.0, AUTHORITY[&quot;EPSG&quot;,&quot;8901&quot;]], 
  UNIT[&quot;degree&quot;, 0.017453292519943295], 
  AXIS[&quot;Geodetic longitude&quot;, EAST], 
  AXIS[&quot;Geodetic latitude&quot;, NORTH], 
  AUTHORITY[&quot;EPSG&quot;,&quot;4326&quot;]]</nativeCRS>
  <srs>EPSG:4326</srs>
  <nativeBoundingBox>
    <minx>32.9897998450001</minx>
    <maxx>47.9791691490001</maxx>
    <miny>3.40333343500009</miny>
    <maxy>14.8795321660001</maxy>
    <crs>EPSG:4326</crs>
  </nativeBoundingBox>
  <latLonBoundingBox>
    <minx>32.9897998450001</minx>
    <maxx>47.9791691490001</maxx>
    <miny>3.40333343500009</miny>
    <maxy>14.8795321660001</maxy>
    <crs>GEOGCS[&quot;WGS84(DD)&quot;, 
  DATUM[&quot;WGS84&quot;, 
    SPHEROID[&quot;WGS84&quot;, 6378137.0, 298.257223563]], 
  PRIMEM[&quot;Greenwich&quot;, 0.0], 
  UNIT[&quot;degree&quot;, 0.017453292519943295], 
  AXIS[&quot;Geodetic longitude&quot;, EAST], 
  AXIS[&quot;Geodetic latitude&quot;, NORTH]]</crs>
  </latLonBoundingBox>
  <projectionPolicy>FORCE_DECLARED</projectionPolicy>
  <enabled>true</enabled>
  <advertised>true</advertised>
  <store class="dataStore">
    <name>datastore</name>
    <atom:link xmlns:atom="http://www.w3.org/2005/Atom" rel="alternate" href="https://platform.openquake.org/geoserver/rest/workspaces/oqplatform/datastores/datastore.xml" type="application/xml"/>
  </store>
  <maxFeatures>0</maxFeatures>
  <numDecimals>0</numDecimals>
  <attributes>
    <attribute>
      <name>the_geom</name>
      <minOccurs>0</minOccurs>
      <maxOccurs>1</maxOccurs>
      <nillable>true</nillable>
      <binding>com.vividsolutions.jts.geom.MultiPolygon</binding>
    </attribute>
    <attribute>
      <name>diss_me</name>
      <minOccurs>0</minOccurs>
      <maxOccurs>1</maxOccurs>
      <nillable>true</nillable>
      <binding>java.lang.Integer</binding>
    </attribute>
    <attribute>
      <name>name</name>
      <minOccurs>0</minOccurs>
      <maxOccurs>1</maxOccurs>
      <nillable>true</nillable>
      <binding>java.lang.String</binding>
    </attribute>
    <attribute>
      <name>gadm_level</name>
      <minOccurs>0</minOccurs>
      <maxOccurs>1</maxOccurs>
      <nillable>true</nillable>
      <binding>java.lang.Integer</binding>
    </attribute>
    <attribute>
      <name>area_sqkm</name>
      <minOccurs>0</minOccurs>
      <maxOccurs>1</maxOccurs>
      <nillable>true</nillable>
      <binding>java.lang.Double</binding>
    </attribute>
    <attribute>
      <name>latitude</name>
      <minOccurs>0</minOccurs>
      <maxOccurs>1</maxOccurs>
      <nillable>true</nillable>
      <binding>java.lang.Double</binding>
    </attribute>
    <attribute>
      <name>longitude</name>
      <minOccurs>0</minOccurs>
      <maxOccurs>1</maxOccurs>
      <nillable>true</nillable>
      <binding>java.lang.Double</binding>
    </attribute>
    <attribute>
      <name>RegName</name>
      <minOccurs>0</minOccurs>
      <maxOccurs>1</maxOccurs>
      <nillable>true</nillable>
      <binding>java.lang.String</binding>
    </attribute>
    <attribute>
      <name>POPPPSADR</name>
      <minOccurs>0</minOccurs>
      <maxOccurs>1</maxOccurs>
      <nillable>true</nillable>
      <binding>java.lang.Double</binding>
    </attribute>
    <attribute>
      <name>POPPPSURB</name>
      <minOccurs>0</minOccurs>
      <maxOccurs>1</maxOccurs>
      <nillable>true</nillable>
      <binding>java.lang.Double</binding>
    </attribute>
    <attribute>
      <name>POPPPSHSZ</name>
      <minOccurs>0</minOccurs>
      <maxOccurs>1</maxOccurs>
      <nillable>true</nillable>
      <binding>java.lang.Double</binding>
    </attribute>
    <attribute>
      <name>POPPPSEAG</name>
      <minOccurs>0</minOccurs>
      <maxOccurs>1</maxOccurs>
      <nillable>true</nillable>
      <binding>java.lang.Double</binding>
    </attribute>
    <attribute>
      <name>POPPPSADD</name>
      <minOccurs>0</minOccurs>
      <maxOccurs>1</maxOccurs>
      <nillable>true</nillable>
      <binding>java.lang.Double</binding>
    </attribute>
    <attribute>
      <name>POPVNPOOT</name>
      <minOccurs>0</minOccurs>
      <maxOccurs>1</maxOccurs>
      <nillable>true</nillable>
      <binding>java.lang.Double</binding>
    </attribute>
    <attribute>
      <name>POPVNPDIS</name>
      <minOccurs>0</minOccurs>
      <maxOccurs>1</maxOccurs>
      <nillable>true</nillable>
      <binding>java.lang.Double</binding>
    </attribute>
    <attribute>
      <name>POPVNPO65</name>
      <minOccurs>0</minOccurs>
      <maxOccurs>1</maxOccurs>
      <nillable>true</nillable>
      <binding>java.lang.Double</binding>
    </attribute>
    <attribute>
      <name>POPVNPORP</name>
      <minOccurs>0</minOccurs>
      <maxOccurs>1</maxOccurs>
      <nillable>true</nillable>
      <binding>java.lang.Double</binding>
    </attribute>
    <attribute>
      <name>POPVNPHPE</name>
      <minOccurs>0</minOccurs>
      <maxOccurs>1</maxOccurs>
      <nillable>true</nillable>
      <binding>java.lang.Double</binding>
    </attribute>
    <attribute>
      <name>POPVNPHTE</name>
      <minOccurs>0</minOccurs>
      <maxOccurs>1</maxOccurs>
      <nillable>true</nillable>
      <binding>java.lang.Double</binding>
    </attribute>
    <attribute>
      <name>POPVNPHMO</name>
      <minOccurs>0</minOccurs>
      <maxOccurs>1</maxOccurs>
      <nillable>true</nillable>
      <binding>java.lang.Double</binding>
    </attribute>
    <attribute>
      <name>POPVNPBL5</name>
      <minOccurs>0</minOccurs>
      <maxOccurs>1</maxOccurs>
      <nillable>true</nillable>
      <binding>java.lang.Double</binding>
    </attribute>
    <attribute>
      <name>POPVNPHST</name>
      <minOccurs>0</minOccurs>
      <maxOccurs>1</maxOccurs>
      <nillable>true</nillable>
      <binding>java.lang.Double</binding>
    </attribute>
    <attribute>
      <name>POPVNPOPG</name>
      <minOccurs>0</minOccurs>
      <maxOccurs>1</maxOccurs>
      <nillable>true</nillable>
      <binding>java.lang.Double</binding>
    </attribute>
    <attribute>
      <name>POPVNPUNI</name>
      <minOccurs>0</minOccurs>
      <maxOccurs>1</maxOccurs>
      <nillable>true</nillable>
      <binding>java.lang.Double</binding>
    </attribute>
    <attribute>
      <name>POPVNPCOR</name>
      <minOccurs>0</minOccurs>
      <maxOccurs>1</maxOccurs>
      <nillable>true</nillable>
      <binding>java.lang.Double</binding>
    </attribute>
    <attribute>
      <name>POPVNPOCQ</name>
      <minOccurs>0</minOccurs>
      <maxOccurs>1</maxOccurs>
      <nillable>true</nillable>
      <binding>java.lang.Double</binding>
    </attribute>
    <attribute>
      <name>POPVNPIIP</name>
      <minOccurs>0</minOccurs>
      <maxOccurs>1</maxOccurs>
      <nillable>true</nillable>
      <binding>java.lang.Double</binding>
    </attribute>
    <attribute>
      <name>POPVNPNMD</name>
      <minOccurs>0</minOccurs>
      <maxOccurs>1</maxOccurs>
      <nillable>true</nillable>
      <binding>java.lang.Double</binding>
    </attribute>
    <attribute>
      <name>POPVNPHLS</name>
      <minOccurs>0</minOccurs>
      <maxOccurs>1</maxOccurs>
      <nillable>true</nillable>
      <binding>java.lang.Double</binding>
    </attribute>
    <attribute>
      <name>POPVNPNBF</name>
      <minOccurs>0</minOccurs>
      <maxOccurs>1</maxOccurs>
      <nillable>true</nillable>
      <binding>java.lang.Double</binding>
    </attribute>
    <attribute>
      <name>ECOEACWRK</name>
      <minOccurs>0</minOccurs>
      <maxOccurs>1</maxOccurs>
      <nillable>true</nillable>
      <binding>java.lang.Double</binding>
    </attribute>
    <attribute>
      <name>ECOIDPLIV</name>
      <minOccurs>0</minOccurs>
      <maxOccurs>1</maxOccurs>
      <nillable>true</nillable>
      <binding>java.lang.Double</binding>
    </attribute>
    <attribute>
      <name>ECOLAMCHN</name>
      <minOccurs>0</minOccurs>
      <maxOccurs>1</maxOccurs>
      <nillable>true</nillable>
      <binding>java.lang.Double</binding>
    </attribute>
    <attribute>
      <name>INFEWSBTH</name>
      <minOccurs>0</minOccurs>
      <maxOccurs>1</maxOccurs>
      <nillable>true</nillable>
      <binding>java.lang.Double</binding>
    </attribute>
    <attribute>
      <name>INFEWSWTR</name>
      <minOccurs>0</minOccurs>
      <maxOccurs>1</maxOccurs>
      <nillable>true</nillable>
      <binding>java.lang.Double</binding>
    </attribute>
    <attribute>
      <name>INFEWUSA</name>
      <minOccurs>0</minOccurs>
      <maxOccurs>1</maxOccurs>
      <nillable>true</nillable>
      <binding>java.lang.Double</binding>
    </attribute>
    <attribute>
      <name>INFEWSRSA</name>
      <minOccurs>0</minOccurs>
      <maxOccurs>1</maxOccurs>
      <nillable>true</nillable>
      <binding>java.lang.Double</binding>
    </attribute>
    <attribute>
      <name>INFEWSTOI</name>
      <minOccurs>0</minOccurs>
      <maxOccurs>1</maxOccurs>
      <nillable>true</nillable>
      <binding>java.lang.Double</binding>
    </attribute>
    <attribute>
      <name>INFTCORAD</name>
      <minOccurs>0</minOccurs>
      <maxOccurs>1</maxOccurs>
      <nillable>true</nillable>
      <binding>java.lang.Double</binding>
    </attribute>
    <attribute>
      <name>INFTCOTEL</name>
      <minOccurs>0</minOccurs>
      <maxOccurs>1</maxOccurs>
      <nillable>true</nillable>
      <binding>java.lang.Double</binding>
    </attribute>
    <attribute>
      <name>_ECOEACWRK</name>
      <minOccurs>0</minOccurs>
      <maxOccurs>1</maxOccurs>
      <nillable>true</nillable>
      <binding>java.lang.Double</binding>
    </attribute>
    <attribute>
      <name>_ECOIDPLIV</name>
      <minOccurs>0</minOccurs>
      <maxOccurs>1</maxOccurs>
      <nillable>true</nillable>
      <binding>java.lang.Double</binding>
    </attribute>
    <attribute>
      <name>_ECOLAMCHN</name>
      <minOccurs>0</minOccurs>
      <maxOccurs>1</maxOccurs>
      <nillable>true</nillable>
      <binding>java.lang.Double</binding>
    </attribute>
    <attribute>
      <name>_INFEWSBTH</name>
      <minOccurs>0</minOccurs>
      <maxOccurs>1</maxOccurs>
      <nillable>true</nillable>
      <binding>java.lang.Double</binding>
    </attribute>
    <attribute>
      <name>_INFEWSRSA</name>
      <minOccurs>0</minOccurs>
      <maxOccurs>1</maxOccurs>
      <nillable>true</nillable>
      <binding>java.lang.Double</binding>
    </attribute>
    <attribute>
      <name>_INFEWSTOI</name>
      <minOccurs>0</minOccurs>
      <maxOccurs>1</maxOccurs>
      <nillable>true</nillable>
      <binding>java.lang.Double</binding>
    </attribute>
    <attribute>
      <name>_INFEWSWTR</name>
      <minOccurs>0</minOccurs>
      <maxOccurs>1</maxOccurs>
      <nillable>true</nillable>
      <binding>java.lang.Double</binding>
    </attribute>
    <attribute>
      <name>_INFEWUSA</name>
      <minOccurs>0</minOccurs>
      <maxOccurs>1</maxOccurs>
      <nillable>true</nillable>
      <binding>java.lang.Double</binding>
    </attribute>
    <attribute>
      <name>_INFTCORAD</name>
      <minOccurs>0</minOccurs>
      <maxOccurs>1</maxOccurs>
      <nillable>true</nillable>
      <binding>java.lang.Double</binding>
    </attribute>
    <attribute>
      <name>_INFTCOTEL</name>
      <minOccurs>0</minOccurs>
      <maxOccurs>1</maxOccurs>
      <nillable>true</nillable>
      <binding>java.lang.Double</binding>
    </attribute>
    <attribute>
      <name>_POPPPSADD</name>
      <minOccurs>0</minOccurs>
      <maxOccurs>1</maxOccurs>
      <nillable>true</nillable>
      <binding>java.lang.Double</binding>
    </attribute>
    <attribute>
      <name>_POPPPSADR</name>
      <minOccurs>0</minOccurs>
      <maxOccurs>1</maxOccurs>
      <nillable>true</nillable>
      <binding>java.lang.Double</binding>
    </attribute>
    <attribute>
      <name>_POPPPSEAG</name>
      <minOccurs>0</minOccurs>
      <maxOccurs>1</maxOccurs>
      <nillable>true</nillable>
      <binding>java.lang.Double</binding>
    </attribute>
    <attribute>
      <name>_POPPPSHSZ</name>
      <minOccurs>0</minOccurs>
      <maxOccurs>1</maxOccurs>
      <nillable>true</nillable>
      <binding>java.lang.Double</binding>
    </attribute>
    <attribute>
      <name>_POPPPSURB</name>
      <minOccurs>0</minOccurs>
      <maxOccurs>1</maxOccurs>
      <nillable>true</nillable>
      <binding>java.lang.Double</binding>
    </attribute>
    <attribute>
      <name>_POPVNPBL5</name>
      <minOccurs>0</minOccurs>
      <maxOccurs>1</maxOccurs>
      <nillable>true</nillable>
      <binding>java.lang.Double</binding>
    </attribute>
    <attribute>
      <name>_POPVNPCOR</name>
      <minOccurs>0</minOccurs>
      <maxOccurs>1</maxOccurs>
      <nillable>true</nillable>
      <binding>java.lang.Double</binding>
    </attribute>
    <attribute>
      <name>_POPVNPDIS</name>
      <minOccurs>0</minOccurs>
      <maxOccurs>1</maxOccurs>
      <nillable>true</nillable>
      <binding>java.lang.Double</binding>
    </attribute>
    <attribute>
      <name>_POPVNPHLS</name>
      <minOccurs>0</minOccurs>
      <maxOccurs>1</maxOccurs>
      <nillable>true</nillable>
      <binding>java.lang.Double</binding>
    </attribute>
    <attribute>
      <name>_POPVNPHMO</name>
      <minOccurs>0</minOccurs>
      <maxOccurs>1</maxOccurs>
      <nillable>true</nillable>
      <binding>java.lang.Double</binding>
    </attribute>
    <attribute>
      <name>_POPVNPHPE</name>
      <minOccurs>0</minOccurs>
      <maxOccurs>1</maxOccurs>
      <nillable>true</nillable>
      <binding>java.lang.Double</binding>
    </attribute>
    <attribute>
      <name>_POPVNPHST</name>
      <minOccurs>0</minOccurs>
      <maxOccurs>1</maxOccurs>
      <nillable>true</nillable>
      <binding>java.lang.Double</binding>
    </attribute>
    <attribute>
      <name>_POPVNPHTE</name>
      <minOccurs>0</minOccurs>
      <maxOccurs>1</maxOccurs>
      <nillable>true</nillable>
      <binding>java.lang.Double</binding>
    </attribute>
    <attribute>
      <name>_POPVNPIIP</name>
      <minOccurs>0</minOccurs>
      <maxOccurs>1</maxOccurs>
      <nillable>true</nillable>
      <binding>java.lang.Double</binding>
    </attribute>
    <attribute>
      <name>_POPVNPNBF</name>
      <minOccurs>0</minOccurs>
      <maxOccurs>1</maxOccurs>
      <nillable>true</nillable>
      <binding>java.lang.Double</binding>
    </attribute>
    <attribute>
      <name>_POPVNPNMD</name>
      <minOccurs>0</minOccurs>
      <maxOccurs>1</maxOccurs>
      <nillable>true</nillable>
      <binding>java.lang.Double</binding>
    </attribute>
    <attribute>
      <name>_POPVNPO65</name>
      <minOccurs>0</minOccurs>
      <maxOccurs>1</maxOccurs>
      <nillable>true</nillable>
      <binding>java.lang.Double</binding>
    </attribute>
    <attribute>
      <name>_POPVNPOCQ</name>
      <minOccurs>0</minOccurs>
      <maxOccurs>1</maxOccurs>
      <nillable>true</nillable>
      <binding>java.lang.Double</binding>
    </attribute>
    <attribute>
      <name>_POPVNPOOT</name>
      <minOccurs>0</minOccurs>
      <maxOccurs>1</maxOccurs>
      <nillable>true</nillable>
      <binding>java.lang.Double</binding>
    </attribute>
    <attribute>
      <name>_POPVNPOPG</name>
      <minOccurs>0</minOccurs>
      <maxOccurs>1</maxOccurs>
      <nillable>true</nillable>
      <binding>java.lang.Double</binding>
    </attribute>
    <attribute>
      <name>_POPVNPORP</name>
      <minOccurs>0</minOccurs>
      <maxOccurs>1</maxOccurs>
      <nillable>true</nillable>
      <binding>java.lang.Double</binding>
    </attribute>
    <attribute>
      <name>_POPVNPUNI</name>
      <minOccurs>0</minOccurs>
      <maxOccurs>1</maxOccurs>
      <nillable>true</nillable>
      <binding>java.lang.Double</binding>
    </attribute>
    <attribute>
      <name>POPULATION</name>
      <minOccurs>0</minOccurs>
      <maxOccurs>1</maxOccurs>
      <nillable>true</nillable>
      <binding>java.lang.Double</binding>
    </attribute>
    <attribute>
      <name>ECONOMY</name>
      <minOccurs>0</minOccurs>
      <maxOccurs>1</maxOccurs>
      <nillable>true</nillable>
      <binding>java.lang.Double</binding>
    </attribute>
    <attribute>
      <name>INFRASTRUC</name>
      <minOccurs>0</minOccurs>
      <maxOccurs>1</maxOccurs>
      <nillable>true</nillable>
      <binding>java.lang.Double</binding>
    </attribute>
    <attribute>
      <name>SVI</name>
      <minOccurs>0</minOccurs>
      <maxOccurs>1</maxOccurs>
      <nillable>true</nillable>
      <binding>java.lang.Double</binding>
    </attribute>
    <attribute>
      <name>POPULATI_1</name>
      <minOccurs>0</minOccurs>
      <maxOccurs>1</maxOccurs>
      <nillable>true</nillable>
      <binding>java.lang.Double</binding>
    </attribute>
    <attribute>
      <name>ECONOMY_1</name>
      <minOccurs>0</minOccurs>
      <maxOccurs>1</maxOccurs>
      <nillable>true</nillable>
      <binding>java.lang.Double</binding>
    </attribute>
    <attribute>
      <name>INFRASTR_1</name>
      <minOccurs>0</minOccurs>
      <maxOccurs>1</maxOccurs>
      <nillable>true</nillable>
      <binding>java.lang.Double</binding>
    </attribute>
    <attribute>
      <name>SVI_1</name>
      <minOccurs>0</minOccurs>
      <maxOccurs>1</maxOccurs>
      <nillable>true</nillable>
      <binding>java.lang.Double</binding>
    </attribute>
  </attributes>
</featureType>