,id,Region,Taxonomy,Dwellings,Buildings,Repl_cost_USD_m2,No_of_storeys,Dwl_per_storey,Dwl_area_m2
0,AREA # 02,CIUDAD AUTONOMA DE BUENOS AIRES,"CR/LDUAL/DUC/H:4,7",123451.49535619658,8230.1,900000.0,5.0,3,60
1,AREA # 02,CIUDAD AUTONOMA DE BUENOS AIRES,"CR/LDUAL/DUC/H:8,19",83135.14211395556,1732.0,2880000.0,12.0,4,60
2,AREA # 02,CIUDAD AUTONOMA DE BUENOS AIRES,"CR/LFINF/DNO/H:1,3",259191.37299986038,64797.8,252000.0,2.0,2,90
3,AREA # 02,CIUDAD AUTONOMA DE BUENOS AIRES,"CR/LFINF/DUC/H:1,3",65928.43313346559,16482.1,240000.0,2.0,2,60
4,AREA # 02,CIUDAD AUTONOMA DE BUENOS AIRES,"CR/LFINF/DUC/H:4,7",51646.65936753806,3443.1,900000.0,5.0,3,60
5,AREA # 02,CIUDAD AUTONOMA DE BUENOS AIRES,"CR/LFM/DNO/H:1,3",166737.31988102486,41684.3,252000.0,2.0,2,90
6,AREA # 02,CIUDAD AUTONOMA DE BUENOS AIRES,"CR/LFM/DUC/H:1,3",37994.75890103452,9498.7,240000.0,2.0,2,60
7,AREA # 02,CIUDAD AUTONOMA DE BUENOS AIRES,"CR/LFM/DUC/H:4,7",21409.39443585725,1427.3,900000.0,5.0,3,60
8,AREA # 02,CIUDAD AUTONOMA DE BUENOS AIRES,"CR/LWAL/DNO/H:1,3",3253.138077308505,813.3,252000.0,2.0,2,90
9,AREA # 02,CIUDAD AUTONOMA DE BUENOS AIRES,"CR/LWAL/DNO/H:4,7",30237.26493168078,2015.8,945000.0,5.0,3,90
10,AREA # 02,CIUDAD AUTONOMA DE BUENOS AIRES,"CR/LWAL/DUC/H:4,7",30237.26493168078,2015.8,900000.0,5.0,3,60
11,AREA # 02,CIUDAD AUTONOMA DE BUENOS AIRES,"MCF+ADO/DNO/H:1,2",288.0582713083092,230.4,37500.0,1.25,1,75
12,AREA # 02,CIUDAD AUTONOMA DE BUENOS AIRES,MCF/DNO/H:1,36827.04974397022,36827.0,30000.0,1.0,1,75
13,AREA # 02,CIUDAD AUTONOMA DE BUENOS AIRES,"MCF/DNO/H:1,3",128165.87961723398,85443.9,78750.0,1.5,1,75
14,AREA # 02,CIUDAD AUTONOMA DE BUENOS AIRES,"MCF/DUC/H:1,3",86734.48669596686,21683.6,252000.0,2.0,2,90
15,AREA # 02,CIUDAD AUTONOMA DE BUENOS AIRES,"MR/DNO/H:1,3",23411.314698429025,4682.3,315000.0,2.5,2,90
16,AREA # 02,CIUDAD AUTONOMA DE BUENOS AIRES,"MR/DUC/H:1,3",23411.314698429025,4682.3,300000.0,2.5,2,60
17,AREA # 02,CIUDAD AUTONOMA DE BUENOS AIRES,MUR+ADO/H:1,75.54469370095363,75.5,30000.0,1.0,1,75
18,AREA # 02,CIUDAD AUTONOMA DE BUENOS AIRES,"MUR+ADO/H:1,2",239.34253424881572,191.5,37500.0,1.25,1,75
19,AREA # 02,CIUDAD AUTONOMA DE BUENOS AIRES,"MUR+STDRE/H:1,2",3444.5415021900812,2755.6,37500.0,1.25,1,75
20,AREA # 02,CIUDAD AUTONOMA DE BUENOS AIRES,"MUR+STRUB/H:1,2",3464.310207083787,2771.4,37500.0,1.25,1,75
21,AREA # 02,CIUDAD AUTONOMA DE BUENOS AIRES,MUR/H:1,11742.469501827298,11742.5,30000.0,1.0,1,75
22,AREA # 02,CIUDAD AUTONOMA DE BUENOS AIRES,"MUR/H:1,3",217670.17367636177,145113.4,45000.0,1.5,1,75
23,AREA # 02,CIUDAD AUTONOMA DE BUENOS AIRES,"S/LFM/H:1,3",565.8085750648994,113.2,300000.0,2.5,2,60
24,AREA # 02,CIUDAD AUTONOMA DE BUENOS AIRES,UNK,8673.660477149118,8673.7,30000.0,1.0,1,75
25,AREA # 02,CIUDAD AUTONOMA DE BUENOS AIRES,"W+WHE/H:1,3",1181.6037325038878,787.7,94500.0,1.5,1,90
26,AREA # 02,CIUDAD AUTONOMA DE BUENOS AIRES,W+WLI/H:1,2137.27940907969,2137.3,63000.0,1.0,1,90
27,AREA # 02,CIUDAD AUTONOMA DE BUENOS AIRES,"W+WLI/H:1,3",1022.6068631444973,681.7,94500.0,1.5,1,90
28,AREA # 02,CIUDAD AUTONOMA DE BUENOS AIRES,W+WS/H:1,1793.4451489641347,1793.4,30000.0,1.0,1,75
29,AREA # 02,CIUDAD AUTONOMA DE BUENOS AIRES,W+WWD/H:1,499.8658237408895,499.9,30000.0,1.0,1,75
30,AREA # 06,BUENOS AIRES,"CR/LDUAL/DUC/H:4,7",74103.34284523712,4940.2,900000.0,5.0,3,60
31,AREA # 06,BUENOS AIRES,"CR/LDUAL/DUC/H:8,19",49494.77970826546,1031.1,2880000.0,12.0,4,60
32,AREA # 06,BUENOS AIRES,"CR/LFINF/DNO/H:1,3",648588.1917436909,162147.0,252000.0,2.0,2,90
33,AREA # 06,BUENOS AIRES,"CR/LFINF/DUC/H:1,3",171059.52424480306,42764.9,240000.0,2.0,2,60
34,AREA # 06,BUENOS AIRES,"CR/LFINF/DUC/H:4,7",30899.53063837565,2060.0,900000.0,5.0,3,60
35,AREA # 06,BUENOS AIRES,"CR/LFM/DNO/H:1,3",233255.31448195723,58313.8,252000.0,2.0,2,90
36,AREA # 06,BUENOS AIRES,"CR/LFM/DUC/H:1,3",88268.64131716044,22067.2,240000.0,2.0,2,60
37,AREA # 06,BUENOS AIRES,"CR/LFM/DUC/H:4,7",12443.108285646898,829.5,900000.0,5.0,3,60
38,AREA # 06,BUENOS AIRES,"CR/LWAL/DNO/H:1,3",34836.69612363532,8709.2,252000.0,2.0,2,90
39,AREA # 06,BUENOS AIRES,"CR/LWAL/DNO/H:4,7",18456.42235272875,1230.4,945000.0,5.0,3,90
40,AREA # 06,BUENOS AIRES,"CR/LWAL/DUC/H:4,7",18456.42235272875,1230.4,900000.0,5.0,3,60
41,AREA # 06,BUENOS AIRES,"MCF+ADO/DNO/H:1,2",3705.124513791899,2964.1,37500.0,1.25,1,75
42,AREA # 06,BUENOS AIRES,MCF/DNO/H:1,546633.5380518272,546633.5,30000.0,1.0,1,75
43,AREA # 06,BUENOS AIRES,"MCF/DNO/H:1,3",736681.345859527,491120.9,78750.0,1.5,1,75
44,AREA # 06,BUENOS AIRES,"MCF/DUC/H:1,3",381567.29249322624,95391.8,252000.0,2.0,2,90
45,AREA # 06,BUENOS AIRES,"MR/DNO/H:1,3",47140.97769212116,9428.2,315000.0,2.5,2,90
46,AREA # 06,BUENOS AIRES,"MR/DUC/H:1,3",47140.97769212116,9428.2,300000.0,2.5,2,60
47,AREA # 06,BUENOS AIRES,MUR+ADO/H:1,3778.3033872186616,3778.3,30000.0,1.0,1,75
48,AREA # 06,BUENOS AIRES,"MUR+ADO/H:1,2",1766.9500797316305,1413.6,37500.0,1.25,1,75
49,AREA # 06,BUENOS AIRES,"MUR+STDRE/H:1,2",36190.363187130555,28952.3,37500.0,1.25,1,75
50,AREA # 06,BUENOS AIRES,"MUR+STRUB/H:1,2",36641.088209479465,29312.9,37500.0,1.25,1,75
51,AREA # 06,BUENOS AIRES,MUR/H:1,469556.5041898165,469556.5,30000.0,1.0,1,75
52,AREA # 06,BUENOS AIRES,"MUR/H:1,3",1164282.0573479326,776188.0,45000.0,1.5,1,75
53,AREA # 06,BUENOS AIRES,"S/LFM/H:1,3",8643.348568549709,1728.7,300000.0,2.5,2,60
54,AREA # 06,BUENOS AIRES,UNK,65639.74432500756,65639.7,30000.0,1.0,1,75
55,AREA # 06,BUENOS AIRES,"W+WHE/H:1,3",22550.17641763171,15033.5,94500.0,1.5,1,90
56,AREA # 06,BUENOS AIRES,W+WLI/H:1,81360.41357077428,81360.4,63000.0,1.0,1,90
57,AREA # 06,BUENOS AIRES,"W+WLI/H:1,3",8140.048433253413,5426.7,94500.0,1.5,1,90
58,AREA # 06,BUENOS AIRES,W+WS/H:1,75755.19605608395,75755.2,30000.0,1.0,1,75
59,AREA # 06,BUENOS AIRES,W+WWD/H:1,21836.575830545895,21836.6,30000.0,1.0,1,75
60,AREA # 10,CATAMARCA,"CR/LDUAL/DUC/H:4,7",296.3445636664984,19.8,900000.0,5.0,3,60
61,AREA # 10,CATAMARCA,"CR/LDUAL/DUC/H:8,19",199.2870642069611,4.2,2880000.0,12.0,4,60
62,AREA # 10,CATAMARCA,"CR/LFINF/DNO/H:1,3",8963.48469049506,2240.9,252000.0,2.0,2,90
63,AREA # 10,CATAMARCA,"CR/LFINF/DUC/H:1,3",2390.0852561792885,597.5,240000.0,2.0,2,60
64,AREA # 10,CATAMARCA,"CR/LFINF/DUC/H:4,7",123.90790696836486,8.3,900000.0,5.0,3,60
65,AREA # 10,CATAMARCA,"CR/LFM/DNO/H:1,3",2670.5589680766725,667.6,252000.0,2.0,2,90
66,AREA # 10,CATAMARCA,"CR/LFM/DUC/H:1,3",1188.2598338978162,297.1,240000.0,2.0,2,60
67,AREA # 10,CATAMARCA,"CR/LFM/DUC/H:4,7",51.11478237371188,3.4,900000.0,5.0,3,60
68,AREA # 10,CATAMARCA,"CR/LWAL/DNO/H:1,3",556.44033832961,139.1,252000.0,2.0,2,90
69,AREA # 10,CATAMARCA,"CR/LWAL/DNO/H:4,7",72.793124594653,4.9,945000.0,5.0,3,90
70,AREA # 10,CATAMARCA,"CR/LWAL/DUC/H:4,7",72.793124594653,4.9,900000.0,5.0,3,60
71,AREA # 10,CATAMARCA,"MCF+ADO/DNO/H:1,2",3604.929505656841,2883.9,37500.0,1.25,1,75
72,AREA # 10,CATAMARCA,MCF/DNO/H:1,8868.023142610075,8868.0,30000.0,1.0,1,75
73,AREA # 10,CATAMARCA,"MCF/DNO/H:1,3",11401.965700439574,7601.3,78750.0,1.5,1,75
74,AREA # 10,CATAMARCA,"MCF/DUC/H:1,3",5806.973245297974,1451.7,252000.0,2.0,2,90
75,AREA # 10,CATAMARCA,"MR/DNO/H:1,3",604.9690880593786,121.0,315000.0,2.5,2,90
76,AREA # 10,CATAMARCA,"MR/DUC/H:1,3",604.9690880593786,121.0,300000.0,2.5,2,60
77,AREA # 10,CATAMARCA,MUR+ADO/H:1,3118.7553685955163,3118.8,30000.0,1.0,1,75
78,AREA # 10,CATAMARCA,"MUR+ADO/H:1,2",2416.09335591266,1932.9,37500.0,1.25,1,75
79,AREA # 10,CATAMARCA,"MUR+STDRE/H:1,2",679.6093788282767,543.7,37500.0,1.25,1,75
80,AREA # 10,CATAMARCA,"MUR+STRUB/H:1,2",714.9271960798441,571.9,37500.0,1.25,1,75
81,AREA # 10,CATAMARCA,MUR/H:1,8966.73570296173,8966.7,30000.0,1.0,1,75
82,AREA # 10,CATAMARCA,"MUR/H:1,3",17467.837756719746,11645.2,45000.0,1.5,1,75
83,AREA # 10,CATAMARCA,"S/LFM/H:1,3",34.72672407580888,6.9,300000.0,2.5,2,60
84,AREA # 10,CATAMARCA,UNK,625.5243532463784,625.5,30000.0,1.0,1,75
85,AREA # 10,CATAMARCA,"W+WHE/H:1,3",57.63158463644878,38.4,94500.0,1.5,1,90
86,AREA # 10,CATAMARCA,W+WLI/H:1,185.60325718815298,185.6,63000.0,1.0,1,90
87,AREA # 10,CATAMARCA,"W+WLI/H:1,3",30.73684513943935,20.5,94500.0,1.5,1,90
88,AREA # 10,CATAMARCA,W+WS/H:1,177.1801794335951,177.2,30000.0,1.0,1,75
89,AREA # 10,CATAMARCA,W+WWD/H:1,73.73887367586651,73.7,30000.0,1.0,1,75
90,AREA # 14,CORDOBA,"CR/LDUAL/DUC/H:4,7",15713.388478266914,1047.6,900000.0,5.0,3,60
91,AREA # 14,CORDOBA,"CR/LDUAL/DUC/H:8,19",10521.803324210847,219.2,2880000.0,12.0,4,60
92,AREA # 14,CORDOBA,"CR/LFINF/DNO/H:1,3",150847.2844069129,37711.8,252000.0,2.0,2,90
93,AREA # 14,CORDOBA,"CR/LFINF/DUC/H:1,3",39854.522147768286,9963.6,240000.0,2.0,2,60
94,AREA # 14,CORDOBA,"CR/LFINF/DUC/H:4,7",6558.797950619439,437.3,900000.0,5.0,3,60
95,AREA # 14,CORDOBA,"CR/LFM/DNO/H:1,3",53093.3327046898,13273.3,252000.0,2.0,2,90
96,AREA # 14,CORDOBA,"CR/LFM/DUC/H:1,3",20446.28538225048,5111.6,240000.0,2.0,2,60
97,AREA # 14,CORDOBA,"CR/LFM/DUC/H:4,7",2665.109085077394,177.7,900000.0,5.0,3,60
98,AREA # 14,CORDOBA,"CR/LWAL/DNO/H:1,3",8241.640004329536,2060.4,252000.0,2.0,2,90
99,AREA # 14,CORDOBA,"CR/LWAL/DNO/H:4,7",3893.6888655420453,259.6,945000.0,5.0,3,90
100,AREA # 14,CORDOBA,"CR/LWAL/DUC/H:4,7",3893.6888655420453,259.6,900000.0,5.0,3,60
101,AREA # 14,CORDOBA,"MCF+ADO/DNO/H:1,2",1028.6826786728573,822.9,37500.0,1.25,1,75
102,AREA # 14,CORDOBA,MCF/DNO/H:1,110498.93746400322,110498.9,30000.0,1.0,1,75
103,AREA # 14,CORDOBA,"MCF/DNO/H:1,3",173373.00792126596,115582.0,78750.0,1.5,1,75
104,AREA # 14,CORDOBA,"MCF/DUC/H:1,3",89893.37402535754,22473.3,252000.0,2.0,2,90
105,AREA # 14,CORDOBA,"MR/DNO/H:1,3",10837.432581357562,2167.5,315000.0,2.5,2,90
106,AREA # 14,CORDOBA,"MR/DUC/H:1,3",10837.432581357562,2167.5,300000.0,2.5,2,60
107,AREA # 14,CORDOBA,MUR+ADO/H:1,1305.6631639782483,1305.7,30000.0,1.0,1,75
108,AREA # 14,CORDOBA,"MUR+ADO/H:1,2",465.44143406988405,372.4,37500.0,1.25,1,75
109,AREA # 14,CORDOBA,"MUR+STDRE/H:1,2",8591.29217366608,6873.0,37500.0,1.25,1,75
110,AREA # 14,CORDOBA,"MUR+STRUB/H:1,2",8765.761324719268,7012.6,37500.0,1.25,1,75
111,AREA # 14,CORDOBA,MUR/H:1,68623.69990248607,68623.7,30000.0,1.0,1,75
112,AREA # 14,CORDOBA,"MUR/H:1,3",269581.3228514173,179720.9,45000.0,1.5,1,75
113,AREA # 14,CORDOBA,"S/LFM/H:1,3",435.45901040280563,87.1,300000.0,2.5,2,60
114,AREA # 14,CORDOBA,UNK,5384.414970269181,5384.4,30000.0,1.0,1,75
115,AREA # 14,CORDOBA,"W+WHE/H:1,3",536.6853836407037,357.8,94500.0,1.5,1,90
116,AREA # 14,CORDOBA,W+WLI/H:1,1090.7891276975197,1090.8,63000.0,1.0,1,90
117,AREA # 14,CORDOBA,"W+WLI/H:1,3",467.2974888683221,311.5,94500.0,1.5,1,90
118,AREA # 14,CORDOBA,W+WS/H:1,668.1797274377476,668.2,30000.0,1.0,1,75
119,AREA # 14,CORDOBA,W+WWD/H:1,220.58497412207703,220.6,30000.0,1.0,1,75
120,AREA # 18,CORRIENTES,"CR/LDUAL/DUC/H:4,7",1578.7439363679387,105.2,900000.0,5.0,3,60
121,AREA # 18,CORRIENTES,"CR/LDUAL/DUC/H:8,19",1067.7724622790718,22.2,2880000.0,12.0,4,60
122,AREA # 18,CORRIENTES,"CR/LFINF/DNO/H:1,3",26514.03039608419,6628.5,252000.0,2.0,2,90
123,AREA # 18,CORRIENTES,"CR/LFINF/DUC/H:1,3",7052.9827672789,1763.2,240000.0,2.0,2,60
124,AREA # 18,CORRIENTES,"CR/LFINF/DUC/H:4,7",661.6290996617528,44.1,900000.0,5.0,3,60
125,AREA # 18,CORRIENTES,"CR/LFM/DNO/H:1,3",8440.913036953234,2110.2,252000.0,2.0,2,90
126,AREA # 18,CORRIENTES,"CR/LFM/DUC/H:1,3",3535.1120256744753,883.8,240000.0,2.0,2,60
127,AREA # 18,CORRIENTES,"CR/LFM/DUC/H:4,7",278.4004940951018,18.6,900000.0,5.0,3,60
128,AREA # 18,CORRIENTES,"CR/LWAL/DNO/H:1,3",1564.4843315285777,391.1,252000.0,2.0,2,90
129,AREA # 18,CORRIENTES,"CR/LWAL/DNO/H:4,7",383.2286055666509,25.5,945000.0,5.0,3,90
130,AREA # 18,CORRIENTES,"CR/LWAL/DUC/H:4,7",383.2286055666509,25.5,900000.0,5.0,3,60
131,AREA # 18,CORRIENTES,"MCF+ADO/DNO/H:1,2",434.82822114219084,347.9,37500.0,1.25,1,75
132,AREA # 18,CORRIENTES,MCF/DNO/H:1,27686.68618611685,27686.7,30000.0,1.0,1,75
133,AREA # 18,CORRIENTES,"MCF/DNO/H:1,3",32551.999858582592,21701.3,78750.0,1.5,1,75
134,AREA # 18,CORRIENTES,"MCF/DUC/H:1,3",16683.806682405364,4171.0,252000.0,2.0,2,90
135,AREA # 18,CORRIENTES,"MR/DNO/H:1,3",1819.9700685730118,364.0,315000.0,2.5,2,90
136,AREA # 18,CORRIENTES,"MR/DUC/H:1,3",1819.9700685730118,364.0,300000.0,2.5,2,60
137,AREA # 18,CORRIENTES,MUR+ADO/H:1,2662.8052018517023,2662.8,30000.0,1.0,1,75
138,AREA # 18,CORRIENTES,"MUR+ADO/H:1,2",142.18192627824018,113.7,37500.0,1.25,1,75
139,AREA # 18,CORRIENTES,"MUR+STDRE/H:1,2",1849.5383876106805,1479.6,37500.0,1.25,1,75
140,AREA # 18,CORRIENTES,"MUR+STRUB/H:1,2",1991.3061917735474,1593.0,37500.0,1.25,1,75
141,AREA # 18,CORRIENTES,MUR/H:1,31245.789686341966,31245.8,30000.0,1.0,1,75
142,AREA # 18,CORRIENTES,"MUR/H:1,3",50815.268289022526,33876.8,45000.0,1.5,1,75
143,AREA # 18,CORRIENTES,"S/LFM/H:1,3",607.5171432529467,121.5,300000.0,2.5,2,60
144,AREA # 18,CORRIENTES,UNK,4448.913885457673,4448.9,30000.0,1.0,1,75
145,AREA # 18,CORRIENTES,"W+WHE/H:1,3",795.666624337647,530.4,94500.0,1.5,1,90
146,AREA # 18,CORRIENTES,W+WLI/H:1,4442.149890906574,4442.1,63000.0,1.0,1,90
147,AREA # 18,CORRIENTES,"W+WLI/H:1,3",313.21435992750196,208.8,94500.0,1.5,1,90
148,AREA # 18,CORRIENTES,W+WS/H:1,5300.348954665619,5300.3,30000.0,1.0,1,75
149,AREA # 18,CORRIENTES,W+WWD/H:1,2077.5126121238,2077.5,30000.0,1.0,1,75
150,AREA # 22,CHACO,"CR/LDUAL/DUC/H:4,7",1344.874416817946,89.7,900000.0,5.0,3,60
151,AREA # 22,CHACO,"CR/LDUAL/DUC/H:8,19",901.8764865361342,18.8,2880000.0,12.0,4,60
152,AREA # 22,CHACO,"CR/LFINF/DNO/H:1,3",23860.92666110175,5965.2,252000.0,2.0,2,90
153,AREA # 22,CHACO,"CR/LFINF/DUC/H:1,3",6345.225715713607,1586.3,240000.0,2.0,2,60
154,AREA # 22,CHACO,"CR/LFINF/DUC/H:4,7",561.6877258385201,37.4,900000.0,5.0,3,60
155,AREA # 22,CHACO,"CR/LFM/DNO/H:1,3",7543.5691674770915,1885.9,252000.0,2.0,2,90
156,AREA # 22,CHACO,"CR/LFM/DUC/H:1,3",3182.5632861125528,795.6,240000.0,2.0,2,60
157,AREA # 22,CHACO,"CR/LFM/DUC/H:4,7",229.43927812716115,15.3,900000.0,5.0,3,60
158,AREA # 22,CHACO,"CR/LWAL/DNO/H:1,3",1421.187262707469,355.3,252000.0,2.0,2,90
159,AREA # 22,CHACO,"CR/LWAL/DNO/H:4,7",332.2484477113589,22.1,945000.0,5.0,3,90
160,AREA # 22,CHACO,"CR/LWAL/DUC/H:4,7",332.2484477113589,22.1,900000.0,5.0,3,60
161,AREA # 22,CHACO,"MCF+ADO/DNO/H:1,2",228.90992392807746,183.1,37500.0,1.25,1,75
162,AREA # 22,CHACO,MCF/DNO/H:1,39157.33158713693,39157.3,30000.0,1.0,1,75
163,AREA # 22,CHACO,"MCF/DNO/H:1,3",29663.864767029732,19775.9,78750.0,1.5,1,75
164,AREA # 22,CHACO,"MCF/DUC/H:1,3",15061.986857062586,3765.5,252000.0,2.0,2,90
165,AREA # 22,CHACO,"MR/DNO/H:1,3",1642.686227848375,328.5,315000.0,2.5,2,90
166,AREA # 22,CHACO,"MR/DUC/H:1,3",1642.686227848375,328.5,300000.0,2.5,2,60
167,AREA # 22,CHACO,MUR+ADO/H:1,2615.295880878285,2615.3,30000.0,1.0,1,75
168,AREA # 22,CHACO,"MUR+ADO/H:1,2",35.767175613762106,28.6,37500.0,1.25,1,75
169,AREA # 22,CHACO,"MUR+STDRE/H:1,2",2162.497744478302,1730.0,37500.0,1.25,1,75
170,AREA # 22,CHACO,"MUR+STRUB/H:1,2",2414.012523394278,1931.2,37500.0,1.25,1,75
171,AREA # 22,CHACO,MUR/H:1,66121.91914494727,66121.9,30000.0,1.0,1,75
172,AREA # 22,CHACO,"MUR/H:1,3",46959.58327552299,31306.4,45000.0,1.5,1,75
173,AREA # 22,CHACO,"S/LFM/H:1,3",397.3017867176694,79.5,300000.0,2.5,2,60
174,AREA # 22,CHACO,UNK,6133.069136843015,6133.1,30000.0,1.0,1,75
175,AREA # 22,CHACO,"W+WHE/H:1,3",198.57935900760717,132.4,94500.0,1.5,1,90
176,AREA # 22,CHACO,W+WLI/H:1,1533.8395590205737,1533.8,63000.0,1.0,1,90
177,AREA # 22,CHACO,"W+WLI/H:1,3",111.87972531984782,74.6,94500.0,1.5,1,90
178,AREA # 22,CHACO,W+WS/H:1,1710.815543957469,1710.8,30000.0,1.0,1,75
179,AREA # 22,CHACO,W+WWD/H:1,955.1266575899035,955.1,30000.0,1.0,1,75
180,AREA # 26,CHUBUT,"CR/LDUAL/DUC/H:4,7",2284.6758095373775,152.3,900000.0,5.0,3,60
181,AREA # 26,CHUBUT,"CR/LDUAL/DUC/H:8,19",1524.5696385321478,31.8,2880000.0,12.0,4,60
182,AREA # 26,CHUBUT,"CR/LFINF/DNO/H:1,3",20131.19407424745,5032.8,252000.0,2.0,2,90
183,AREA # 26,CHUBUT,"CR/LFINF/DUC/H:1,3",5316.256795432804,1329.1,240000.0,2.0,2,60
184,AREA # 26,CHUBUT,"CR/LFINF/DUC/H:4,7",952.3113620173816,63.5,900000.0,5.0,3,60
185,AREA # 26,CHUBUT,"CR/LFM/DNO/H:1,3",7271.472573524923,1817.9,252000.0,2.0,2,90
186,AREA # 26,CHUBUT,"CR/LFM/DUC/H:1,3",2725.666493802536,681.4,240000.0,2.0,2,60
187,AREA # 26,CHUBUT,"CR/LFM/DUC/H:4,7",382.23173376345835,25.5,900000.0,5.0,3,60
188,AREA # 26,CHUBUT,"CR/LWAL/DNO/H:1,3",1076.7041086438853,269.2,252000.0,2.0,2,90
189,AREA # 26,CHUBUT,"CR/LWAL/DNO/H:4,7",570.0796282539229,38.0,945000.0,5.0,3,90
190,AREA # 26,CHUBUT,"CR/LWAL/DUC/H:4,7",570.0796282539229,38.0,900000.0,5.0,3,60
191,AREA # 26,CHUBUT,"MCF+ADO/DNO/H:1,2",176.712581157267,141.4,37500.0,1.25,1,75
192,AREA # 26,CHUBUT,MCF/DNO/H:1,14555.549030692204,14555.5,30000.0,1.0,1,75
193,AREA # 26,CHUBUT,"MCF/DNO/H:1,3",22977.234918995382,15318.2,78750.0,1.5,1,75
194,AREA # 26,CHUBUT,"MCF/DUC/H:1,3",11888.560796715037,2972.1,252000.0,2.0,2,90
195,AREA # 26,CHUBUT,"MR/DNO/H:1,3",1456.7571941465003,291.4,315000.0,2.5,2,90
196,AREA # 26,CHUBUT,"MR/DUC/H:1,3",1456.7571941465003,291.4,300000.0,2.5,2,60
197,AREA # 26,CHUBUT,MUR+ADO/H:1,228.3546140068793,228.4,30000.0,1.0,1,75
198,AREA # 26,CHUBUT,"MUR+ADO/H:1,2",69.3939816416665,55.5,37500.0,1.25,1,75
199,AREA # 26,CHUBUT,"MUR+STDRE/H:1,2",1239.6992748254743,991.8,37500.0,1.25,1,75
200,AREA # 26,CHUBUT,"MUR+STRUB/H:1,2",1249.3821559847765,999.5,37500.0,1.25,1,75
201,AREA # 26,CHUBUT,MUR/H:1,10486.076151466428,10486.1,30000.0,1.0,1,75
202,AREA # 26,CHUBUT,"MUR/H:1,3",35270.45945749293,23513.6,45000.0,1.5,1,75
203,AREA # 26,CHUBUT,"S/LFM/H:1,3",2298.070461807746,459.6,300000.0,2.5,2,60
204,AREA # 26,CHUBUT,UNK,6042.601987462602,6042.6,30000.0,1.0,1,75
205,AREA # 26,CHUBUT,"W+WHE/H:1,3",1150.3262817251139,766.9,94500.0,1.5,1,90
206,AREA # 26,CHUBUT,W+WLI/H:1,2795.6091720432296,2795.6,63000.0,1.0,1,90
207,AREA # 26,CHUBUT,"W+WLI/H:1,3",1003.7920135143387,669.2,94500.0,1.5,1,90
208,AREA # 26,CHUBUT,W+WS/H:1,1147.4214173773228,1147.4,30000.0,1.0,1,75
209,AREA # 26,CHUBUT,W+WWD/H:1,284.99946878879786,285.0,30000.0,1.0,1,75
210,AREA # 30,ENTRE RIOS,"CR/LDUAL/DUC/H:4,7",3198.2550932784084,213.2,900000.0,5.0,3,60
211,AREA # 30,ENTRE RIOS,"CR/LDUAL/DUC/H:8,19",2137.8080389749275,44.5,2880000.0,12.0,4,60
212,AREA # 30,ENTRE RIOS,"CR/LFINF/DNO/H:1,3",46159.52546837249,11539.9,252000.0,2.0,2,90
213,AREA # 30,ENTRE RIOS,"CR/LFINF/DUC/H:1,3",12232.196726937857,3058.0,240000.0,2.0,2,60
214,AREA # 30,ENTRE RIOS,"CR/LFINF/DUC/H:4,7",1334.0157830633343,88.9,900000.0,5.0,3,60
215,AREA # 30,ENTRE RIOS,"CR/LFM/DNO/H:1,3",14934.479002059648,3733.6,252000.0,2.0,2,90
216,AREA # 30,ENTRE RIOS,"CR/LFM/DUC/H:1,3",6223.071925575317,1555.8,240000.0,2.0,2,60
217,AREA # 30,ENTRE RIOS,"CR/LFM/DUC/H:4,7",538.6804923357231,35.9,900000.0,5.0,3,60
218,AREA # 30,ENTRE RIOS,"CR/LWAL/DNO/H:1,3",2709.639834831861,677.4,252000.0,2.0,2,90
219,AREA # 30,ENTRE RIOS,"CR/LWAL/DNO/H:4,7",795.3352907276111,53.0,945000.0,5.0,3,90
220,AREA # 30,ENTRE RIOS,"CR/LWAL/DUC/H:4,7",795.3352907276111,53.0,900000.0,5.0,3,60
221,AREA # 30,ENTRE RIOS,"MCF+ADO/DNO/H:1,2",232.56654255951202,186.1,37500.0,1.25,1,75
222,AREA # 30,ENTRE RIOS,MCF/DNO/H:1,38825.22241256387,38825.2,30000.0,1.0,1,75
223,AREA # 30,ENTRE RIOS,"MCF/DNO/H:1,3",55912.02724383095,37274.7,78750.0,1.5,1,75
224,AREA # 30,ENTRE RIOS,"MCF/DUC/H:1,3",28600.821979839187,7150.2,252000.0,2.0,2,90
225,AREA # 30,ENTRE RIOS,"MR/DNO/H:1,3",3239.863361983603,648.0,315000.0,2.5,2,90
226,AREA # 30,ENTRE RIOS,"MR/DUC/H:1,3",3239.863361983603,648.0,300000.0,2.5,2,60
227,AREA # 30,ENTRE RIOS,MUR+ADO/H:1,486.98024517764486,487.0,30000.0,1.0,1,75
228,AREA # 30,ENTRE RIOS,"MUR+ADO/H:1,2",110.64529449043451,88.5,37500.0,1.25,1,75
229,AREA # 30,ENTRE RIOS,"MUR+STDRE/H:1,2",2883.0076211034975,2306.4,37500.0,1.25,1,75
230,AREA # 30,ENTRE RIOS,"MUR+STRUB/H:1,2",2961.375498475066,2369.1,37500.0,1.25,1,75
231,AREA # 30,ENTRE RIOS,MUR/H:1,29053.974364280904,29054.0,30000.0,1.0,1,75
232,AREA # 30,ENTRE RIOS,"MUR/H:1,3",86218.12577831025,57478.8,45000.0,1.5,1,75
233,AREA # 30,ENTRE RIOS,"S/LFM/H:1,3",472.1805561056759,94.4,300000.0,2.5,2,60
234,AREA # 30,ENTRE RIOS,UNK,3284.5443280389763,3284.5,30000.0,1.0,1,75
235,AREA # 30,ENTRE RIOS,"W+WHE/H:1,3",919.2721154988709,612.8,94500.0,1.5,1,90
236,AREA # 30,ENTRE RIOS,W+WLI/H:1,3447.4818572503677,3447.5,63000.0,1.0,1,90
237,AREA # 30,ENTRE RIOS,"W+WLI/H:1,3",378.73109082267194,252.5,94500.0,1.5,1,90
238,AREA # 30,ENTRE RIOS,W+WS/H:1,3438.883942646651,3438.9,30000.0,1.0,1,75
239,AREA # 30,ENTRE RIOS,W+WWD/H:1,1091.0894581534442,1091.1,30000.0,1.0,1,75
240,AREA # 34,FORMOSA,"CR/LDUAL/DUC/H:4,7",487.81741562558267,32.5,900000.0,5.0,3,60
241,AREA # 34,FORMOSA,"CR/LDUAL/DUC/H:8,19",327.60851202685063,6.8,2880000.0,12.0,4,60
242,AREA # 34,FORMOSA,"CR/LFINF/DNO/H:1,3",9896.207521443223,2474.1,252000.0,2.0,2,90
243,AREA # 34,FORMOSA,"CR/LFINF/DUC/H:1,3",2641.836191497296,660.5,240000.0,2.0,2,60
244,AREA # 34,FORMOSA,"CR/LFINF/DUC/H:4,7",203.85648191310833,13.6,900000.0,5.0,3,60
245,AREA # 34,FORMOSA,"CR/LFM/DNO/H:1,3",3120.95285427932,780.2,252000.0,2.0,2,90
246,AREA # 34,FORMOSA,"CR/LFM/DUC/H:1,3",1301.6470068058923,325.4,240000.0,2.0,2,60
247,AREA # 34,FORMOSA,"CR/LFM/DUC/H:4,7",83.6998042140593,5.6,900000.0,5.0,3,60
248,AREA # 34,FORMOSA,"CR/LWAL/DNO/H:1,3",588.9474883460749,147.2,252000.0,2.0,2,90
249,AREA # 34,FORMOSA,"CR/LWAL/DNO/H:4,7",120.15667769904903,8.0,945000.0,5.0,3,90
250,AREA # 34,FORMOSA,"CR/LWAL/DUC/H:4,7",120.15667769904903,8.0,900000.0,5.0,3,60
251,AREA # 34,FORMOSA,"MCF+ADO/DNO/H:1,2",110.73685437255267,88.6,37500.0,1.25,1,75
252,AREA # 34,FORMOSA,MCF/DNO/H:1,18059.886621294052,18059.9,30000.0,1.0,1,75
253,AREA # 34,FORMOSA,"MCF/DNO/H:1,3",12274.533143762816,8183.0,78750.0,1.5,1,75
254,AREA # 34,FORMOSA,"MCF/DUC/H:1,3",6336.305281558828,1584.1,252000.0,2.0,2,90
255,AREA # 34,FORMOSA,"MR/DNO/H:1,3",669.051940145441,133.8,315000.0,2.5,2,90
256,AREA # 34,FORMOSA,"MR/DUC/H:1,3",669.051940145441,133.8,300000.0,2.5,2,60
257,AREA # 34,FORMOSA,MUR+ADO/H:1,1740.150568711542,1740.2,30000.0,1.0,1,75
258,AREA # 34,FORMOSA,"MUR+ADO/H:1,2",14.381409658773075,11.5,37500.0,1.25,1,75
259,AREA # 34,FORMOSA,"MUR+STDRE/H:1,2",987.8158852321461,790.3,37500.0,1.25,1,75
260,AREA # 34,FORMOSA,"MUR+STRUB/H:1,2",1085.4656568152152,868.4,37500.0,1.25,1,75
261,AREA # 34,FORMOSA,MUR/H:1,32349.75860758903,32349.8,30000.0,1.0,1,75
262,AREA # 34,FORMOSA,"MUR/H:1,3",19192.063096680962,12794.7,45000.0,1.5,1,75
263,AREA # 34,FORMOSA,"S/LFM/H:1,3",181.4933898937162,36.3,300000.0,2.5,2,60
264,AREA # 34,FORMOSA,UNK,6597.615495058733,6597.6,30000.0,1.0,1,75
265,AREA # 34,FORMOSA,"W+WHE/H:1,3",75.64621480514639,50.4,94500.0,1.5,1,90
266,AREA # 34,FORMOSA,W+WLI/H:1,1214.0786033936224,1214.1,63000.0,1.0,1,90
267,AREA # 34,FORMOSA,"W+WLI/H:1,3",21.14067219839642,14.1,94500.0,1.5,1,90
268,AREA # 34,FORMOSA,W+WS/H:1,1659.6146746224128,1659.6,30000.0,1.0,1,75
269,AREA # 34,FORMOSA,W+WWD/H:1,1272.3233125116542,1272.3,30000.0,1.0,1,75
270,AREA # 38,JUJUY,"CR/LDUAL/DUC/H:4,7",1119.1500320580196,74.6,900000.0,5.0,3,60
271,AREA # 38,JUJUY,"CR/LDUAL/DUC/H:8,19",749.0181656856565,15.6,2880000.0,12.0,4,60
272,AREA # 38,JUJUY,"CR/LFINF/DNO/H:1,3",15895.896352305374,3974.0,252000.0,2.0,2,90
273,AREA # 38,JUJUY,"CR/LFINF/DUC/H:1,3",4247.011650374886,1061.8,240000.0,2.0,2,60
274,AREA # 38,JUJUY,"CR/LFINF/DUC/H:4,7",467.042049435919,31.1,900000.0,5.0,3,60
275,AREA # 38,JUJUY,"CR/LFM/DNO/H:1,3",5364.1745651145675,1341.0,252000.0,2.0,2,90
276,AREA # 38,JUJUY,"CR/LFM/DUC/H:1,3",2073.855684079602,518.5,240000.0,2.0,2,60
277,AREA # 38,JUJUY,"CR/LFM/DUC/H:4,7",189.4431496566464,12.6,900000.0,5.0,3,60
278,AREA # 38,JUJUY,"CR/LWAL/DNO/H:1,3",895.9397839149325,224.0,252000.0,2.0,2,90
279,AREA # 38,JUJUY,"CR/LWAL/DNO/H:4,7",277.59889977927264,18.5,945000.0,5.0,3,90
280,AREA # 38,JUJUY,"CR/LWAL/DUC/H:4,7",277.59889977927264,18.5,900000.0,5.0,3,60
281,AREA # 38,JUJUY,"MCF+ADO/DNO/H:1,2",4814.938117511036,3852.0,37500.0,1.25,1,75
282,AREA # 38,JUJUY,MCF/DNO/H:1,17145.55691480976,17145.6,30000.0,1.0,1,75
283,AREA # 38,JUJUY,"MCF/DNO/H:1,3",19166.71925014014,12777.8,78750.0,1.5,1,75
284,AREA # 38,JUJUY,"MCF/DUC/H:1,3",10010.694067952492,2502.7,252000.0,2.0,2,90
285,AREA # 38,JUJUY,"MR/DNO/H:1,3",1081.005717101114,216.2,315000.0,2.5,2,90
286,AREA # 38,JUJUY,"MR/DUC/H:1,3",1081.005717101114,216.2,300000.0,2.5,2,60
287,AREA # 38,JUJUY,MUR+ADO/H:1,5130.375621890547,5130.4,30000.0,1.0,1,75
288,AREA # 38,JUJUY,"MUR+ADO/H:1,2",2629.109067339359,2103.3,37500.0,1.25,1,75
289,AREA # 38,JUJUY,"MUR+STDRE/H:1,2",1317.6116372363529,1054.1,37500.0,1.25,1,75
290,AREA # 38,JUJUY,"MUR+STRUB/H:1,2",1554.3982044005322,1243.5,37500.0,1.25,1,75
291,AREA # 38,JUJUY,MUR/H:1,24186.066428859216,24186.1,30000.0,1.0,1,75
292,AREA # 38,JUJUY,"MUR/H:1,3",31382.835622941628,20921.9,45000.0,1.5,1,75
293,AREA # 38,JUJUY,"S/LFM/H:1,3",155.63436339429612,31.1,300000.0,2.5,2,60
294,AREA # 38,JUJUY,UNK,2808.783381507953,2808.8,30000.0,1.0,1,75
295,AREA # 38,JUJUY,"W+WHE/H:1,3",257.07461810664984,171.4,94500.0,1.5,1,90
296,AREA # 38,JUJUY,W+WLI/H:1,1523.8271687337956,1523.8,63000.0,1.0,1,90
297,AREA # 38,JUJUY,"W+WLI/H:1,3",139.23717153668278,92.8,94500.0,1.5,1,90
298,AREA # 38,JUJUY,W+WS/H:1,1920.55583613622,1920.6,30000.0,1.0,1,75
299,AREA # 38,JUJUY,W+WWD/H:1,784.8418611169507,784.8,30000.0,1.0,1,75
300,AREA # 42,LA PAMPA,"CR/LDUAL/DUC/H:4,7",742.0531831483628,49.5,900000.0,5.0,3,60
301,AREA # 42,LA PAMPA,"CR/LDUAL/DUC/H:8,19",495.3371321296449,10.3,2880000.0,12.0,4,60
302,AREA # 42,LA PAMPA,"CR/LFINF/DNO/H:1,3",14959.761691789514,3739.9,252000.0,2.0,2,90
303,AREA # 42,LA PAMPA,"CR/LFINF/DUC/H:1,3",3974.9185577825624,993.7,240000.0,2.0,2,60
304,AREA # 42,LA PAMPA,"CR/LFINF/DUC/H:4,7",309.3475788195019,20.6,900000.0,5.0,3,60
305,AREA # 42,LA PAMPA,"CR/LFM/DNO/H:1,3",4622.115896416542,1155.5,252000.0,2.0,2,90
306,AREA # 42,LA PAMPA,"CR/LFM/DUC/H:1,3",2003.0951797250289,500.8,240000.0,2.0,2,60
307,AREA # 42,LA PAMPA,"CR/LFM/DUC/H:4,7",124.31054055546352,8.3,900000.0,5.0,3,60
308,AREA # 42,LA PAMPA,"CR/LWAL/DNO/H:1,3",908.5528132074429,227.1,252000.0,2.0,2,90
309,AREA # 42,LA PAMPA,"CR/LWAL/DNO/H:4,7",185.0370382640384,12.3,945000.0,5.0,3,90
310,AREA # 42,LA PAMPA,"CR/LWAL/DUC/H:4,7",185.0370382640384,12.3,900000.0,5.0,3,60
311,AREA # 42,LA PAMPA,"MCF+ADO/DNO/H:1,2",490.1788968030478,392.1,37500.0,1.25,1,75
312,AREA # 42,LA PAMPA,MCF/DNO/H:1,10689.856551267185,10689.9,30000.0,1.0,1,75
313,AREA # 42,LA PAMPA,"MCF/DNO/H:1,3",18614.708464469106,12409.8,78750.0,1.5,1,75
314,AREA # 42,LA PAMPA,"MCF/DUC/H:1,3",9488.002374247697,2372.0,252000.0,2.0,2,90
315,AREA # 42,LA PAMPA,"MR/DNO/H:1,3",1031.9108387168021,206.4,315000.0,2.5,2,90
316,AREA # 42,LA PAMPA,"MR/DUC/H:1,3",1031.9108387168021,206.4,300000.0,2.5,2,60
317,AREA # 42,LA PAMPA,MUR+ADO/H:1,205.88979073491245,205.9,30000.0,1.0,1,75
318,AREA # 42,LA PAMPA,"MUR+ADO/H:1,2",373.67897962564183,298.9,37500.0,1.25,1,75
319,AREA # 42,LA PAMPA,"MUR+STDRE/H:1,2",952.5883164927391,762.1,37500.0,1.25,1,75
320,AREA # 42,LA PAMPA,"MUR+STRUB/H:1,2",962.8461708354037,770.3,37500.0,1.25,1,75
321,AREA # 42,LA PAMPA,MUR/H:1,4143.880072883881,4143.9,30000.0,1.0,1,75
322,AREA # 42,LA PAMPA,"MUR/H:1,3",28382.750262271544,18921.8,45000.0,1.5,1,75
323,AREA # 42,LA PAMPA,"S/LFM/H:1,3",142.14455303406768,28.4,300000.0,2.5,2,60
324,AREA # 42,LA PAMPA,UNK,965.4106344210699,965.4,30000.0,1.0,1,75
325,AREA # 42,LA PAMPA,"W+WHE/H:1,3",23.59306498812876,15.7,94500.0,1.5,1,90
326,AREA # 42,LA PAMPA,W+WLI/H:1,78.54585610954666,78.5,63000.0,1.0,1,90
327,AREA # 42,LA PAMPA,"W+WLI/H:1,3",19.78300480371045,13.2,94500.0,1.5,1,90
328,AREA # 42,LA PAMPA,W+WS/H:1,29.747777593727566,29.7,30000.0,1.0,1,75
329,AREA # 42,LA PAMPA,W+WWD/H:1,23.00690188283363,23.0,30000.0,1.0,1,75
330,AREA # 46,LA RIOJA,"CR/LDUAL/DUC/H:4,7",332.13778096077556,22.1,900000.0,5.0,3,60
331,AREA # 46,LA RIOJA,"CR/LDUAL/DUC/H:8,19",223.42000881445563,4.7,2880000.0,12.0,4,60
332,AREA # 46,LA RIOJA,"CR/LFINF/DNO/H:1,3",10138.43095802115,2534.6,252000.0,2.0,2,90
333,AREA # 46,LA RIOJA,"CR/LFINF/DUC/H:1,3",2703.4319771925952,675.9,240000.0,2.0,2,60
334,AREA # 46,LA RIOJA,"CR/LFINF/DUC/H:4,7",138.88944744380782,9.3,900000.0,5.0,3,60
335,AREA # 46,LA RIOJA,"CR/LFM/DNO/H:1,3",3017.7825997135296,754.4,252000.0,2.0,2,90
336,AREA # 46,LA RIOJA,"CR/LFM/DUC/H:1,3",1344.0276140370206,336.0,240000.0,2.0,2,60
337,AREA # 46,LA RIOJA,"CR/LFM/DUC/H:4,7",57.35111833406786,3.8,900000.0,5.0,3,60
338,AREA # 46,LA RIOJA,"CR/LWAL/DNO/H:1,3",629.7485263331863,157.4,252000.0,2.0,2,90
339,AREA # 46,LA RIOJA,"CR/LWAL/DNO/H:4,7",81.53832910973996,5.4,945000.0,5.0,3,90
340,AREA # 46,LA RIOJA,"CR/LWAL/DUC/H:4,7",81.53832910973996,5.4,900000.0,5.0,3,60
341,AREA # 46,LA RIOJA,"MCF+ADO/DNO/H:1,2",1921.6780520052885,1537.3,37500.0,1.25,1,75
342,AREA # 46,LA RIOJA,MCF/DNO/H:1,10366.588667915381,10366.6,30000.0,1.0,1,75
343,AREA # 46,LA RIOJA,"MCF/DNO/H:1,3",13004.656993719702,8669.8,78750.0,1.5,1,75
344,AREA # 46,LA RIOJA,"MCF/DUC/H:1,3",6570.02775176289,1642.5,252000.0,2.0,2,90
345,AREA # 46,LA RIOJA,"MR/DNO/H:1,3",684.1074124063463,136.8,315000.0,2.5,2,90
346,AREA # 46,LA RIOJA,"MR/DUC/H:1,3",684.1074124063463,136.8,300000.0,2.5,2,60
347,AREA # 46,LA RIOJA,MUR+ADO/H:1,1988.1721022476859,1988.2,30000.0,1.0,1,75
348,AREA # 46,LA RIOJA,"MUR+ADO/H:1,2",1215.1787681798148,972.1,37500.0,1.25,1,75
349,AREA # 46,LA RIOJA,"MUR+STDRE/H:1,2",770.4665601586602,616.4,37500.0,1.25,1,75
350,AREA # 46,LA RIOJA,"MUR+STRUB/H:1,2",818.0098060819746,654.4,37500.0,1.25,1,75
351,AREA # 46,LA RIOJA,MUR/H:1,10909.928175958568,10909.9,30000.0,1.0,1,75
352,AREA # 46,LA RIOJA,"MUR/H:1,3",20564.698036029084,13709.8,45000.0,1.5,1,75
353,AREA # 46,LA RIOJA,"S/LFM/H:1,3",195.32627258704272,39.1,300000.0,2.5,2,60
354,AREA # 46,LA RIOJA,UNK,1311.2626707800796,1311.3,30000.0,1.0,1,75
355,AREA # 46,LA RIOJA,"W+WHE/H:1,3",111.87623953283382,74.6,94500.0,1.5,1,90
356,AREA # 46,LA RIOJA,W+WLI/H:1,273.29054649625385,273.3,63000.0,1.0,1,90
357,AREA # 46,LA RIOJA,"W+WLI/H:1,3",88.93579219920669,59.3,94500.0,1.5,1,90
358,AREA # 46,LA RIOJA,W+WS/H:1,189.00933781401497,189.0,30000.0,1.0,1,75
359,AREA # 46,LA RIOJA,W+WWD/H:1,109.38271264874392,109.4,30000.0,1.0,1,75
360,AREA # 50,MENDOZA,"CR/LDUAL/DUC/H:4,7",5235.9998895218805,349.1,900000.0,5.0,3,60
361,AREA # 50,MENDOZA,"CR/LDUAL/DUC/H:8,19",3497.515764585974,72.9,2880000.0,12.0,4,60
362,AREA # 50,MENDOZA,"CR/LFINF/DNO/H:1,3",53741.20283430486,13435.3,252000.0,2.0,2,90
363,AREA # 50,MENDOZA,"CR/LFINF/DUC/H:1,3",14203.250372674913,3550.8,240000.0,2.0,2,60
364,AREA # 50,MENDOZA,"CR/LFINF/DUC/H:4,7",2183.3789135269635,145.6,900000.0,5.0,3,60
365,AREA # 50,MENDOZA,"CR/LFM/DNO/H:1,3",18628.294649801348,4657.1,252000.0,2.0,2,90
366,AREA # 50,MENDOZA,"CR/LFM/DUC/H:1,3",7279.518719561107,1819.9,240000.0,2.0,2,60
367,AREA # 50,MENDOZA,"CR/LFM/DUC/H:4,7",879.5158198250346,58.6,900000.0,5.0,3,60
368,AREA # 50,MENDOZA,"CR/LWAL/DNO/H:1,3",2982.6909342510494,745.7,252000.0,2.0,2,90
369,AREA # 50,MENDOZA,"CR/LWAL/DNO/H:4,7",1303.8630937019293,86.9,945000.0,5.0,3,90
370,AREA # 50,MENDOZA,"CR/LWAL/DUC/H:4,7",1303.8630937019293,86.9,900000.0,5.0,3,60
371,AREA # 50,MENDOZA,"MCF+ADO/DNO/H:1,2",25560.42338726167,20448.3,37500.0,1.25,1,75
372,AREA # 50,MENDOZA,MCF/DNO/H:1,36867.51525931844,36867.5,30000.0,1.0,1,75
373,AREA # 50,MENDOZA,"MCF/DNO/H:1,3",62383.282047934656,41588.9,78750.0,1.5,1,75
374,AREA # 50,MENDOZA,"MCF/DUC/H:1,3",32267.337665111616,8066.8,252000.0,2.0,2,90
375,AREA # 50,MENDOZA,"MR/DNO/H:1,3",3851.9329967190006,770.4,315000.0,2.5,2,90
376,AREA # 50,MENDOZA,"MR/DUC/H:1,3",3851.9329967190006,770.4,300000.0,2.5,2,60
377,AREA # 50,MENDOZA,MUR+ADO/H:1,6793.693281659436,6793.7,30000.0,1.0,1,75
378,AREA # 50,MENDOZA,"MUR+ADO/H:1,2",21654.340840099278,17323.5,37500.0,1.25,1,75
379,AREA # 50,MENDOZA,"MUR+STDRE/H:1,2",3269.3287645136234,2615.5,37500.0,1.25,1,75
380,AREA # 50,MENDOZA,"MUR+STRUB/H:1,2",3368.230802004462,2694.6,37500.0,1.25,1,75
381,AREA # 50,MENDOZA,MUR/H:1,19264.596387126407,19264.6,30000.0,1.0,1,75
382,AREA # 50,MENDOZA,"MUR/H:1,3",96453.5956374984,64302.4,45000.0,1.5,1,75
383,AREA # 50,MENDOZA,"S/LFM/H:1,3",297.8019799239362,59.6,300000.0,2.5,2,60
384,AREA # 50,MENDOZA,UNK,3328.5604002629843,3328.6,30000.0,1.0,1,75
385,AREA # 50,MENDOZA,"W+WHE/H:1,3",1106.963109367676,738.0,94500.0,1.5,1,90
386,AREA # 50,MENDOZA,W+WLI/H:1,1581.4737158334142,1581.5,63000.0,1.0,1,90
387,AREA # 50,MENDOZA,"W+WLI/H:1,3",1007.6501215825547,671.8,94500.0,1.5,1,90
388,AREA # 50,MENDOZA,W+WS/H:1,1003.5406186397221,1003.5,30000.0,1.0,1,75
389,AREA # 50,MENDOZA,W+WWD/H:1,306.70590296674004,306.7,30000.0,1.0,1,75
390,AREA # 54,MISIONES,"CR/LDUAL/DUC/H:4,7",2084.6593579145774,139.0,900000.0,5.0,3,60
391,AREA # 54,MISIONES,"CR/LDUAL/DUC/H:8,19",1396.1692476562405,29.1,2880000.0,12.0,4,60
392,AREA # 54,MISIONES,"CR/LFINF/DNO/H:1,3",21679.33643945647,5419.8,252000.0,2.0,2,90
393,AREA # 54,MISIONES,"CR/LFINF/DUC/H:1,3",5745.255643132569,1436.3,240000.0,2.0,2,60
394,AREA # 54,MISIONES,"CR/LFINF/DUC/H:4,7",870.2071513927049,58.0,900000.0,5.0,3,60
395,AREA # 54,MISIONES,"CR/LFM/DNO/H:1,3",7567.451752060414,1891.9,252000.0,2.0,2,90
396,AREA # 54,MISIONES,"CR/LFM/DUC/H:1,3",2908.203668707575,727.1,240000.0,2.0,2,60
397,AREA # 54,MISIONES,"CR/LFM/DUC/H:4,7",353.83956869895167,23.6,900000.0,5.0,3,60
398,AREA # 54,MISIONES,"CR/LWAL/DNO/H:1,3",1191.12078622202,297.8,252000.0,2.0,2,90
399,AREA # 54,MISIONES,"CR/LWAL/DNO/H:4,7",516.3675826937528,34.4,945000.0,5.0,3,90
400,AREA # 54,MISIONES,"CR/LWAL/DUC/H:4,7",516.3675826937528,34.4,900000.0,5.0,3,60
401,AREA # 54,MISIONES,"MCF+ADO/DNO/H:1,2",73.10105576977567,58.5,37500.0,1.25,1,75
402,AREA # 54,MISIONES,MCF/DNO/H:1,18515.96439795252,18516.0,30000.0,1.0,1,75
403,AREA # 54,MISIONES,"MCF/DNO/H:1,3",25202.95962142585,16802.0,78750.0,1.5,1,75
404,AREA # 54,MISIONES,"MCF/DUC/H:1,3",13103.516540598477,3275.9,252000.0,2.0,2,90
405,AREA # 54,MISIONES,"MR/DNO/H:1,3",1535.3658413511882,307.1,315000.0,2.5,2,90
406,AREA # 54,MISIONES,"MR/DUC/H:1,3",1535.3658413511882,307.1,300000.0,2.5,2,60
407,AREA # 54,MISIONES,MUR+ADO/H:1,111.17452231653382,111.2,30000.0,1.0,1,75
408,AREA # 54,MISIONES,"MUR+ADO/H:1,2",28.9358345755362,23.1,37500.0,1.25,1,75
409,AREA # 54,MISIONES,"MUR+STDRE/H:1,2",1272.6741515651756,1018.1,37500.0,1.25,1,75
410,AREA # 54,MISIONES,"MUR+STRUB/H:1,2",1288.6650075148136,1030.9,37500.0,1.25,1,75
411,AREA # 54,MISIONES,MUR/H:1,16144.368166754955,16144.4,30000.0,1.0,1,75
412,AREA # 54,MISIONES,"MUR/H:1,3",39144.320866852286,26096.2,45000.0,1.5,1,75
413,AREA # 54,MISIONES,"S/LFM/H:1,3",249.30505894817242,49.9,300000.0,2.5,2,60
414,AREA # 54,MISIONES,UNK,1938.3963288285515,1938.4,30000.0,1.0,1,75
415,AREA # 54,MISIONES,"W+WHE/H:1,3",11272.182799699405,7514.8,94500.0,1.5,1,90
416,AREA # 54,MISIONES,W+WLI/H:1,29930.46581560371,29930.5,63000.0,1.0,1,90
417,AREA # 54,MISIONES,"W+WLI/H:1,3",6029.771043943184,4019.8,94500.0,1.5,1,90
418,AREA # 54,MISIONES,W+WS/H:1,27781.59936370468,27781.6,30000.0,1.0,1,75
419,AREA # 54,MISIONES,W+WWD/H:1,7255.888960614986,7255.9,30000.0,1.0,1,75
420,AREA # 58,NEUQUEN,"CR/LDUAL/DUC/H:4,7",2744.399133153383,183.0,900000.0,5.0,3,60
421,AREA # 58,NEUQUEN,"CR/LDUAL/DUC/H:8,19",1832.398783797292,38.2,2880000.0,12.0,4,60
422,AREA # 58,NEUQUEN,"CR/LFINF/DNO/H:1,3",23332.970227935755,5833.2,252000.0,2.0,2,90
423,AREA # 58,NEUQUEN,"CR/LFINF/DUC/H:1,3",6169.882966709379,1542.5,240000.0,2.0,2,60
424,AREA # 58,NEUQUEN,"CR/LFINF/DUC/H:4,7",1144.1994792376688,76.3,900000.0,5.0,3,60
425,AREA # 58,NEUQUEN,"CR/LFM/DNO/H:1,3",8565.872486935494,2141.5,252000.0,2.0,2,90
426,AREA # 58,NEUQUEN,"CR/LFM/DUC/H:1,3",3140.947203606255,785.2,240000.0,2.0,2,60
427,AREA # 58,NEUQUEN,"CR/LFM/DUC/H:4,7",460.19921722060127,30.7,900000.0,5.0,3,60
428,AREA # 58,NEUQUEN,"CR/LWAL/DNO/H:1,3",1226.3739495233156,306.6,252000.0,2.0,2,90
429,AREA # 58,NEUQUEN,"CR/LWAL/DNO/H:4,7",684.0002620170676,45.6,945000.0,5.0,3,90
430,AREA # 58,NEUQUEN,"CR/LWAL/DUC/H:4,7",684.0002620170676,45.6,900000.0,5.0,3,60
431,AREA # 58,NEUQUEN,"MCF+ADO/DNO/H:1,2",791.4799056629491,633.2,37500.0,1.25,1,75
432,AREA # 58,NEUQUEN,MCF/DNO/H:1,15359.780711799393,15359.8,30000.0,1.0,1,75
433,AREA # 58,NEUQUEN,"MCF/DNO/H:1,3",26165.739399805512,17443.8,78750.0,1.5,1,75
434,AREA # 58,NEUQUEN,"MCF/DUC/H:1,3",13764.303000063615,3441.1,252000.0,2.0,2,90
435,AREA # 58,NEUQUEN,"MR/DNO/H:1,3",1682.3741242013607,336.5,315000.0,2.5,2,90
436,AREA # 58,NEUQUEN,"MR/DUC/H:1,3",1682.3741242013607,336.5,300000.0,2.5,2,60
437,AREA # 58,NEUQUEN,MUR+ADO/H:1,479.32466759367793,479.3,30000.0,1.0,1,75
438,AREA # 58,NEUQUEN,"MUR+ADO/H:1,2",480.11693977151873,384.1,37500.0,1.25,1,75
439,AREA # 58,NEUQUEN,"MUR+STDRE/H:1,2",1309.3248465432466,1047.5,37500.0,1.25,1,75
440,AREA # 58,NEUQUEN,"MUR+STRUB/H:1,2",1319.3074759840404,1055.4,37500.0,1.25,1,75
441,AREA # 58,NEUQUEN,MUR/H:1,7986.816597595216,7986.8,30000.0,1.0,1,75
442,AREA # 58,NEUQUEN,"MUR/H:1,3",40511.17404231534,27007.4,45000.0,1.5,1,75
443,AREA # 58,NEUQUEN,"S/LFM/H:1,3",595.9471321718422,119.2,300000.0,2.5,2,60
444,AREA # 58,NEUQUEN,UNK,3212.8221355799724,3212.8,30000.0,1.0,1,75
445,AREA # 58,NEUQUEN,"W+WHE/H:1,3",1529.402212103861,1019.6,94500.0,1.5,1,90
446,AREA # 58,NEUQUEN,W+WLI/H:1,3080.5126818805593,3080.5,63000.0,1.0,1,90
447,AREA # 58,NEUQUEN,"W+WLI/H:1,3",1197.7570784597062,798.5,94500.0,1.5,1,90
448,AREA # 58,NEUQUEN,W+WS/H:1,2504.6892630258726,2504.7,30000.0,1.0,1,75
449,AREA # 58,NEUQUEN,W+WWD/H:1,710.5096890876207,710.5,30000.0,1.0,1,75
450,AREA # 62,RIO NEGRO,"CR/LDUAL/DUC/H:4,7",3587.1358161376406,239.1,900000.0,5.0,3,60
451,AREA # 62,RIO NEGRO,"CR/LDUAL/DUC/H:8,19",2395.5167894606093,49.9,2880000.0,12.0,4,60
452,AREA # 62,RIO NEGRO,"CR/LFINF/DNO/H:1,3",26213.243620831963,6553.3,252000.0,2.0,2,90
453,AREA # 62,RIO NEGRO,"CR/LFINF/DUC/H:1,3",6910.569618155444,1727.6,240000.0,2.0,2,60
454,AREA # 62,RIO NEGRO,"CR/LFINF/DUC/H:4,7",1495.6631513995624,99.7,900000.0,5.0,3,60
455,AREA # 62,RIO NEGRO,"CR/LFM/DNO/H:1,3",9983.888796929214,2496.0,252000.0,2.0,2,90
456,AREA # 62,RIO NEGRO,"CR/LFM/DUC/H:1,3",3557.1013813717555,889.3,240000.0,2.0,2,60
457,AREA # 62,RIO NEGRO,"CR/LFM/DUC/H:4,7",601.9488813917893,40.1,900000.0,5.0,3,60
458,AREA # 62,RIO NEGRO,"CR/LWAL/DNO/H:1,3",1328.6238716553542,332.2,252000.0,2.0,2,90
459,AREA # 62,RIO NEGRO,"CR/LWAL/DNO/H:4,7",893.7142700077734,59.6,945000.0,5.0,3,90
460,AREA # 62,RIO NEGRO,"CR/LWAL/DUC/H:4,7",893.7142700077734,59.6,900000.0,5.0,3,60
461,AREA # 62,RIO NEGRO,"MCF+ADO/DNO/H:1,2",493.5728790197854,394.9,37500.0,1.25,1,75
462,AREA # 62,RIO NEGRO,MCF/DNO/H:1,18533.86356008943,18533.9,30000.0,1.0,1,75
463,AREA # 62,RIO NEGRO,"MCF/DNO/H:1,3",28602.99263556884,19068.7,78750.0,1.5,1,75
464,AREA # 62,RIO NEGRO,"MCF/DUC/H:1,3",15076.995440303232,3769.2,252000.0,2.0,2,90
465,AREA # 62,RIO NEGRO,"MR/DNO/H:1,3",1924.4333849938698,384.9,315000.0,2.5,2,90
466,AREA # 62,RIO NEGRO,"MR/DUC/H:1,3",1924.4333849938698,384.9,300000.0,2.5,2,60
467,AREA # 62,RIO NEGRO,MUR+ADO/H:1,491.1494442619141,491.1,30000.0,1.0,1,75
468,AREA # 62,RIO NEGRO,"MUR+ADO/H:1,2",212.45444710671615,170.0,37500.0,1.25,1,75
469,AREA # 62,RIO NEGRO,"MUR+STDRE/H:1,2",1467.3251209641871,1173.9,37500.0,1.25,1,75
470,AREA # 62,RIO NEGRO,"MUR+STRUB/H:1,2",1485.5816628068178,1188.5,37500.0,1.25,1,75
471,AREA # 62,RIO NEGRO,MUR/H:1,13606.69757270272,13606.7,30000.0,1.0,1,75
472,AREA # 62,RIO NEGRO,"MUR/H:1,3",44290.53207253844,29527.0,45000.0,1.5,1,75
473,AREA # 62,RIO NEGRO,"S/LFM/H:1,3",472.5697777849009,94.5,300000.0,2.5,2,60
474,AREA # 62,RIO NEGRO,UNK,2388.8604219923222,2388.9,30000.0,1.0,1,75
475,AREA # 62,RIO NEGRO,"W+WHE/H:1,3",2141.0238274206863,1427.3,94500.0,1.5,1,90
476,AREA # 62,RIO NEGRO,W+WLI/H:1,4539.901113078877,4539.9,63000.0,1.0,1,90
477,AREA # 62,RIO NEGRO,"W+WLI/H:1,3",1488.4736282845442,992.3,94500.0,1.5,1,90
478,AREA # 62,RIO NEGRO,W+WS/H:1,3653.893365601136,3653.9,30000.0,1.0,1,75
479,AREA # 62,RIO NEGRO,W+WWD/H:1,956.1257931388179,956.1,30000.0,1.0,1,75
480,AREA # 66,SALTA,"CR/LDUAL/DUC/H:4,7",2332.699317180616,155.5,900000.0,5.0,3,60
481,AREA # 66,SALTA,"CR/LDUAL/DUC/H:8,19",1563.3343791039813,32.6,2880000.0,12.0,4,60
482,AREA # 66,SALTA,"CR/LFINF/DNO/H:1,3",26501.93623971408,6625.5,252000.0,2.0,2,90
483,AREA # 66,SALTA,"CR/LFINF/DUC/H:1,3",7057.478651400548,1764.4,240000.0,2.0,2,60
484,AREA # 66,SALTA,"CR/LFINF/DUC/H:4,7",974.0084240711495,64.9,900000.0,5.0,3,60
485,AREA # 66,SALTA,"CR/LFM/DNO/H:1,3",9244.736490524478,2311.2,252000.0,2.0,2,90
486,AREA # 66,SALTA,"CR/LFM/DUC/H:1,3",3492.9871959936827,873.2,240000.0,2.0,2,60
487,AREA # 66,SALTA,"CR/LFM/DUC/H:4,7",396.9847205136731,26.5,900000.0,5.0,3,60
488,AREA # 66,SALTA,"CR/LWAL/DNO/H:1,3",1451.8306204804255,363.0,252000.0,2.0,2,90
489,AREA # 66,SALTA,"CR/LWAL/DNO/H:4,7",577.0237035574766,38.5,945000.0,5.0,3,90
490,AREA # 66,SALTA,"CR/LWAL/DUC/H:4,7",577.0237035574766,38.5,900000.0,5.0,3,60
491,AREA # 66,SALTA,"MCF+ADO/DNO/H:1,2",3587.5839497963593,2870.1,37500.0,1.25,1,75
492,AREA # 66,SALTA,MCF/DNO/H:1,26798.01500706508,26798.0,30000.0,1.0,1,75
493,AREA # 66,SALTA,"MCF/DNO/H:1,3",31475.688401836935,20983.8,78750.0,1.5,1,75
494,AREA # 66,SALTA,"MCF/DUC/H:1,3",16308.455613623139,4077.1,252000.0,2.0,2,90
495,AREA # 66,SALTA,"MR/DNO/H:1,3",1836.5130895187424,367.3,315000.0,2.5,2,90
496,AREA # 66,SALTA,"MR/DUC/H:1,3",1836.5130895187424,367.3,300000.0,2.5,2,60
497,AREA # 66,SALTA,MUR+ADO/H:1,5099.592511013216,5099.6,30000.0,1.0,1,75
498,AREA # 66,SALTA,"MUR+ADO/H:1,2",1964.2365763444434,1571.4,37500.0,1.25,1,75
499,AREA # 66,SALTA,"MUR+STDRE/H:1,2",1987.2191064749395,1589.8,37500.0,1.25,1,75
500,AREA # 66,SALTA,"MUR+STRUB/H:1,2",2251.5456940403947,1801.2,37500.0,1.25,1,75
501,AREA # 66,SALTA,MUR/H:1,34985.19772774499,34985.2,30000.0,1.0,1,75
502,AREA # 66,SALTA,"MUR/H:1,3",51414.68275392736,34276.5,45000.0,1.5,1,75
503,AREA # 66,SALTA,"S/LFM/H:1,3",235.59842490233564,47.1,300000.0,2.5,2,60
504,AREA # 66,SALTA,UNK,4168.470147951125,4168.5,30000.0,1.0,1,75
505,AREA # 66,SALTA,"W+WHE/H:1,3",1816.6095586401793,1211.1,94500.0,1.5,1,90
506,AREA # 66,SALTA,W+WLI/H:1,8909.441719308456,8909.4,63000.0,1.0,1,90
507,AREA # 66,SALTA,"W+WLI/H:1,3",891.9475957941983,594.6,94500.0,1.5,1,90
508,AREA # 66,SALTA,W+WS/H:1,10986.116750477931,10986.1,30000.0,1.0,1,75
509,AREA # 66,SALTA,W+WWD/H:1,3872.528835923865,3872.5,30000.0,1.0,1,75
510,AREA # 70,SAN JUAN,"CR/LDUAL/DUC/H:4,7",1812.4664003721807,120.8,900000.0,5.0,3,60
511,AREA # 70,SAN JUAN,"CR/LDUAL/DUC/H:8,19",1209.2958918063025,25.2,2880000.0,12.0,4,60
512,AREA # 70,SAN JUAN,"CR/LFINF/DNO/H:1,3",17436.64829825091,4359.2,252000.0,2.0,2,90
513,AREA # 70,SAN JUAN,"CR/LFINF/DUC/H:1,3",4603.721605439067,1150.9,240000.0,2.0,2,60
514,AREA # 70,SAN JUAN,"CR/LFINF/DUC/H:4,7",755.4405730446207,50.4,900000.0,5.0,3,60
515,AREA # 70,SAN JUAN,"CR/LFM/DNO/H:1,3",6131.727593392154,1532.9,252000.0,2.0,2,90
516,AREA # 70,SAN JUAN,"CR/LFM/DUC/H:1,3",2367.217258021074,591.8,240000.0,2.0,2,60
517,AREA # 70,SAN JUAN,"CR/LFM/DUC/H:4,7",303.06269162021204,20.2,900000.0,5.0,3,60
518,AREA # 70,SAN JUAN,"CR/LWAL/DNO/H:1,3",956.6809696296962,239.2,252000.0,2.0,2,90
519,AREA # 70,SAN JUAN,"CR/LWAL/DNO/H:4,7",452.3778814244089,30.2,945000.0,5.0,3,90
520,AREA # 70,SAN JUAN,"CR/LWAL/DUC/H:4,7",452.3778814244089,30.2,900000.0,5.0,3,60
521,AREA # 70,SAN JUAN,"MCF+ADO/DNO/H:1,2",15946.921368581714,12757.5,37500.0,1.25,1,75
522,AREA # 70,SAN JUAN,MCF/DNO/H:1,12001.827896850338,12001.8,30000.0,1.0,1,75
523,AREA # 70,SAN JUAN,"MCF/DNO/H:1,3",20017.66417022388,13345.1,78750.0,1.5,1,75
524,AREA # 70,SAN JUAN,"MCF/DUC/H:1,3",10385.444293631299,2596.4,252000.0,2.0,2,90
525,AREA # 70,SAN JUAN,"MR/DNO/H:1,3",1258.2662239126355,251.7,315000.0,2.5,2,90
526,AREA # 70,SAN JUAN,"MR/DUC/H:1,3",1258.2662239126355,251.7,300000.0,2.5,2,60
527,AREA # 70,SAN JUAN,MUR+ADO/H:1,14586.335893438676,14586.3,30000.0,1.0,1,75
528,AREA # 70,SAN JUAN,"MUR+ADO/H:1,2",9953.898278662435,7963.1,37500.0,1.25,1,75
529,AREA # 70,SAN JUAN,"MUR+STDRE/H:1,2",1060.168739481395,848.1,37500.0,1.25,1,75
530,AREA # 70,SAN JUAN,"MUR+STRUB/H:1,2",1082.4646120256934,866.0,37500.0,1.25,1,75
531,AREA # 70,SAN JUAN,MUR/H:1,6524.363281396657,6524.4,30000.0,1.0,1,75
532,AREA # 70,SAN JUAN,"MUR/H:1,3",31101.8691681426,20734.6,45000.0,1.5,1,75
533,AREA # 70,SAN JUAN,"S/LFM/H:1,3",87.97467781033455,17.6,300000.0,2.5,2,60
534,AREA # 70,SAN JUAN,UNK,1599.2587613551964,1599.3,30000.0,1.0,1,75
535,AREA # 70,SAN JUAN,"W+WHE/H:1,3",218.2577884607537,145.5,94500.0,1.5,1,90
536,AREA # 70,SAN JUAN,W+WLI/H:1,376.612208519356,376.6,63000.0,1.0,1,90
537,AREA # 70,SAN JUAN,"W+WLI/H:1,3",183.4708547922397,122.3,94500.0,1.5,1,90
538,AREA # 70,SAN JUAN,W+WS/H:1,246.19478538373016,246.2,30000.0,1.0,1,75
539,AREA # 70,SAN JUAN,W+WWD/H:1,190.72372899339706,190.7,30000.0,1.0,1,75
540,AREA # 74,SAN LUIS,"CR/LDUAL/DUC/H:4,7",1102.5434642794455,73.5,900000.0,5.0,3,60
541,AREA # 74,SAN LUIS,"CR/LDUAL/DUC/H:8,19",739.4298479901705,15.4,2880000.0,12.0,4,60
542,AREA # 74,SAN LUIS,"CR/LFINF/DNO/H:1,3",15758.085855713534,3939.5,252000.0,2.0,2,90
543,AREA # 74,SAN LUIS,"CR/LFINF/DUC/H:1,3",4185.520932771635,1046.4,240000.0,2.0,2,60
544,AREA # 74,SAN LUIS,"CR/LFINF/DUC/H:4,7",460.493328067404,30.7,900000.0,5.0,3,60
545,AREA # 74,SAN LUIS,"CR/LFM/DNO/H:1,3",5157.0249647182745,1289.3,252000.0,2.0,2,90
546,AREA # 74,SAN LUIS,"CR/LFM/DUC/H:1,3",2106.289672810251,526.6,240000.0,2.0,2,60
547,AREA # 74,SAN LUIS,"CR/LFM/DUC/H:4,7",188.1581158504476,12.5,900000.0,5.0,3,60
548,AREA # 74,SAN LUIS,"CR/LWAL/DNO/H:1,3",913.6765764437424,228.4,252000.0,2.0,2,90
549,AREA # 74,SAN LUIS,"CR/LWAL/DNO/H:4,7",272.33521221695634,18.2,945000.0,5.0,3,90
550,AREA # 74,SAN LUIS,"CR/LWAL/DUC/H:4,7",272.33521221695634,18.2,900000.0,5.0,3,60
551,AREA # 74,SAN LUIS,"MCF+ADO/DNO/H:1,2",623.9972968228893,499.2,37500.0,1.25,1,75
552,AREA # 74,SAN LUIS,MCF/DNO/H:1,12450.483257855016,12450.5,30000.0,1.0,1,75
553,AREA # 74,SAN LUIS,"MCF/DNO/H:1,3",19108.492722485524,12739.0,78750.0,1.5,1,75
554,AREA # 74,SAN LUIS,"MCF/DUC/H:1,3",9801.621681586803,2450.4,252000.0,2.0,2,90
555,AREA # 74,SAN LUIS,"MR/DNO/H:1,3",1095.2333845883802,219.0,315000.0,2.5,2,90
556,AREA # 74,SAN LUIS,"MR/DUC/H:1,3",1095.2333845883802,219.0,300000.0,2.5,2,60
557,AREA # 74,SAN LUIS,MUR+ADO/H:1,582.3048271019835,582.3,30000.0,1.0,1,75
558,AREA # 74,SAN LUIS,"MUR+ADO/H:1,2",346.0474986835177,276.8,37500.0,1.25,1,75
559,AREA # 74,SAN LUIS,"MUR+STDRE/H:1,2",1008.7354074074077,807.0,37500.0,1.25,1,75
560,AREA # 74,SAN LUIS,"MUR+STRUB/H:1,2",1027.4970187818153,822.0,37500.0,1.25,1,75
561,AREA # 74,SAN LUIS,MUR/H:1,8722.759540108826,8722.8,30000.0,1.0,1,75
562,AREA # 74,SAN LUIS,"MUR/H:1,3",29312.02981218185,19541.4,45000.0,1.5,1,75
563,AREA # 74,SAN LUIS,"S/LFM/H:1,3",379.40147446024224,75.9,300000.0,2.5,2,60
564,AREA # 74,SAN LUIS,UNK,1528.167990170265,1528.2,30000.0,1.0,1,75
565,AREA # 74,SAN LUIS,"W+WHE/H:1,3",70.46027382833071,47.0,94500.0,1.5,1,90
566,AREA # 74,SAN LUIS,W+WLI/H:1,226.80703528172722,226.8,63000.0,1.0,1,90
567,AREA # 74,SAN LUIS,"W+WLI/H:1,3",56.00688432508338,37.3,94500.0,1.5,1,90
568,AREA # 74,SAN LUIS,W+WS/H:1,101.72962611901002,101.7,30000.0,1.0,1,75
569,AREA # 74,SAN LUIS,W+WWD/H:1,68.09770054414604,68.1,30000.0,1.0,1,75
570,AREA # 78,SANTA CRUZ,"CR/LDUAL/DUC/H:4,7",1172.2631467856716,78.2,900000.0,5.0,3,60
571,AREA # 78,SANTA CRUZ,"CR/LDUAL/DUC/H:8,19",784.3313532746351,16.3,2880000.0,12.0,4,60
572,AREA # 78,SANTA CRUZ,"CR/LFINF/DNO/H:1,3",11124.212625135688,2781.1,252000.0,2.0,2,90
573,AREA # 78,SANTA CRUZ,"CR/LFINF/DUC/H:1,3",2945.7557140272584,736.4,240000.0,2.0,2,60
574,AREA # 78,SANTA CRUZ,"CR/LFINF/DUC/H:4,7",489.14862501507673,32.6,900000.0,5.0,3,60
575,AREA # 78,SANTA CRUZ,"CR/LFM/DNO/H:1,3",3970.895926305633,992.7,252000.0,2.0,2,90
576,AREA # 78,SANTA CRUZ,"CR/LFM/DUC/H:1,3",1493.7139669521164,373.4,240000.0,2.0,2,60
577,AREA # 78,SANTA CRUZ,"CR/LFM/DUC/H:4,7",198.19977988179957,13.2,900000.0,5.0,3,60
578,AREA # 78,SANTA CRUZ,"CR/LWAL/DNO/H:1,3",599.265619346279,149.8,252000.0,2.0,2,90
579,AREA # 78,SANTA CRUZ,"CR/LWAL/DNO/H:4,7",290.9488451332771,19.4,945000.0,5.0,3,90
580,AREA # 78,SANTA CRUZ,"CR/LWAL/DUC/H:4,7",290.9488451332771,19.4,900000.0,5.0,3,60
581,AREA # 78,SANTA CRUZ,"MCF+ADO/DNO/H:1,2",103.59501266433483,82.9,37500.0,1.25,1,75
582,AREA # 78,SANTA CRUZ,MCF/DNO/H:1,7281.558316246533,7281.6,30000.0,1.0,1,75
583,AREA # 78,SANTA CRUZ,"MCF/DNO/H:1,3",12786.14687613075,8524.1,78750.0,1.5,1,75
584,AREA # 78,SANTA CRUZ,"MCF/DUC/H:1,3",6656.204770232783,1664.1,252000.0,2.0,2,90
585,AREA # 78,SANTA CRUZ,"MR/DNO/H:1,3",793.2315161017971,158.6,315000.0,2.5,2,90
586,AREA # 78,SANTA CRUZ,"MR/DUC/H:1,3",793.2315161017971,158.6,300000.0,2.5,2,60
587,AREA # 78,SANTA CRUZ,MUR+ADO/H:1,45.04130985405862,45.0,30000.0,1.0,1,75
588,AREA # 78,SANTA CRUZ,"MUR+ADO/H:1,2",69.36361717525027,55.5,37500.0,1.25,1,75
589,AREA # 78,SANTA CRUZ,"MUR+STDRE/H:1,2",700.518483898203,560.4,37500.0,1.25,1,75
590,AREA # 78,SANTA CRUZ,"MUR+STRUB/H:1,2",703.4011277288628,562.7,37500.0,1.25,1,75
591,AREA # 78,SANTA CRUZ,MUR/H:1,3955.7079966228434,3955.7,30000.0,1.0,1,75
592,AREA # 78,SANTA CRUZ,"MUR/H:1,3",19607.20284042939,13071.5,45000.0,1.5,1,75
593,AREA # 78,SANTA CRUZ,"S/LFM/H:1,3",2419.0786696417804,483.8,300000.0,2.5,2,60
594,AREA # 78,SANTA CRUZ,UNK,4773.478018333132,4773.5,30000.0,1.0,1,75
595,AREA # 78,SANTA CRUZ,"W+WHE/H:1,3",1153.9583584609818,769.3,94500.0,1.5,1,90
596,AREA # 78,SANTA CRUZ,W+WLI/H:1,2315.8439874562782,2315.8,63000.0,1.0,1,90
597,AREA # 78,SANTA CRUZ,"W+WLI/H:1,3",1054.6873115426365,703.1,94500.0,1.5,1,90
598,AREA # 78,SANTA CRUZ,W+WS/H:1,869.4774454227478,869.5,30000.0,1.0,1,75
599,AREA # 78,SANTA CRUZ,W+WWD/H:1,183.58837896514288,183.6,30000.0,1.0,1,75
600,AREA # 82,SANTA FE,"CR/LDUAL/DUC/H:4,7",16723.750017469178,1114.9,900000.0,5.0,3,60
601,AREA # 82,SANTA FE,"CR/LDUAL/DUC/H:8,19",11183.142618978247,233.0,2880000.0,12.0,4,60
602,AREA # 82,SANTA FE,"CR/LFINF/DNO/H:1,3",136493.43648769447,34123.4,252000.0,2.0,2,90
603,AREA # 82,SANTA FE,"CR/LFINF/DUC/H:1,3",35961.32363321859,8990.3,240000.0,2.0,2,60
604,AREA # 82,SANTA FE,"CR/LFINF/DUC/H:4,7",6976.723159111853,465.1,900000.0,5.0,3,60
605,AREA # 82,SANTA FE,"CR/LFM/DNO/H:1,3",49902.822120651996,12475.7,252000.0,2.0,2,90
606,AREA # 82,SANTA FE,"CR/LFM/DUC/H:1,3",18628.24774581763,4657.1,240000.0,2.0,2,60
607,AREA # 82,SANTA FE,"CR/LFM/DUC/H:4,7",2821.26761024366,188.1,900000.0,5.0,3,60
608,AREA # 82,SANTA FE,"CR/LWAL/DNO/H:1,3",7210.9141429756155,1802.7,252000.0,2.0,2,90
609,AREA # 82,SANTA FE,"CR/LWAL/DNO/H:4,7",4155.455548868196,277.0,945000.0,5.0,3,90
610,AREA # 82,SANTA FE,"CR/LWAL/DUC/H:4,7",4155.455548868196,277.0,900000.0,5.0,3,60
611,AREA # 82,SANTA FE,"MCF+ADO/DNO/H:1,2",814.7475572824035,651.8,37500.0,1.25,1,75
612,AREA # 82,SANTA FE,MCF/DNO/H:1,106542.45225807176,106542.5,30000.0,1.0,1,75
613,AREA # 82,SANTA FE,"MCF/DNO/H:1,3",152981.5779820535,101987.7,78750.0,1.5,1,75
614,AREA # 82,SANTA FE,"MCF/DUC/H:1,3",79457.73238448266,19864.4,252000.0,2.0,2,90
615,AREA # 82,SANTA FE,"MR/DNO/H:1,3",9981.217842221078,1996.2,315000.0,2.5,2,90
616,AREA # 82,SANTA FE,"MR/DUC/H:1,3",9981.217842221078,1996.2,300000.0,2.5,2,60
617,AREA # 82,SANTA FE,MUR+ADO/H:1,2315.3141023021076,2315.3,30000.0,1.0,1,75
618,AREA # 82,SANTA FE,"MUR+ADO/H:1,2",274.732606308151,219.8,37500.0,1.25,1,75
619,AREA # 82,SANTA FE,"MUR+STDRE/H:1,2",7622.405535617994,6097.9,37500.0,1.25,1,75
620,AREA # 82,SANTA FE,"MUR+STRUB/H:1,2",7804.930589047293,6243.9,37500.0,1.25,1,75
621,AREA # 82,SANTA FE,MUR/H:1,84280.26840228932,84280.3,30000.0,1.0,1,75
622,AREA # 82,SANTA FE,"MUR/H:1,3",239332.12870264042,159554.8,45000.0,1.5,1,75
623,AREA # 82,SANTA FE,"S/LFM/H:1,3",1165.8922791534112,233.2,300000.0,2.5,2,60
624,AREA # 82,SANTA FE,UNK,16299.946283944575,16299.9,30000.0,1.0,1,75
625,AREA # 82,SANTA FE,"W+WHE/H:1,3",1186.6828547659195,791.1,94500.0,1.5,1,90
626,AREA # 82,SANTA FE,W+WLI/H:1,4548.275924580642,4548.3,63000.0,1.0,1,90
627,AREA # 82,SANTA FE,"W+WLI/H:1,3",673.66865134038,449.1,94500.0,1.5,1,90
628,AREA # 82,SANTA FE,W+WS/H:1,3281.1308421195586,3281.1,30000.0,1.0,1,75
629,AREA # 82,SANTA FE,W+WWD/H:1,1218.1387256601706,1218.1,30000.0,1.0,1,75
630,AREA # 86,SANTIAGO DEL ESTERO,"CR/LDUAL/DUC/H:4,7",907.3509885357313,60.5,900000.0,5.0,3,60
631,AREA # 86,SANTIAGO DEL ESTERO,"CR/LDUAL/DUC/H:8,19",607.1922513214801,12.6,2880000.0,12.0,4,60
632,AREA # 86,SANTIAGO DEL ESTERO,"CR/LFINF/DNO/H:1,3",17241.71627007964,4310.4,252000.0,2.0,2,90
633,AREA # 86,SANTIAGO DEL ESTERO,"CR/LFINF/DUC/H:1,3",4578.750862394455,1144.7,240000.0,2.0,2,60
634,AREA # 86,SANTIAGO DEL ESTERO,"CR/LFINF/DUC/H:4,7",378.6358099643029,25.2,900000.0,5.0,3,60
635,AREA # 86,SANTIAGO DEL ESTERO,"CR/LFM/DNO/H:1,3",5356.721538837786,1339.2,252000.0,2.0,2,90
636,AREA # 86,SANTIAGO DEL ESTERO,"CR/LFM/DUC/H:1,3",2313.108356645157,578.3,240000.0,2.0,2,60
637,AREA # 86,SANTIAGO DEL ESTERO,"CR/LFM/DUC/H:4,7",153.51675705361433,10.2,900000.0,5.0,3,60
638,AREA # 86,SANTIAGO DEL ESTERO,"CR/LWAL/DNO/H:1,3",1042.27595764399,260.6,252000.0,2.0,2,90
639,AREA # 86,SANTIAGO DEL ESTERO,"CR/LWAL/DNO/H:4,7",225.11905291068854,15.0,945000.0,5.0,3,90
640,AREA # 86,SANTIAGO DEL ESTERO,"CR/LWAL/DUC/H:4,7",225.11905291068854,15.0,900000.0,5.0,3,60
641,AREA # 86,SANTIAGO DEL ESTERO,"MCF+ADO/DNO/H:1,2",118.06682055330542,94.5,37500.0,1.25,1,75
642,AREA # 86,SANTIAGO DEL ESTERO,MCF/DNO/H:1,25174.013191202714,25174.0,30000.0,1.0,1,75
643,AREA # 86,SANTIAGO DEL ESTERO,"MCF/DNO/H:1,3",21389.971592469286,14260.0,78750.0,1.5,1,75
644,AREA # 86,SANTIAGO DEL ESTERO,"MCF/DUC/H:1,3",10890.991663520286,2722.7,252000.0,2.0,2,90
645,AREA # 86,SANTIAGO DEL ESTERO,"MR/DNO/H:1,3",1192.355326251116,238.5,315000.0,2.5,2,90
646,AREA # 86,SANTIAGO DEL ESTERO,"MR/DUC/H:1,3",1192.355326251116,238.5,300000.0,2.5,2,60
647,AREA # 86,SANTIAGO DEL ESTERO,MUR+ADO/H:1,1417.5491049975974,1417.5,30000.0,1.0,1,75
648,AREA # 86,SANTIAGO DEL ESTERO,"MUR+ADO/H:1,2",29.143075959360196,23.3,37500.0,1.25,1,75
649,AREA # 86,SANTIAGO DEL ESTERO,"MUR+STDRE/H:1,2",1578.882184475183,1263.1,37500.0,1.25,1,75
650,AREA # 86,SANTIAGO DEL ESTERO,"MUR+STRUB/H:1,2",1788.5628797109905,1430.9,37500.0,1.25,1,75
651,AREA # 86,SANTIAGO DEL ESTERO,MUR/H:1,40486.00947775795,40486.0,30000.0,1.0,1,75
652,AREA # 86,SANTIAGO DEL ESTERO,"MUR/H:1,3",32854.18514235944,21902.8,45000.0,1.5,1,75
653,AREA # 86,SANTIAGO DEL ESTERO,"S/LFM/H:1,3",90.71716465298277,18.1,300000.0,2.5,2,60
654,AREA # 86,SANTIAGO DEL ESTERO,UNK,2233.7046835312703,2233.7,30000.0,1.0,1,75
655,AREA # 86,SANTIAGO DEL ESTERO,"W+WHE/H:1,3",32.7299160774353,21.8,94500.0,1.5,1,90
656,AREA # 86,SANTIAGO DEL ESTERO,W+WLI/H:1,261.2415219331365,261.2,63000.0,1.0,1,90
657,AREA # 86,SANTIAGO DEL ESTERO,"W+WLI/H:1,3",13.002295428022242,8.7,94500.0,1.5,1,90
658,AREA # 86,SANTIAGO DEL ESTERO,W+WS/H:1,246.89416146083613,246.9,30000.0,1.0,1,75
659,AREA # 86,SANTIAGO DEL ESTERO,W+WWD/H:1,145.11757311045514,145.1,30000.0,1.0,1,75
660,AREA # 90,TUCUMAN,"CR/LDUAL/DUC/H:4,7",3804.614587192301,253.6,900000.0,5.0,3,60
661,AREA # 90,TUCUMAN,"CR/LDUAL/DUC/H:8,19",2546.3261525496573,53.0,2880000.0,12.0,4,60
662,AREA # 90,TUCUMAN,"CR/LFINF/DNO/H:1,3",36088.80240428777,9022.2,252000.0,2.0,2,90
663,AREA # 90,TUCUMAN,"CR/LFINF/DUC/H:1,3",9532.626584866388,2383.2,240000.0,2.0,2,60
664,AREA # 90,TUCUMAN,"CR/LFINF/DUC/H:4,7",1587.7351849354898,105.8,900000.0,5.0,3,60
665,AREA # 90,TUCUMAN,"CR/LFM/DNO/H:1,3",12737.447810100875,3184.4,252000.0,2.0,2,90
666,AREA # 90,TUCUMAN,"CR/LFM/DUC/H:1,3",4894.049277449584,1223.5,240000.0,2.0,2,60
667,AREA # 90,TUCUMAN,"CR/LFM/DUC/H:4,7",644.0188589535072,42.9,900000.0,5.0,3,60
668,AREA # 90,TUCUMAN,"CR/LWAL/DNO/H:1,3",1967.729154917708,491.9,252000.0,2.0,2,90
669,AREA # 90,TUCUMAN,"CR/LWAL/DNO/H:4,7",943.7163259819827,62.9,945000.0,5.0,3,90
670,AREA # 90,TUCUMAN,"CR/LWAL/DUC/H:4,7",943.7163259819827,62.9,900000.0,5.0,3,60
671,AREA # 90,TUCUMAN,"MCF+ADO/DNO/H:1,2",517.2922246193001,413.8,37500.0,1.25,1,75
672,AREA # 90,TUCUMAN,MCF/DNO/H:1,34403.85081154194,34403.9,30000.0,1.0,1,75
673,AREA # 90,TUCUMAN,"MCF/DNO/H:1,3",41414.056917910384,27609.4,78750.0,1.5,1,75
674,AREA # 90,TUCUMAN,"MCF/DUC/H:1,3",21472.076433260583,5368.0,252000.0,2.0,2,90
675,AREA # 90,TUCUMAN,"MR/DNO/H:1,3",2596.87337223903,519.4,315000.0,2.5,2,90
676,AREA # 90,TUCUMAN,"MR/DUC/H:1,3",2596.87337223903,519.4,300000.0,2.5,2,60
677,AREA # 90,TUCUMAN,MUR+ADO/H:1,695.9207335058106,695.9,30000.0,1.0,1,75
678,AREA # 90,TUCUMAN,"MUR+ADO/H:1,2",296.8287861422685,237.5,37500.0,1.25,1,75
679,AREA # 90,TUCUMAN,"MUR+STDRE/H:1,2",2203.7976861785055,1763.0,37500.0,1.25,1,75
680,AREA # 90,TUCUMAN,"MUR+STRUB/H:1,2",2276.1787548351213,1820.9,37500.0,1.25,1,75
681,AREA # 90,TUCUMAN,MUR/H:1,36655.23407001341,36655.2,30000.0,1.0,1,75
682,AREA # 90,TUCUMAN,"MUR/H:1,3",64345.70756132913,42897.1,45000.0,1.5,1,75
683,AREA # 90,TUCUMAN,"S/LFM/H:1,3",329.63268331324844,65.9,300000.0,2.5,2,60
684,AREA # 90,TUCUMAN,UNK,2384.856605260275,2384.9,30000.0,1.0,1,75
685,AREA # 90,TUCUMAN,"W+WHE/H:1,3",2465.7374691352825,1643.8,94500.0,1.5,1,90
686,AREA # 90,TUCUMAN,W+WLI/H:1,9783.264296368709,9783.3,63000.0,1.0,1,90
687,AREA # 90,TUCUMAN,"W+WLI/H:1,3",951.4458272587075,634.3,94500.0,1.5,1,90
688,AREA # 90,TUCUMAN,W+WS/H:1,10779.46685782426,10779.5,30000.0,1.0,1,75
689,AREA # 90,TUCUMAN,W+WWD/H:1,3331.122869807775,3331.1,30000.0,1.0,1,75
690,AREA # 94,TIERRA DEL FUEGO,"CR/LDUAL/DUC/H:4,7",876.9685255023186,58.5,900000.0,5.0,3,60
691,AREA # 94,TIERRA DEL FUEGO,"CR/LDUAL/DUC/H:8,19",585.5830046367851,12.2,2880000.0,12.0,4,60
692,AREA # 94,TIERRA DEL FUEGO,"CR/LFINF/DNO/H:1,3",3802.76630602782,950.7,252000.0,2.0,2,90
693,AREA # 94,TIERRA DEL FUEGO,"CR/LFINF/DUC/H:1,3",991.8785625965995,248.0,240000.0,2.0,2,60
694,AREA # 94,TIERRA DEL FUEGO,"CR/LFINF/DUC/H:4,7",365.6378825347758,24.4,900000.0,5.0,3,60
695,AREA # 94,TIERRA DEL FUEGO,"CR/LFM/DNO/H:1,3",1729.85341576507,432.5,252000.0,2.0,2,90
696,AREA # 94,TIERRA DEL FUEGO,"CR/LFM/DUC/H:1,3",527.606945904173,131.9,240000.0,2.0,2,60
697,AREA # 94,TIERRA DEL FUEGO,"CR/LFM/DUC/H:4,7",147.0987418856259,9.8,900000.0,5.0,3,60
698,AREA # 94,TIERRA DEL FUEGO,"CR/LWAL/DNO/H:1,3",153.8309119010819,38.5,252000.0,2.0,2,90
699,AREA # 94,TIERRA DEL FUEGO,"CR/LWAL/DNO/H:4,7",218.53914064914989,14.6,945000.0,5.0,3,90
700,AREA # 94,TIERRA DEL FUEGO,"CR/LWAL/DUC/H:4,7",218.53914064914989,14.6,900000.0,5.0,3,60
701,AREA # 94,TIERRA DEL FUEGO,"MCF+ADO/DNO/H:1,2",4.962287480680061,4.0,37500.0,1.25,1,75
702,AREA # 94,TIERRA DEL FUEGO,MCF/DNO/H:1,1641.9382225656875,1641.9,30000.0,1.0,1,75
703,AREA # 94,TIERRA DEL FUEGO,"MCF/DNO/H:1,3",3638.6800000000003,2425.8,78750.0,1.5,1,75
704,AREA # 94,TIERRA DEL FUEGO,"MCF/DUC/H:1,3",1935.2921174652242,483.8,252000.0,2.0,2,90
705,AREA # 94,TIERRA DEL FUEGO,"MR/DNO/H:1,3",299.52367233384854,59.9,315000.0,2.5,2,90
706,AREA # 94,TIERRA DEL FUEGO,"MR/DUC/H:1,3",299.52367233384854,59.9,300000.0,2.5,2,60
707,AREA # 94,TIERRA DEL FUEGO,MUR+ADO/H:1,1.6540958268933537,1.7,30000.0,1.0,1,75
708,AREA # 94,TIERRA DEL FUEGO,"MUR+ADO/H:1,2",3.3081916537867073,2.6,37500.0,1.25,1,75
709,AREA # 94,TIERRA DEL FUEGO,"MUR+STDRE/H:1,2",198.0779752704791,158.5,37500.0,1.25,1,75
710,AREA # 94,TIERRA DEL FUEGO,"MUR+STRUB/H:1,2",198.0779752704791,158.5,37500.0,1.25,1,75
711,AREA # 94,TIERRA DEL FUEGO,MUR/H:1,793.5524729520864,793.6,30000.0,1.0,1,75
712,AREA # 94,TIERRA DEL FUEGO,"MUR/H:1,3",5551.641823802163,3701.1,45000.0,1.5,1,75
713,AREA # 94,TIERRA DEL FUEGO,"S/LFM/H:1,3",1242.5567851622873,248.5,300000.0,2.5,2,60
714,AREA # 94,TIERRA DEL FUEGO,UNK,2611.9827202472948,2612.0,30000.0,1.0,1,75
715,AREA # 94,TIERRA DEL FUEGO,"W+WHE/H:1,3",3277.5908809891803,2185.1,94500.0,1.5,1,90
716,AREA # 94,TIERRA DEL FUEGO,W+WLI/H:1,5002.31659969088,5002.3,63000.0,1.0,1,90
717,AREA # 94,TIERRA DEL FUEGO,"W+WLI/H:1,3",2861.4203709428125,1907.6,94500.0,1.5,1,90
718,AREA # 94,TIERRA DEL FUEGO,W+WS/H:1,3038.9048531684693,3038.9,30000.0,1.0,1,75
719,AREA # 94,TIERRA DEL FUEGO,W+WWD/H:1,588.6927047913446,588.7,30000.0,1.0,1,75
