<?xml version="1.0" encoding="UTF-8"?>
<!--
Copyright (C) 2015 - Taiwan Earthquake Model

THE WORK IS PROTECTED BY COPYRIGHT AND/OR OTHER APPLICABLE LAW. INSOFAR
AS THIS WORK IS PROTECTED BY LAWS THAT NEIGHBOUR OR ARE SIMILARLY
RELATED TO COPYRIGHT, SUCH AS DATABASE RIGHTS AS INTRODUCED IN EUROPE BY
THE  DIRECTIVE 96/9/EC, YOU ALSO MAY USE THIS WORK UNDER THE TERMS OF CC
BY-SA 3.0 (unported).

ANY USE OF THE WORK OTHER THAN AS AUTHORIZED UNDER THIS LICENSE OR
DIRECTLY ALLOWED BY THE APPLICABLE LAW IS PROHIBITED.

If you alter, transform, or build upon this work, you may distribute the
resulting work only under the same or similar license to this one.

If you have any questions or if you wish to seek permission to use this
data beyond what is offered by CC BY-SA 3.0 (unported), please contact
representatives of the TEM Model, Prof. Kuo-Fong Ma at:
fong@earth.ncu.edu.tw

*** DISCLAIMER ***

This model is distributed in the hope that it will be useful,
but WITHOUT ANY WARRANTY; without even the implied warranty of
MERCHANTABILITY or FITNESS FOR A PARTICULAR PURPOSE.

This model is a PRELIMINARY model developed by the Taiwan Earthquake
Model working group which HAS NOT been approved by any national
governmental agency.

Additional information can be obtained at this link:
http://tec.earth.sinica.edu.tw/new_web/mission.php?id=8

-->
<nrml xmlns:gml="http://www.opengis.net/gml"
      xmlns="http://openquake.org/xmlns/nrml/0.4">
    <logicTree logicTreeID='lt1'>
        <logicTreeBranchingLevel branchingLevelID="bl1">
            <logicTreeBranchSet uncertaintyType="gmpeModel" branchSetID="bs1"
                    applyToTectonicRegionType="Active Shallow Crust">

                <logicTreeBranch branchID="b4">
                    <uncertaintyModel>Lin2009</uncertaintyModel>
                    <uncertaintyWeight>1.0</uncertaintyWeight>
                </logicTreeBranch>

            </logicTreeBranchSet>
        </logicTreeBranchingLevel>
        <logicTreeBranchingLevel branchingLevelID="bl2">
            <logicTreeBranchSet uncertaintyType="gmpeModel" branchSetID="bs2"
                    applyToTectonicRegionType="Interface subduction zone">

                <logicTreeBranch branchID="b2">
                    <uncertaintyModel>LinLee2008SInter</uncertaintyModel>
                    <uncertaintyWeight>1.0</uncertaintyWeight>
                </logicTreeBranch>

            </logicTreeBranchSet>
        </logicTreeBranchingLevel>
        <logicTreeBranchingLevel branchingLevelID="bl3">
            <logicTreeBranchSet uncertaintyType="gmpeModel" branchSetID="bs3"
                    applyToTectonicRegionType="Intraslab subduction zone">

                <logicTreeBranch branchID="b3">
                    <uncertaintyModel>LinLee2008SSlab</uncertaintyModel>
                    <uncertaintyWeight>1.0</uncertaintyWeight>
                </logicTreeBranch>

            </logicTreeBranchSet>
        </logicTreeBranchingLevel>
    </logicTree>
</nrml>

