<?xml version="1.0" encoding="UTF-8"?>
<!--
  OpenQuake-engine PSHA input model for the Lesser Antilles
  Version v1.0.0, 2015-01-21

  Copyright (C) 2015 GEM Foundation 
 
  THE WORK IS PROTECTED BY COPYRIGHT AND/OR OTHER APPLICABLE LAW. INSOFAR AS 
  THIS WORK IS PROTECTED BY LAWS THAT NEIGHBOUR OR ARE SIMILARLY RELATED TO
  COPYRIGHT, SUCH AS DATABASE RIGHTS AS INTRODUCED IN EUROPE BY THE  DIRECTIVE
  96/9/EC, YOU ALSO MAY USE THIS WORK UNDER THE TERMS OF CC BY-NC-SA 3.0
  (unported).

  ANY USE OF THE WORK OTHER THAN AS AUTHORIZED UNDER THIS LICENSE OR
  DIRECTLY ALLOWED BY THE APPLICABLE LAW IS PROHIBITED.

  If you have any questions or if you wish to seek permission to use this data
  beyond what is offered by CC BY-NC-SA 3.0 (unported), including use in
  commercial/for-profit contexts, please contact the GEM Foundation at
  licensing@globalquakemodel.org

  DISCLAIMER:
 
  The MODEL provided herein represents GEM's interpretation of the original
  model proposed by Martin et al. (2002)  (hereafter indicated as the ORIGINAL
  MODEL). It was created by GEM, in the attempt of reproducing in the most
  faithful way possible the ORIGINAL MODEL but IT IS NOT intended to be an
  alternative nor a replacement implementation of the ORIGINAL MODEL. 
 
  The MODEL is released as an OpenQuake-engine tailored implementation on
  behalf of scientists and engineers working within the GEM Foundation 
  (Global Earthquake Model).
 
  GEM provides it recognizing importance, authoritativeness and, transparency
  of the ORIGINAL MODEL, for the purpose of open collaboration and in the hope
  that it will be useful to the scientific, engineering, disaster risk and
  software design communities.
 
  The MODEL is therefore provided WITHOUT ANY WARRANTY; without even the
  implied warranty of MERCHANTABILITY or FITNESS FOR A PARTICULAR PURPOSE. 
  The GEM Foundation, and the authors of the MODEL, assume no liability for
  its use.
  
  For additional information, material and documentation about the ORIGINAL
  MODEL we warmly invite the user to consult the publications available on 
  the Plainsisme website:
 [http://www.planseisme.fr/2-1-1-Revision-du-zonage-sismique-actuel.html]

-->

<nrml xmlns:gml="http://www.opengis.net/gml" xmlns="http://openquake.org/xmlns/nrml/0.4">
  <sourceModel name="Source Model">
    <areaSource id="1" name="PARB" tectonicRegion="Active Shallow Crust">
      <areaGeometry>
        <gml:Polygon>
          <gml:exterior>
            <gml:LinearRing>
              <gml:posList>-58.978 16.859 -60.523 16.571 -60.54 16.658 -60.56 16.768 -60.6 16.889 -60.657 17.015 -60.706 17.138 -60.769 17.255 -60.812 17.369 -60.876 17.473 -60.908 17.525 -60.996 17.635 -61.077 17.722 -61.116 17.762 -61.145 17.792 -61.202 17.853 -61.247 17.918 -61.308 17.991 -61.419 18.093 -61.515 18.175 -61.564 18.315 -61.647 18.412 -61.772 18.532 -61.984 18.787 -62.097 18.862 -62.191 18.912 -62.496 19.028 -62.757 19.136 -62.904 19.215 -62.833 19.261 -62.781 19.294 -62.645 19.34 -62.641 19.342 -62.568 19.365 -62.466 19.349 -62.362 19.311 -62.208 19.261 -62.061 19.221 -61.732 19.115 -61.635 19.075 -61.524 19.018 -61.43 18.985 -61.216 18.884 -61.102 18.817 -60.948 18.731 -60.808 18.647 -60.691 18.558 -60.572 18.476 -60.384 18.303 -60.243 18.151 -60.096 17.988 -59.987 17.863 -59.851 17.695 -59.784 17.622 -59.67 17.53 -59.559 17.421 -59.437 17.322 -59.299 17.179 -59.212 17.102 -59.098 17.02 -59.042 16.941 -58.978 16.859</gml:posList>
            </gml:LinearRing>
          </gml:exterior>
        </gml:Polygon>
        <upperSeismoDepth>5.0</upperSeismoDepth>
        <lowerSeismoDepth>25.0</lowerSeismoDepth>
      </areaGeometry>
      <magScaleRel>WC1994</magScaleRel>
      <ruptAspectRatio>1.0</ruptAspectRatio>
      <truncGutenbergRichterMFD aValue="4.94" bValue="1.22" maxMag="6.5" minMag="5.0"/>
      <nodalPlaneDist>
        <nodalPlane dip="90.0" probability="1.0" rake="90.0" strike="0.0"/>
      </nodalPlaneDist>
      <hypoDepthDist>
        <hypoDepth depth="12.50" probability="1.0"/>
      </hypoDepthDist>
    </areaSource>
    <areaSource id="2" name="SMSB" tectonicRegion="Active Shallow Crust">
      <areaGeometry>
        <gml:Polygon>
          <gml:exterior>
            <gml:LinearRing>
              <gml:posList>-61.515 18.175 -62.312 17.312 -62.445 17.442 -62.85 17.737 -63.284 18.126 -63.136 18.136 -63.015 18.178 -62.925 18.239 -62.828 18.273 -62.67 18.301 -62.543 18.373 -62.454 18.471 -62.332 18.528 -62.184 18.576 -62.052 18.693 -61.984 18.787 -61.772 18.532 -61.647 18.412 -61.564 18.315 -61.515 18.175</gml:posList>
            </gml:LinearRing>
          </gml:exterior>
        </gml:Polygon>
        <upperSeismoDepth>5.0</upperSeismoDepth>
        <lowerSeismoDepth>20.0</lowerSeismoDepth>
      </areaGeometry>
      <magScaleRel>WC1994</magScaleRel>
      <ruptAspectRatio>1.0</ruptAspectRatio>
      <truncGutenbergRichterMFD aValue="4.11" bValue="1.07" maxMag="6.9" minMag="5.0"/>
      <nodalPlaneDist>
        <nodalPlane dip="90.0" probability="1.0" rake="-90.0" strike="45.0"/>
      </nodalPlaneDist>
      <hypoDepthDist>
        <hypoDepth depth="10.0" probability="1.0"/>
      </hypoDepthDist>
    </areaSource>
    <areaSource id="3" name="BAAM" tectonicRegion="Active Shallow Crust">
      <areaGeometry>
        <gml:Polygon>
          <gml:exterior>
            <gml:LinearRing>
              <gml:posList>-59.953 14.201 -59.964 14.084 -60.677 14.263 -60.675 14.354 -60.675 14.435 -60.675 14.499 -60.663 14.59 -60.658 14.649 -60.649 14.777 -60.641 14.841 -60.655 14.944 -60.708 15.055 -60.742 15.123 -60.789 15.217 -60.922 15.422 -61.03 15.592 -60.186 15.408 -60.166 15.369 -60.126 15.296 -60.089 15.192 -60.059 15.144 -60.032 15.062 -60.001 14.932 -59.975 14.824 -59.975 14.824 -59.975 14.689 -59.956 14.582 -59.955 14.464 -59.959 14.335 -59.953 14.201</gml:posList>
            </gml:LinearRing>
          </gml:exterior>
        </gml:Polygon>
        <upperSeismoDepth>5.0</upperSeismoDepth>
        <lowerSeismoDepth>20.0</lowerSeismoDepth>
      </areaGeometry>
      <magScaleRel>WC1994</magScaleRel>
      <ruptAspectRatio>1.0</ruptAspectRatio>
      <truncGutenbergRichterMFD aValue="4.19" bValue="1.1" maxMag="6.5" minMag="5.0"/>
      <nodalPlaneDist>
        <nodalPlane dip="90.0" probability="1.0" rake="-90.0" strike="45.0"/>
      </nodalPlaneDist>
      <hypoDepthDist>
        <hypoDepth depth="12.5" probability="1.0"/>
      </hypoDepthDist>
    </areaSource>
    <areaSource id="4" name="PARSL" tectonicRegion="Active Shallow Crust">
      <areaGeometry>
        <gml:Polygon>
          <gml:exterior>
            <gml:LinearRing>
              <gml:posList>-57.805 13.798 -57.825 13.547 -59.964 14.084 -59.953 14.201 -59.959 14.335 -59.955 14.464 -59.956 14.582 -59.976 14.689 -59.975 14.824 -59.975 14.824 -60.001 14.932 -60.032 15.062 -60.059 15.144 -60.089 15.192 -60.126 15.296 -60.166 15.369 -60.186 15.408 -57.993 14.929 -57.942 14.876 -57.885 14.84 -57.854 14.78 -57.816 14.679 -57.805 14.567 -57.806 14.453 -57.811 14.394 -57.819 14.299 -57.82 14.22 -57.82 14.129 -57.816 13.991 -57.806 13.892 -57.805 13.798</gml:posList>
            </gml:LinearRing>
          </gml:exterior>
        </gml:Polygon>
        <upperSeismoDepth>5.0</upperSeismoDepth>
        <lowerSeismoDepth>20.0</lowerSeismoDepth>
      </areaGeometry>
      <magScaleRel>WC1994</magScaleRel>
      <ruptAspectRatio>1.0</ruptAspectRatio>
      <truncGutenbergRichterMFD aValue="3.68" bValue="1.05" maxMag="6.3" minMag="5.0"/>
      <nodalPlaneDist>
        <nodalPlane dip="90.0" probability="1.0" rake="0.0" strike="0.0"/>
      </nodalPlaneDist>
      <hypoDepthDist>
        <hypoDepth depth="12.5" probability="1.0"/>
      </hypoDepthDist>
    </areaSource>
    <areaSource id="5" name="ASV" tectonicRegion="Active Shallow Crust">
      <areaGeometry>
        <gml:Polygon>
          <gml:exterior>
            <gml:LinearRing>
              <gml:posList>-60.677 14.263 -60.678 14.204 -60.686 14.123 -60.686 14.089 -60.7 14.05 -60.717 13.922 -60.78 13.7 -60.845 13.46 -60.917 13.263 -61.003 12.973 -61.052 12.819 -61.09 12.696 -61.162 12.499 -61.231 12.358 -61.282 12.264 -61.305 12.234 -61.364 12.146 -61.787 12.329 -61.722 12.401 -61.532 12.69 -61.453 12.834 -61.419 12.946 -61.435 13.097 -61.442 13.214 -61.401 13.333 -61.358 13.399 -61.265 13.503 -61.21 13.59 -61.174 13.661 -61.147 13.833 -61.134 13.97 -61.122 14.15 -61.137 14.324 -61.153 14.384 -60.677 14.263</gml:posList>
            </gml:LinearRing>
          </gml:exterior>
        </gml:Polygon>
        <upperSeismoDepth>5.0</upperSeismoDepth>
        <lowerSeismoDepth>15.0</lowerSeismoDepth>
      </areaGeometry>
      <magScaleRel>WC1994</magScaleRel>
      <ruptAspectRatio>1.0</ruptAspectRatio>
      <truncGutenbergRichterMFD aValue="3.1" bValue="1.08" maxMag="6.0" minMag="5.0"/>
      <nodalPlaneDist>
        <nodalPlane dip="90.0" probability="1.0" rake="90.0" strike="22.5"/>
      </nodalPlaneDist>
      <hypoDepthDist>
        <hypoDepth depth="10.0" probability="1.0"/>
      </hypoDepthDist>
    </areaSource>
    <areaSource id="6" name="BAAT" tectonicRegion="Active Shallow Crust">
      <areaGeometry>
        <gml:Polygon>
          <gml:exterior>
            <gml:LinearRing>
              <gml:posList>-60.448 11.8 -60.472 11.763 -61.364 12.146 -61.305 12.234 -61.282 12.264 -61.231 12.358 -61.162 12.499 -61.09 12.696 -61.052 12.819 -61.003 12.973 -60.917 13.263 -60.845 13.46 -60.78 13.7 -60.717 13.922 -60.7 14.05 -60.686 14.089 -60.686 14.123 -60.678 14.204 -60.677 14.263 -59.964 14.084 -59.992 14.034 -60.019 13.943 -60.059 13.804 -60.082 13.712 -60.082 13.602 -60.082 13.602 -60.045 13.462 -60.025 13.314 -60.035 13.237 -60.052 13.11 -60.073 12.998 -60.089 12.933 -60.112 12.855 -60.133 12.746 -60.152 12.648 -60.184 12.539 -60.226 12.366 -60.249 12.289 -60.261 12.219 -60.288 12.123 -60.316 12.028 -60.349 11.969 -60.372 11.916 -60.406 11.855 -60.448 11.8</gml:posList>
            </gml:LinearRing>
          </gml:exterior>
        </gml:Polygon>
        <upperSeismoDepth>5.0</upperSeismoDepth>
        <lowerSeismoDepth>20.0</lowerSeismoDepth>
      </areaGeometry>
      <magScaleRel>WC1994</magScaleRel>
      <ruptAspectRatio>1.0</ruptAspectRatio>
      <truncGutenbergRichterMFD aValue="4.56" bValue="1.29" maxMag="6.3" minMag="5.0"/>
      <nodalPlaneDist>
        <nodalPlane dip="90.0" probability="1.0" rake="90.0" strike="22.5"/>
      </nodalPlaneDist>
      <hypoDepthDist>
        <hypoDepth depth="12.5" probability="1.0"/>
      </hypoDepthDist>
    </areaSource>
    <areaSource id="7" name="PAB" tectonicRegion="Active Shallow Crust">
      <areaGeometry>
        <gml:Polygon>
          <gml:exterior>
            <gml:LinearRing>
              <gml:posList>-57.76 10.794 -57.877 10.625 -58.492 10.897 -59.871 11.507 -60.044 11.58 -60.472 11.763 -60.448 11.8 -60.406 11.855 -60.372 11.916 -60.349 11.969 -60.316 12.028 -60.288 12.123 -60.261 12.219 -60.249 12.289 -60.226 12.366 -60.184 12.539 -60.152 12.648 -60.133 12.746 -60.112 12.855 -60.089 12.933 -60.073 12.998 -60.052 13.11 -60.035 13.237 -60.025 13.314 -60.045 13.462 -60.082 13.602 -60.082 13.602 -60.082 13.712 -60.059 13.804 -60.019 13.943 -59.992 14.034 -59.964 14.084 -57.825 13.547 -57.714 13.518 -57.703 13.469 -57.694 13.414 -57.635 13.201 -57.605 13.082 -57.595 12.964 -57.575 12.836 -57.561 12.702 -57.56 12.603 -57.554 12.492 -57.541 12.371 -57.538 12.243 -57.529 12.133 -57.524 11.985 -57.537 11.848 -57.537 11.654 -57.54 11.578 -57.595 11.235 -57.679 10.954 -57.76 10.794</gml:posList>
            </gml:LinearRing>
          </gml:exterior>
        </gml:Polygon>
        <upperSeismoDepth>5.0</upperSeismoDepth>
        <lowerSeismoDepth>20.0</lowerSeismoDepth>
      </areaGeometry>
      <magScaleRel>WC1994</magScaleRel>
      <ruptAspectRatio>1.0</ruptAspectRatio>
      <truncGutenbergRichterMFD aValue="3.93" bValue="1.04" maxMag="6.8" minMag="5.0"/>
      <nodalPlaneDist>
        <nodalPlane dip="90.0" probability="0.5" rake="90.0" strike="45.0"/>
        <nodalPlane dip="90.0" probability="0.5" rake="90.0" strike="135.0"/>
      </nodalPlaneDist>
      <hypoDepthDist>
        <hypoDepth depth="12.5" probability="1.0"/>
      </hypoDepthDist>
    </areaSource>
    <areaSource id="8" name="BAA" tectonicRegion="Active Shallow Crust">
      <areaGeometry>
        <gml:Polygon>
          <gml:exterior>
            <gml:LinearRing>
              <gml:posList>-60.908 17.525 -61.795 16.884 -62.084 17.099 -62.183 17.191 -62.312 17.312 -61.515 18.175 -61.419 18.093 -61.308 17.991 -61.247 17.918 -61.202 17.853 -61.145 17.792 -61.116 17.762 -61.077 17.722 -60.996 17.635 -60.908 17.525</gml:posList>
            </gml:LinearRing>
          </gml:exterior>
        </gml:Polygon>
        <upperSeismoDepth>5.0</upperSeismoDepth>
        <lowerSeismoDepth>20.0</lowerSeismoDepth>
      </areaGeometry>
      <magScaleRel>WC1994</magScaleRel>
      <ruptAspectRatio>1.0</ruptAspectRatio>
      <truncGutenbergRichterMFD aValue="4.27" bValue="1.04" maxMag="6.9" minMag="5.0"/>
      <nodalPlaneDist>
        <nodalPlane dip="90.0" probability="1.0" rake="-90.0" strike="45.0"/>
      </nodalPlaneDist>
      <hypoDepthDist>
        <hypoDepth depth="12.5" probability="1.0"/>
      </hypoDepthDist>
    </areaSource>
    <areaSource id="9" name="MD" tectonicRegion="Active Shallow Crust">
      <areaGeometry>
        <gml:Polygon>
          <gml:exterior>
            <gml:LinearRing>
              <gml:posList>-60.675 14.354 -60.677 14.263 -61.153 14.384 -61.19 14.527 -61.27 14.731 -61.305 14.791 -61.401 14.974 -61.51 15.211 -61.598 15.381 -61.639 15.476 -61.678 15.578 -61.743 15.709 -61.599 15.682 -61.345 15.633 -61.216 15.619 -61.103 15.6 -61.03 15.592 -60.922 15.423 -60.789 15.217 -60.742 15.123 -60.708 15.055 -60.655 14.944 -60.641 14.841 -60.649 14.777 -60.658 14.649 -60.663 14.59 -60.675 14.499 -60.675 14.435 -60.675 14.354</gml:posList>
            </gml:LinearRing>
          </gml:exterior>
        </gml:Polygon>
        <upperSeismoDepth>5.0</upperSeismoDepth>
        <lowerSeismoDepth>15.0</lowerSeismoDepth>
      </areaGeometry>
      <magScaleRel>WC1994</magScaleRel>
      <ruptAspectRatio>1.0</ruptAspectRatio>
      <truncGutenbergRichterMFD aValue="3.06" bValue="1.02" maxMag="6.0" minMag="5.0"/>
      <nodalPlaneDist>
        <nodalPlane dip="90.0" probability="0.5" rake="-90.0" strike="45.0"/>
        <nodalPlane dip="90.0" probability="0.5" rake="-90.0" strike="135.0"/>
      </nodalPlaneDist>
      <hypoDepthDist>
        <hypoDepth depth="10.0" probability="1.0"/>
      </hypoDepthDist>
    </areaSource>
    <areaSource id="10" name="DESR" tectonicRegion="Active Shallow Crust">
      <areaGeometry>
        <gml:Polygon>
          <gml:exterior>
            <gml:LinearRing>
              <gml:posList>-60.523 16.5711 -61.202 16.2881 -61.288 16.3701 -61.407 16.4891 -61.565 16.5591 -61.636 16.6381 -61.726 16.7641 -61.795 16.8841 -60.908 17.5251 -60.876 17.4731 -60.812 17.3691 -60.769 17.2551 -60.706 17.1381 -60.657 17.0151 -60.6 16.8891 -60.56 16.7681 -60.54 16.6581 -60.523 16.5711</gml:posList>
            </gml:LinearRing>
          </gml:exterior>
        </gml:Polygon>
        <upperSeismoDepth>5.0</upperSeismoDepth>
        <lowerSeismoDepth>20.0</lowerSeismoDepth>
      </areaGeometry>
      <magScaleRel>WC1994</magScaleRel>
      <ruptAspectRatio>1.0</ruptAspectRatio>
      <truncGutenbergRichterMFD aValue="4.22" bValue="1.05" maxMag="6.9" minMag="5.0"/>
      <nodalPlaneDist>
        <nodalPlane dip="90.0" probability="1.0" rake="-90.0" strike="45.0"/>
      </nodalPlaneDist>
      <hypoDepthDist>
        <hypoDepth depth="12.5" probability="1.0"/>
      </hypoDepthDist>
    </areaSource>
    <areaSource id="11" name="GRIP" tectonicRegion="Active Shallow Crust">
      <areaGeometry>
        <gml:Polygon>
          <gml:exterior>
            <gml:LinearRing>
              <gml:posList>-61.202 16.2881 -61.565 16.2271 -61.759 16.3661 -61.998 16.7001 -62.101 16.9171 -61.795 16.8841 -61.726 16.7641 -61.636 16.6381 -61.565 16.5591 -61.407 16.4891 -61.202 16.2881</gml:posList>
            </gml:LinearRing>
          </gml:exterior>
        </gml:Polygon>
        <upperSeismoDepth>5.0</upperSeismoDepth>
        <lowerSeismoDepth>15.0</lowerSeismoDepth>
      </areaGeometry>
      <magScaleRel>WC1994</magScaleRel>
      <ruptAspectRatio>1.0</ruptAspectRatio>
      <truncGutenbergRichterMFD aValue="4.24" bValue="1.18" maxMag="6.5" minMag="5.0"/>
      <nodalPlaneDist>
        <nodalPlane dip="90.0" probability="1.0" rake="-90.0" strike="45.0"/>
      </nodalPlaneDist>
      <hypoDepthDist>
        <hypoDepth depth="10.0" probability="1.0"/>
      </hypoDepthDist>
    </areaSource>
    <areaSource id="12" name="MBT" tectonicRegion="Active Shallow Crust">
      <areaGeometry>
        <gml:Polygon>
          <gml:exterior>
            <gml:LinearRing>
              <gml:posList>-62.101 16.9171 -61.998 16.7001 -61.759 16.3661 -61.565 16.2271 -61.542 16.1591 -61.538 16.0841 -61.544 16.0231 -61.544 15.9741 -61.393 15.7611 -61.345 15.6331 -61.599 15.6821 -61.743 15.7091 -61.878 15.9891 -61.981 16.1531 -62.086 16.2941 -62.121 16.3331 -62.158 16.3851 -62.478 16.7521 -62.636 16.9281 -62.687 16.9961 -62.197 17.0291 -62.101 16.9171</gml:posList>
            </gml:LinearRing>
          </gml:exterior>
        </gml:Polygon>
        <upperSeismoDepth>5.0</upperSeismoDepth>
        <lowerSeismoDepth>20.0</lowerSeismoDepth>
      </areaGeometry>
      <magScaleRel>WC1994</magScaleRel>
      <ruptAspectRatio>1.0</ruptAspectRatio>
      <truncGutenbergRichterMFD aValue="4.49" bValue="1.18" maxMag="6.7" minMag="5.0"/>
      <nodalPlaneDist>
        <nodalPlane dip="90.0" probability="1.0" rake="0.0" strike="22.5"/>
      </nodalPlaneDist>
      <hypoDepthDist>
        <hypoDepth depth="12.5" probability="1.0"/>
      </hypoDepthDist>
    </areaSource>
    <areaSource id="13" name="PAN" tectonicRegion="Active Shallow Crust">
      <areaGeometry>
        <gml:Polygon>
          <gml:exterior>
            <gml:LinearRing>
              <gml:posList>-62.904 19.2151 -62.757 19.1361 -62.501 19.0301 -62.496 19.0281 -62.191 18.9121 -62.097 18.8621 -61.984 18.7871 -62.052 18.6931 -62.184 18.5761 -62.332 18.5281 -62.454 18.4711 -62.543 18.3731 -62.67 18.3011 -62.828 18.2731 -62.925 18.2391 -63.015 18.1781 -63.136 18.1361 -63.284 18.1261 -63.407 18.1391 -63.632 18.1391 -63.786 18.0701 -63.923 17.9901 -64.105 17.8771 -64.26 17.7981 -64.445 17.6651 -64.756 17.5241 -65.24 17.3601 -66.378 17.3431 -66.145 17.8631 -66.129 17.8681 -65.609 18.1231 -65.244 18.2161 -64.881 18.2281 -64.6 18.2601 -64.362 18.4161 -64.136 18.6651 -63.963 18.8501 -63.64 18.9881 -63.307 19.1281 -63.152 19.2331 -62.988 19.2331 -62.904 19.2151</gml:posList>
            </gml:LinearRing>
          </gml:exterior>
        </gml:Polygon>
        <upperSeismoDepth>5.0</upperSeismoDepth>
        <lowerSeismoDepth>20.0</lowerSeismoDepth>
      </areaGeometry>
      <magScaleRel>WC1994</magScaleRel>
      <ruptAspectRatio>1.0</ruptAspectRatio>
      <truncGutenbergRichterMFD aValue="4.62" bValue="1.17" maxMag="6.5" minMag="5.0"/>
      <nodalPlaneDist>
        <nodalPlane dip="90.0" probability="1.0" rake="-90.0" strike="45.0"/>
      </nodalPlaneDist>
      <hypoDepthDist>
        <hypoDepth depth="12.5" probability="1.0"/>
      </hypoDepthDist>
    </areaSource>
    <areaSource id="14" name="FPR" tectonicRegion="Active Shallow Crust">
      <areaGeometry>
        <gml:Polygon>
          <gml:exterior>
            <gml:LinearRing>
              <gml:posList>-62.568 19.3651 -62.641 19.3421 -62.645 19.3401 -62.781 19.2941 -62.782 19.2941 -62.833 19.2611 -62.904 19.2151 -62.988 19.2331 -63.152 19.2331 -63.307 19.1281 -63.64 18.9881 -63.963 18.8501 -64.136 18.6651 -64.362 18.4161 -64.6 18.2601 -64.881 18.2281 -65.244 18.2161 -65.609 18.1231 -66.129 17.8681 -66.108 19.7591 -65.503 19.8351 -64.591 19.8181 -64.135 19.7811 -63.319 19.6761 -62.956 19.6161 -62.568 19.3651</gml:posList>
            </gml:LinearRing>
          </gml:exterior>
        </gml:Polygon>
        <upperSeismoDepth>5.0</upperSeismoDepth>
        <lowerSeismoDepth>20.0</lowerSeismoDepth>
      </areaGeometry>
      <magScaleRel>WC1994</magScaleRel>
      <ruptAspectRatio>1.0</ruptAspectRatio>
      <truncGutenbergRichterMFD aValue="5.49" bValue="1.25" maxMag="6.9" minMag="5.0"/>
      <nodalPlaneDist>
        <nodalPlane dip="90.0" probability="0.5" rake="0.0" strike="90.0"/>
        <nodalPlane dip="90.0" probability="0.5" rake="90.0" strike="0.0"/>
      </nodalPlaneDist>
      <hypoDepthDist>
        <hypoDepth depth="12.5" probability="1.0"/>
      </hypoDepthDist>
    </areaSource>
    <areaSource id="15" name="NVEZ" tectonicRegion="Active Shallow Crust">
      <areaGeometry>
        <gml:Polygon>
          <gml:exterior>
            <gml:LinearRing>
              <gml:posList>-59.871 11.5071 -60.74 10.9631 -61.151 11.0191 -61.947 10.9451 -62.659 10.9641 -63.406 10.9731 -63.51 11.3111 -62.908 11.6511 -62.077 11.9971 -61.787 12.3291 -61.364 12.1461 -60.472 11.7631 -59.871 11.5071</gml:posList>
            </gml:LinearRing>
          </gml:exterior>
        </gml:Polygon>
        <upperSeismoDepth>5.0</upperSeismoDepth>
        <lowerSeismoDepth>20.0</lowerSeismoDepth>
      </areaGeometry>
      <magScaleRel>WC1994</magScaleRel>
      <ruptAspectRatio>1.0</ruptAspectRatio>
      <truncGutenbergRichterMFD aValue="4.57" bValue="1.14" maxMag="6.3" minMag="5.0"/>
      <nodalPlaneDist>
        <nodalPlane dip="90.0" probability="0.5" rake="180.0" strike="90.0"/>
        <nodalPlane dip="90.0" probability="0.5" rake="90.0" strike="0.0"/>
      </nodalPlaneDist>
      <hypoDepthDist>
        <hypoDepth depth="12.5" probability="1.0"/>
      </hypoDepthDist>
    </areaSource>
    <areaSource id="16" name="PILAR" tectonicRegion="Active Shallow Crust">
      <areaGeometry>
        <gml:Polygon>
          <gml:exterior>
            <gml:LinearRing>
              <gml:posList>-63.406 10.9731 -62.659 10.9641 -61.947 10.9451 -61.151 11.0191 -60.74 10.9631 -60.812 10.5131 -60.933 10.2481 -61.564 10.2041 -62.152 10.1751 -62.853 10.2661 -63.426 10.3101 -64.847 10.4011 -66.093 10.5901 -66.088 11.1071 -65.475 11.1001 -64.562 11.0241 -63.406 10.9731</gml:posList>
            </gml:LinearRing>
          </gml:exterior>
        </gml:Polygon>
        <upperSeismoDepth>5.0</upperSeismoDepth>
        <lowerSeismoDepth>20.0</lowerSeismoDepth>
      </areaGeometry>
      <magScaleRel>WC1994</magScaleRel>
      <ruptAspectRatio>1.0</ruptAspectRatio>
      <truncGutenbergRichterMFD aValue="4.12" bValue="0.91" maxMag="7.7" minMag="5.0"/>
      <nodalPlaneDist>
        <nodalPlane dip="90.0" probability="1.0" rake="180.0" strike="90.0"/>
      </nodalPlaneDist>
      <hypoDepthDist>
        <hypoDepth depth="12.5" probability="1.0"/>
      </hypoDepthDist>
    </areaSource>
    <areaSource id="17" name="MEV" tectonicRegion="Active Shallow Crust">
      <areaGeometry>
        <gml:Polygon>
          <gml:exterior>
            <gml:LinearRing>
              <gml:posList>-58.492 10.8971 -59.295 10.0391 -60.932 10.0781 -60.933 10.2481 -60.812 10.5131 -60.74 10.9631 -59.871 11.5071 -58.492 10.8971</gml:posList>
            </gml:LinearRing>
          </gml:exterior>
        </gml:Polygon>
        <upperSeismoDepth>5.0</upperSeismoDepth>
        <lowerSeismoDepth>20.0</lowerSeismoDepth>
      </areaGeometry>
      <magScaleRel>WC1994</magScaleRel>
      <ruptAspectRatio>1.0</ruptAspectRatio>
      <truncGutenbergRichterMFD aValue="3.19" bValue="0.87" maxMag="6.35" minMag="5.0"/>
      <nodalPlaneDist>
        <nodalPlane dip="90.0" probability="0.5" rake="180.0" strike="90.0"/>
        <nodalPlane dip="90.0" probability="0.5" rake="90.0" strike="0.0"/>
      </nodalPlaneDist>
      <hypoDepthDist>
        <hypoDepth depth="12.5" probability="1.0"/>
      </hypoDepthDist>
    </areaSource>
    <areaSource id="18" name="PARTB" tectonicRegion="Active Shallow Crust">
      <areaGeometry>
        <gml:Polygon>
          <gml:exterior>
            <gml:LinearRing>
              <gml:posList>-57.993 14.9291 -60.186 15.4081 -60.221 15.4601 -60.243 15.4941 -60.26 15.5211 -60.283 15.5661 -60.289 15.5731 -60.332 15.6341 -60.366 15.7221 -60.4 15.8351 -60.42 15.9221 -60.424 15.9831 -60.44 16.0221 -60.45 16.1011 -60.455 16.1801 -60.47 16.2881 -60.491 16.4061 -60.523 16.5711 -58.978 16.8591 -58.912 16.7641 -58.889 16.6531 -58.872 16.5651 -58.855 16.4341 -58.84 16.3061 -58.837 16.2441 -58.83 16.1501 -58.817 16.0681 -58.8 15.9721 -58.79 15.8871 -58.773 15.7951 -58.743 15.7001 -58.71 15.5911 -58.68 15.5061 -58.644 15.4301 -58.624 15.3641 -58.606 15.3181 -58.556 15.2591 -58.485 15.1901 -58.41 15.1471 -58.288 15.0891 -58.173 15.0341 -58.102 14.9961 -57.993 14.9291</gml:posList>
            </gml:LinearRing>
          </gml:exterior>
        </gml:Polygon>
        <upperSeismoDepth>5.0</upperSeismoDepth>
        <lowerSeismoDepth>20.0</lowerSeismoDepth>
      </areaGeometry>
      <magScaleRel>WC1994</magScaleRel>
      <ruptAspectRatio>1.0</ruptAspectRatio>
      <truncGutenbergRichterMFD aValue="3.05" bValue="0.87" maxMag="7.2" minMag="5.0"/>
      <nodalPlaneDist>
        <nodalPlane dip="90.0" probability="0.5" rake="180.0" strike="90.0"/>
        <nodalPlane dip="90.0" probability="0.5" rake="90.0" strike="0.0"/>
      </nodalPlaneDist>
      <hypoDepthDist>
        <hypoDepth depth="12.5" probability="1.0"/>
      </hypoDepthDist>
    </areaSource>
    <areaSource id="19" name="MG" tectonicRegion="Active Shallow Crust">
      <areaGeometry>
        <gml:Polygon>
          <gml:exterior>
            <gml:LinearRing>
              <gml:posList>-60.366 15.7221 -60.332 15.6341 -60.289 15.5731 -60.283 15.5661 -60.26 15.5211 -60.243 15.4941 -60.221 15.4601 -60.186 15.4081 -61.03 15.5921 -61.103 15.6001 -61.216 15.6191 -61.345 15.6331 -61.393 15.7611 -61.544 15.9741 -61.544 16.0231 -61.538 16.0841 -61.542 16.1591 -61.565 16.2271 -61.202 16.2881 -60.523 16.5711 -60.491 16.4061 -60.47 16.2881 -60.455 16.1801 -60.45 16.1011 -60.44 16.0221 -60.424 15.9831 -60.42 15.9221 -60.4 15.8351 -60.366 15.7221</gml:posList>
            </gml:LinearRing>
          </gml:exterior>
        </gml:Polygon>
        <upperSeismoDepth>5.0</upperSeismoDepth>
        <lowerSeismoDepth>20.0</lowerSeismoDepth>
      </areaGeometry>
      <magScaleRel>WC1994</magScaleRel>
      <ruptAspectRatio>1.0</ruptAspectRatio>
      <truncGutenbergRichterMFD aValue="4.07" bValue="1.09" maxMag="6.9" minMag="5.0"/>
      <nodalPlaneDist>
        <nodalPlane dip="90.0" probability="1.0" rake="-90.0" strike="0.0"/>
      </nodalPlaneDist>
      <hypoDepthDist>
        <hypoDepth depth="12.5" probability="1.0"/>
      </hypoDepthDist>
    </areaSource>
    <areaSource id="20" name="KAL" tectonicRegion="Active Shallow Crust">
      <areaGeometry>
        <gml:Polygon>
          <gml:exterior>
            <gml:LinearRing>
              <gml:posList>-63.284 18.1262 -62.85 17.7372 -62.445 17.4422 -62.312 17.3122 -62.183 17.1912 -62.084 17.0992 -61.795 16.8842 -62.101 16.9172 -62.197 17.0292 -62.28 17.1062 -62.745 17.4302 -63.004 17.6032 -63.415 17.9142 -63.786 18.0702 -63.632 18.1392 -63.407 18.1392 -63.284 18.1262</gml:posList>
            </gml:LinearRing>
          </gml:exterior>
        </gml:Polygon>
        <upperSeismoDepth>5.0</upperSeismoDepth>
        <lowerSeismoDepth>20.0</lowerSeismoDepth>
      </areaGeometry>
      <magScaleRel>WC1994</magScaleRel>
      <ruptAspectRatio>1.0</ruptAspectRatio>
      <truncGutenbergRichterMFD aValue="4.24" bValue="1.18" maxMag="6.5" minMag="5.0"/>
      <nodalPlaneDist>
        <nodalPlane dip="90.0" probability="0.5" rake="0.0" strike="90.0"/>
        <nodalPlane dip="90.0" probability="0.5" rake="-90.0" strike="0.0"/>
      </nodalPlaneDist>
      <hypoDepthDist>
        <hypoDepth depth="12.5" probability="1.0"/>
      </hypoDepthDist>
    </areaSource>
    <areaSource id="21" name="SKN" tectonicRegion="Active Shallow Crust">
      <areaGeometry>
        <gml:Polygon>
          <gml:exterior>
            <gml:LinearRing>
              <gml:posList>-63.004 17.6032 -62.745 17.4302 -62.28 17.1062 -62.197 17.0292 -62.687 16.9962 -62.804 17.1082 -63.169 17.4572 -63.413 17.5912 -63.915 17.8012 -64.105 17.8772 -63.923 17.9902 -63.786 18.0702 -63.415 17.9142 -63.004 17.6032</gml:posList>
            </gml:LinearRing>
          </gml:exterior>
        </gml:Polygon>
        <upperSeismoDepth>5.0</upperSeismoDepth>
        <lowerSeismoDepth>20.0</lowerSeismoDepth>
      </areaGeometry>
      <magScaleRel>WC1994</magScaleRel>
      <ruptAspectRatio>1.0</ruptAspectRatio>
      <truncGutenbergRichterMFD aValue="3.54" bValue="1.18" maxMag="6.5" minMag="5.0"/>
      <nodalPlaneDist>
        <nodalPlane dip="90.0" probability="0.5" rake="0.0" strike="45.0"/>
        <nodalPlane dip="90.0" probability="0.5" rake="-90.0" strike="45.0"/>
      </nodalPlaneDist>
      <hypoDepthDist>
        <hypoDepth depth="12.5" probability="1.0"/>
      </hypoDepthDist>
    </areaSource>
    <complexFaultSource id="22" name="ANA1" tectonicRegion="Subduction IntraSlab">
      <complexFaultGeometry>
        <faultTopEdge>
          <gml:LineString>
            <gml:posList>-64.86 18.83 60.0 -64.0 18.5 60.0</gml:posList>
          </gml:LineString>
        </faultTopEdge>
        <faultBottomEdge>
          <gml:LineString>
            <gml:posList>-65.545 18.063 160.0 -64.69 18.0 160.0 </gml:posList>
          </gml:LineString>
        </faultBottomEdge>
      </complexFaultGeometry>
      <magScaleRel>WC1994</magScaleRel>
      <ruptAspectRatio>1.0</ruptAspectRatio>
      <truncGutenbergRichterMFD aValue="3.22" bValue="0.86" maxMag="8.0" minMag="4.0"/>
      <rake>90.0</rake>
    </complexFaultSource>
    <complexFaultSource id="23" name="ANA2" tectonicRegion="Subduction Interface">
      <complexFaultGeometry>
        <faultTopEdge>
          <gml:LineString>
            <gml:posList>-64.197 19.57 30.0 -62.875 19.197 30.0</gml:posList>
          </gml:LineString>
        </faultTopEdge>
        <faultBottomEdge>
          <gml:LineString>
            <gml:posList>-64.86 18.83 60.0 -64.0 18.5 60.0</gml:posList>
          </gml:LineString>
        </faultBottomEdge>
      </complexFaultGeometry>
      <magScaleRel>WC1994</magScaleRel>
      <ruptAspectRatio>1.0</ruptAspectRatio>
      <truncGutenbergRichterMFD aValue="4.15" bValue="0.98" maxMag="6.65" minMag="4.0"/>
      <rake>90.0</rake>
    </complexFaultSource>
    <complexFaultSource id="24" name="GRE1" tectonicRegion="Subduction IntraSlab">
      <complexFaultGeometry>
        <faultTopEdge>
          <gml:LineString>
            <gml:posList>
            -61.773 12.343 160.0
            -61.773 12.343 160.0
            -61.791 12.316 160.0
            -61.851 12.239 160.0
            -62.108 11.980 160.0
            -62.266 11.866 160.0
            -62.391 11.781 160.0
            -62.586 11.702 160.0
            </gml:posList>
          </gml:LineString>
        </faultTopEdge>
        <faultBottomEdge>
          <gml:LineString>
            <gml:posList>
            -62.145 12.500 200.0
            -62.208 12.374 200.0
            -62.263 12.274 200.0
            -62.587 11.702 161.0
            </gml:posList>
          </gml:LineString>
        </faultBottomEdge>
      </complexFaultGeometry>
      <magScaleRel>WC1994</magScaleRel>
      <ruptAspectRatio>1.0</ruptAspectRatio>
      <truncGutenbergRichterMFD aValue="2.5" bValue="0.89" maxMag="4.6" minMag="4.0"/>
      <rake>90.0</rake>
    </complexFaultSource>
    <complexFaultSource id="25" name="GRE2" tectonicRegion="Subduction IntraSlab">
      <complexFaultGeometry>
        <faultTopEdge>
          <gml:LineString>
            <gml:posList>-61.358 12.169 60.0  -61.620 11.862 60.0 -61.954 11.468 60.0 </gml:posList>
          </gml:LineString>
        </faultTopEdge>
        <faultBottomEdge>
          <gml:LineString>
            <gml:posList>
            -61.773 12.343 160.0
            -61.791 12.316 160.0 
            -61.851 12.239 160.0 
            -62.108 11.98 160.0 
            -62.199 11.914 160.0 
            -62.266 11.866 160.0 
            -62.391 11.781 160.0 
            -62.586 11.702 160.0 
            </gml:posList>
          </gml:LineString>
        </faultBottomEdge>
      </complexFaultGeometry>
      <magScaleRel>WC1994</magScaleRel>
      <ruptAspectRatio>1.0</ruptAspectRatio>
      <truncGutenbergRichterMFD aValue="2.7" bValue="0.8" maxMag="7.35" minMag="4.0"/>
      <rake>90.0</rake>
    </complexFaultSource>
    <complexFaultSource id="26" name="GRE3" tectonicRegion="Subduction Interface">
      <complexFaultGeometry>
        <faultTopEdge>
          <gml:LineString>
            <gml:posList>-60.026 11.607 30.0 -60.552 10.937 30.0</gml:posList>
          </gml:LineString>
        </faultTopEdge>
        <faultBottomEdge>
          <gml:LineString>
            <gml:posList>-61.358 12.169 60.0 -61.954 11.468 60.0 </gml:posList>
          </gml:LineString>
        </faultBottomEdge>
      </complexFaultGeometry>
      <magScaleRel>WC1994</magScaleRel>
      <ruptAspectRatio>1.0</ruptAspectRatio>
      <truncGutenbergRichterMFD aValue="2.83" bValue="0.81" maxMag="7.05" minMag="4.0"/>
      <rake>90.0</rake>
    </complexFaultSource>
    <complexFaultSource id="27" name="GUA1" tectonicRegion="Subduction IntraSlab">
      <complexFaultGeometry>
        <faultTopEdge>
          <gml:LineString>
            <gml:posList>
            -62.124 16.541 160.00
            -62.032 16.459 160.00
            -61.850 16.296 160.00
            -61.618 15.913 160.00
            -61.545 15.695 160.00
            </gml:posList>
          </gml:LineString>
        </faultTopEdge>
        <faultBottomEdge>
          <gml:LineString>
            <gml:posList>
            -62.605 16.165 200.00
            -62.479 16.052 200.00
            -62.387 15.973 200.00
            -62.310 15.891 200.00
            -62.262 15.844 200.00
            </gml:posList>
          </gml:LineString>
        </faultBottomEdge>
      </complexFaultGeometry>
      <magScaleRel>WC1994</magScaleRel>
      <ruptAspectRatio>1.0</ruptAspectRatio>
      <truncGutenbergRichterMFD aValue="2.86" bValue="0.89" maxMag="5.20" minMag="4.0"/>
      <rake>90.0</rake>
    </complexFaultSource>
    <complexFaultSource id="28" name="GUA2" tectonicRegion="Subduction IntraSlab">
      <complexFaultGeometry>
        <faultTopEdge>
          <gml:LineString>
            <gml:posList>
            -61.671 16.887 60.0 
            -61.631 16.799 60.0
            -61.492 16.517 60.0 
            -61.291 16.14 60.0  
            -61.159 15.849 60.0 
            -61.055 15.646 60.0 
            -61.016 15.576 60.0 
            </gml:posList>
          </gml:LineString>
        </faultTopEdge>
        <faultBottomEdge>
          <gml:LineString>
            <gml:posList>
            -62.124 16.541 160.0
            -61.850 16.296 160.0 
            -61.618 15.913 160.0 
            -61.545 15.695 160.0 
            </gml:posList>
          </gml:LineString>
        </faultBottomEdge>
      </complexFaultGeometry>
      <magScaleRel>WC1994</magScaleRel>
      <ruptAspectRatio>1.0</ruptAspectRatio>
      <truncGutenbergRichterMFD aValue="4.01" bValue="1.1" maxMag="7.25" minMag="4.0"/>
      <rake>90.0</rake>
    </complexFaultSource>
    <complexFaultSource id="29" name="GUA3" tectonicRegion="Subduction Interface">
      <complexFaultGeometry>
        <faultTopEdge>
          <gml:LineString>
            <gml:posList>
            -60.865 17.509 30.0
            -60.771 17.401 30.0
            -60.708 17.336 30.0 
            -60.651 17.262 30.0 
            -60.583 17.166 30.0 
            -60.510 17.037 30.0 
            -60.433 16.889 30.0 
            -60.36 16.785 30.0 
            -60.312 16.685 30.0 
            -60.254 16.607 30.0 
            -60.234 16.559 30.0 
            -60.191 16.459 30.0 
            -60.063 16.138 30.0 
            -60.014 15.964 30.0 
            -59.991 15.908 30.0 
            -59.952 15.829 30.0 
            -59.927 15.725 30.0 
            -59.864 15.565 30.0 
            -59.575 15.366 30.0 
            -59.532 15.257 30.0 
            </gml:posList>
          </gml:LineString>
        </faultTopEdge>
        <faultBottomEdge>
          <gml:LineString>
            <gml:posList>
            -61.671 16.887 60.0
            -61.631 16.799 60.0 
            -61.492 16.517 60.0 
            -61.291 16.14 60.0 
            -61.159 15.849 60.0 
            -61.055 15.646 60.0 
            -61.016 15.576 60.0 
            </gml:posList>
          </gml:LineString>
        </faultBottomEdge>
      </complexFaultGeometry>
      <magScaleRel>WC1994</magScaleRel>
      <ruptAspectRatio>1.0</ruptAspectRatio>
      <truncGutenbergRichterMFD aValue="3.49" bValue="0.83" maxMag="8.0" minMag="4.0"/>
      <rake>90.0</rake>
    </complexFaultSource>
    <complexFaultSource id="30" name="MAR1" tectonicRegion="Subduction IntraSlab">
      <complexFaultGeometry>
        <faultTopEdge>
          <gml:LineString>
            <gml:posList>
            -61.545 15.695 160.0 
            -61.478 15.581 160.0 
            -61.436 15.503 160.0 
            -61.350 15.345 160.0 
            -61.276 15.046 160.0 
            -61.173 14.795 160.0 
            -61.119 14.54 160.0 
            -61.129 14.308 160.0
            </gml:posList>
          </gml:LineString>
        </faultTopEdge>
        <faultBottomEdge>
          <gml:LineString>
            <gml:posList>
            -62.262 15.844 210.0
            -62.239 15.753 210.0
            -62.113 15.496 210.0
            -61.931 15.095 210.0
            -61.875 14.917 210.0 
            </gml:posList>
          </gml:LineString>
        </faultBottomEdge>
      </complexFaultGeometry>
      <magScaleRel>WC1994</magScaleRel>
      <ruptAspectRatio>1.0</ruptAspectRatio>
      <truncGutenbergRichterMFD aValue="2.86" bValue="0.89" maxMag="7.75" minMag="4.0"/>
      <rake>90.0</rake>
    </complexFaultSource>
    <complexFaultSource id="31" name="MAR2" tectonicRegion="Subduction IntraSlab">
      <complexFaultGeometry>
        <faultTopEdge>
          <gml:LineString>
            <gml:posList>
            -61.016 15.576 60.0 
            -60.980 15.517 60.0 
            -60.895 15.384 60.0 
            -60.827 15.289 60.0 
            -60.756 15.185 60.0 
            -60.695 15.040 60.0 
            -60.645 14.951 60.0 
            -60.626 14.837 60.0 
            -60.652 14.551 60.0 
            -60.662 14.394 60.0 
            -60.666 14.125 60.0 
            -60.700 13.961 60.0
            </gml:posList>
          </gml:LineString>
        </faultTopEdge>
        <faultBottomEdge>
          <gml:LineString>
            <gml:posList>
            -61.545 15.695 160.0
            -61.478 15.581 160.0 
            -61.35 15.345 160.0 
            -61.276 15.046 160.0 
            -61.173 14.795 160.0 
            -61.119 14.54 160.0 
            -61.129 14.308 160.0 
            </gml:posList>
          </gml:LineString>
        </faultBottomEdge>
      </complexFaultGeometry>
      <magScaleRel>WC1994</magScaleRel>
      <ruptAspectRatio>1.0</ruptAspectRatio>
      <truncGutenbergRichterMFD aValue="4.44" bValue="1.06" maxMag="7.75" minMag="4.0"/>
      <rake>90.0</rake>
    </complexFaultSource>
    <complexFaultSource id="32" name="MAR3" tectonicRegion="Subduction Interface">
      <complexFaultGeometry>
        <faultTopEdge>
          <gml:LineString>
            <gml:posList>
            -59.532 15.257 30.0 
            -59.514 14.936 30.0 
            -59.514 14.735 30.0 
            -59.489 14.565 30.0 
            -59.401 14.237 30.0 
            -59.379 14.047 30.0 
            -59.375 13.942 30.0 
            -59.374 13.83 30.0 
            -59.381 13.718 30.0 
            -59.373 13.529 30.0 
            -59.389 13.349 30.0 
            -59.451 12.944 30.0
            </gml:posList>
          </gml:LineString>
        </faultTopEdge>
        <faultBottomEdge>
          <gml:LineString>
            <gml:posList>
            -61.016 15.576 60.0
            -60.980 15.517 60.0 
            -60.895 15.384 60.0 
            -60.827 15.289 60.0 
            -60.756 15.185 60.0 
            -60.695 15.040 60.0 
            -60.645 14.951 60.0 
            -60.626 14.837 60.0 
            -60.652 14.551 60.0 
            -60.662 14.394 60.0 
            -60.666 14.125 60.0 
            -60.699 13.961 60.0 
            </gml:posList>
          </gml:LineString>
        </faultBottomEdge>
      </complexFaultGeometry>
      <magScaleRel>WC1994</magScaleRel>
      <ruptAspectRatio>1.0</ruptAspectRatio>
      <truncGutenbergRichterMFD aValue="3.5" bValue="0.86" maxMag="7.75" minMag="4.0"/>
      <rake>90.0</rake>
    </complexFaultSource>
    <complexFaultSource id="33" name="MONT1" tectonicRegion="Subduction IntraSlab">
      <complexFaultGeometry>
        <faultTopEdge>
          <gml:LineString>
            <gml:posList>
            -63.102 17.483 160.0
            -62.804 17.231 160.0
            -62.484 16.93 160.0 
            -62.339 16.763 160.0
            -62.124 16.541 160.0
            </gml:posList>
          </gml:LineString>
        </faultTopEdge>
        <faultBottomEdge>
          <gml:LineString>
            <gml:posList>
            -63.634 17.020 210.0
            -63.437 16.858 210.0 
            -63.231 16.675 210.0 
            -63.106 16.589 210.0 
            -63.038 16.519 210.0 
            -62.951 16.446 210.0 
            -62.845 16.363 210.0 
            -62.759 16.303 210.0 
            -62.666 16.225 210.0 
            -62.605 16.165 210.0 
            </gml:posList>
          </gml:LineString>
        </faultBottomEdge>
      </complexFaultGeometry>
      <magScaleRel>WC1994</magScaleRel>
      <ruptAspectRatio>1.0</ruptAspectRatio>
      <truncGutenbergRichterMFD aValue="2.86" bValue="0.89" maxMag="7.15" minMag="4.0"/>
      <rake>90.0</rake>
    </complexFaultSource>
    <complexFaultSource id="34" name="MONT2" tectonicRegion="Subduction IntraSlab">
      <complexFaultGeometry>
        <faultTopEdge>
          <gml:LineString>
            <gml:posList>
            -62.687 17.837 60.0
            -62.521 17.72 60.0 
            -62.221 17.486 60.0 
            -61.906 17.192 60.0 
            -61.707 16.967 60.0 
            -61.671 16.887 60.0
            </gml:posList>
          </gml:LineString>
        </faultTopEdge>
        <faultBottomEdge>
          <gml:LineString>
            <gml:posList>
            -63.102 17.483 160.0
            -62.804 17.231 160.0 
            -62.484 16.930 160.0 
            -62.339 16.763 160.0 
            -62.124 16.541 160.0 
            </gml:posList>
          </gml:LineString>
        </faultBottomEdge>
      </complexFaultGeometry>
      <magScaleRel>WC1994</magScaleRel>
      <ruptAspectRatio>1.0</ruptAspectRatio>
      <truncGutenbergRichterMFD aValue="4.08" bValue="1.01" maxMag="8.0" minMag="4.0"/>
      <rake>90.0</rake>
    </complexFaultSource>
    <complexFaultSource id="35" name="MONT3" tectonicRegion="Subduction Interface">
      <complexFaultGeometry>
        <faultTopEdge>
          <gml:LineString>
            <gml:posList>
            -61.867 18.545 30.0 
            -61.681 18.389 30.0 
            -61.615 18.304 30.0 
            -61.476 18.191 30.0 
            -61.403 18.121 30.0 
            -61.297 18.008 30.0 
            -61.211 17.939 30.0 
            -61.114 17.817 30.0 
            -61.023 17.713 30.0 
            -60.930 17.614 30.0 
            -60.865 17.509 30.0
            </gml:posList>
          </gml:LineString>
        </faultTopEdge>
        <faultBottomEdge>
          <gml:LineString>
            <gml:posList>
            -62.687 17.837 60.0
            -62.521 17.72 60.0 
            -62.221 17.486 60.0 
            -61.906 17.192 60.0 
            -61.707 16.967 60.0 
            -61.671 16.887 60.0 
            </gml:posList>
          </gml:LineString>
        </faultBottomEdge>
      </complexFaultGeometry>
      <magScaleRel>WC1994</magScaleRel>
      <ruptAspectRatio>1.0</ruptAspectRatio>
      <truncGutenbergRichterMFD aValue="4.01" bValue="0.94" maxMag="7.9" minMag="4.0"/>
      <rake>90.0</rake>
    </complexFaultSource>
    <complexFaultSource id="36" name="SMA1" tectonicRegion="Subduction IntraSlab">
      <complexFaultGeometry>
        <faultTopEdge>
          <gml:LineString>
            <gml:posList>
            -64.690 18.000 160.0
            -63.958 17.845 160.0
            -63.771 17.766 160.0
            -63.102 17.483 160.0
            </gml:posList>
          </gml:LineString>
        </faultTopEdge>
        <faultBottomEdge>
          <gml:LineString>
            <gml:posList>
            -64.690 17.999 161.0            
            -64.157 17.492 210.0
            -63.992 17.327 210.0 
            -63.990 17.319 210.0             
            -63.732 17.117 210.0 
            -63.634 17.020 210.0 
            </gml:posList>
          </gml:LineString>
        </faultBottomEdge>
      </complexFaultGeometry>
      <magScaleRel>WC1994</magScaleRel>
      <ruptAspectRatio>1.0</ruptAspectRatio>
      <truncGutenbergRichterMFD aValue="2.25" bValue="0.89" maxMag="6.05" minMag="4.0"/>
      <rake>90.0</rake>
    </complexFaultSource>
    <complexFaultSource id="37" name="SMA2" tectonicRegion="Subduction IntraSlab">
      <complexFaultGeometry>
        <faultTopEdge>
          <gml:LineString>
            <gml:posList>
            -64.000 18.500 60.0
            -63.829 18.451 60.0
            -63.717 18.417 60.0
            -63.512 18.362 60.0
            -63.388 18.312 60.0 
            -63.212 18.214 60.0 
            -63.045 18.084 60.0 
            -62.790 17.910 60.0             
            -62.687 17.837 60.0
            </gml:posList>
          </gml:LineString>
        </faultTopEdge>
        <faultBottomEdge>
          <gml:LineString>
            <gml:posList>
            -64.690 18.000 160.0
            -63.958 17.845 160.0 
            -63.102 17.483 160.0 
            </gml:posList>
          </gml:LineString>
        </faultBottomEdge>
      </complexFaultGeometry>
      <magScaleRel>WC1994</magScaleRel>
      <ruptAspectRatio>1.0</ruptAspectRatio>
      <truncGutenbergRichterMFD aValue="4.59" bValue="1.22" maxMag="6.05" minMag="4.0"/>
      <rake>90.0</rake>
    </complexFaultSource>
    <complexFaultSource id="38" name="SMA3" tectonicRegion="Subduction Interface">
      <complexFaultGeometry>
        <faultTopEdge>
          <gml:LineString>
            <gml:posList>
            -62.875 19.197 30.0
            -62.728 19.134 30.0 
            -62.447 18.980 30.0 
            -62.248 18.850 30.0 
            -62.151 18.763 30.0 
            -62.013 18.660 30.0 
            -61.867 18.545 30.0
            </gml:posList>
          </gml:LineString>
        </faultTopEdge>
        <faultBottomEdge>
          <gml:LineString>
            <gml:posList>
            -64.000 18.500 60.0
            -63.829 18.451 60.0 
            -63.717 18.417 60.0 
            -63.512 18.362 60.0 
            -63.388 18.312 60.0 
            -63.212 18.214 60.0 
            -63.045 18.084 60.0 
            -62.790 17.910 60.0 
            -62.687 17.837 60.0 
            </gml:posList>
          </gml:LineString>
        </faultBottomEdge>
      </complexFaultGeometry>
      <magScaleRel>WC1994</magScaleRel>
      <ruptAspectRatio>1.0</ruptAspectRatio>
      <truncGutenbergRichterMFD aValue="4.86" bValue="1.17" maxMag="6.75" minMag="4.0"/>
      <rake>90.0</rake>
    </complexFaultSource>
    <complexFaultSource id="39" name="SVI1" tectonicRegion="Subduction IntraSlab">
      <complexFaultGeometry>
        <faultTopEdge>
          <gml:LineString>
            <gml:posList>
            -61.129 14.308 160.0 
            -61.123 14.280 160.0 
            -61.114 14.017 160.0 
            -61.137 13.828 160.0 
            -61.153 13.729 160.0 
            -61.167 13.657 160.0 
            -61.226 13.458 160.0 
            -61.291 13.266 160.0 
            -61.410 12.936 160.0 
            -61.455 12.819 160.0 
            -61.490 12.771 160.0 
            -61.670 12.486 160.0 
            -61.773 12.343 160.0
            </gml:posList>
          </gml:LineString>
        </faultTopEdge>
        <faultBottomEdge>
          <gml:LineString>
            <gml:posList>
            -61.875 14.917 210.0 
            -61.901 14.806 210.0 
            -61.941 14.387 210.0 
            -61.981 14.087 210.0 
            -62.006 13.797 210.0 
            -62.145 12.5 210.0
            </gml:posList>
          </gml:LineString>
        </faultBottomEdge>
      </complexFaultGeometry>
      <magScaleRel>WC1994</magScaleRel>
      <ruptAspectRatio>1.0</ruptAspectRatio>
      <truncGutenbergRichterMFD aValue="3.03" bValue="0.89" maxMag="7.75" minMag="4.0"/>
      <rake>90.0</rake>
    </complexFaultSource>
    <complexFaultSource id="40" name="SVI2" tectonicRegion="Subduction IntraSlab">
      <complexFaultGeometry>
        <faultTopEdge>
          <gml:LineString>
            <gml:posList>
            -60.700 13.961 60.0 
            -60.713 13.900 60.0 
            -60.853 13.399 60.0 
            -60.922 13.225 60.0 
            -61.025 12.883 60.0 
            -61.124 12.583 60.0 
            -61.176 12.457 60.0 
            -61.290 12.259 60.0 
            -61.358 12.169 60.0
            </gml:posList>
          </gml:LineString>
        </faultTopEdge>
        <faultBottomEdge>
          <gml:LineString>
            <gml:posList>
            -61.129 14.308 160.0
            -61.123 14.28 160.0 
            -61.114 14.017 160.0 
            -61.137 13.828 160.0 
            -61.153 13.729 160.0 
            -61.167 13.657 160.0 
            -61.226 13.458 160.0 
            -61.291 13.266 160.0 
            -61.410 12.936 160.0 
            -61.455 12.819 160.0 
            -61.49 12.771 160.0 
            -61.67 12.486 160.0 
            -61.773 12.343 160.0 
            </gml:posList>
          </gml:LineString>
        </faultBottomEdge>
      </complexFaultGeometry>
      <magScaleRel>WC1994</magScaleRel>
      <ruptAspectRatio>1.0</ruptAspectRatio>
      <truncGutenbergRichterMFD aValue="2.97" bValue="0.8" maxMag="7.55" minMag="4.0"/>
      <rake>90.0</rake>
    </complexFaultSource>
    <complexFaultSource id="41" name="SVI3" tectonicRegion="Subduction Interface">
      <complexFaultGeometry>
        <faultTopEdge>
          <gml:LineString>
            <gml:posList>
            -59.451 12.944 30.0 
            -59.618 12.565 30.0 
            -59.739 12.264 30.0 
            -59.823 12.036 30.0 
            -59.911 11.841 30.0 
            -60.026 11.607 30.0
            </gml:posList>
          </gml:LineString>
        </faultTopEdge>
        <faultBottomEdge>
          <gml:LineString>
            <gml:posList>
            -60.700 13.961 60.0
            -60.713 13.900 60.0 
            -60.853 13.399 60.0 
            -60.922 13.225 60.0 
            -61.025 12.883 60.0 
            -61.124 12.583 60.0 
            -61.176 12.457 60.0 
            -61.290 12.259 60.0 
            -61.358 12.169 60.0 
            </gml:posList>
          </gml:LineString>
        </faultBottomEdge>
      </complexFaultGeometry>
      <magScaleRel>WC1994</magScaleRel>
      <ruptAspectRatio>1.0</ruptAspectRatio>
      <truncGutenbergRichterMFD aValue="3.1" bValue="0.81" maxMag="7.85" minMag="4.0"/>
      <rake>90.0</rake>
    </complexFaultSource>
  </sourceModel>
</nrml>
